Formulation Index,Time,predicted release,measured release,predicted is Low,predicted is Medium,predicted is High,crisp label,graded
1,0.0,0.010164025239646435,0.0,1.0,0.0,0.0,Low,False
1,1.88976377952756,0.07873644679784775,0.0626223091976516,1.0,0.0,0.0,Low,False
1,7.18110236220472,0.26182836294174194,0.0567514677103717,1.0,0.0,0.0,Low,False
1,13.9842519685039,0.4406448304653168,0.0587084148727985,0.3561,0.6439,0.0,Medium,True
1,27.9685039370078,0.8373774886131287,0.0587084148727985,0.0,0.0,1.0,High,False
1,48.755905511811,0.9832682609558105,0.0489236790606653,0.0,0.0,1.0,High,False
1,62.7401574803149,0.9946200847625732,0.0450097847358121,0.0,0.0,1.0,High,False
1,69.5433070866141,0.9946200847625732,0.0450097847358121,0.0,0.0,1.0,High,False
1,76.7244094488189,1.027513027191162,0.0469667318982387,0.0,0.0,1.0,High,False
1,107.71653543307,1.045828104019165,0.0821917808219178,0.0,0.0,1.0,High,False
1,143.622047244094,1.0599513053894043,0.0998043052837572,0.0,0.0,1.0,High,False
1,164.031496062992,1.0599513053894043,0.217221135029354,0.0,0.0,1.0,High,False
1,179.905511811023,1.0599513053894043,0.598825831702544,0.0,0.0,1.0,High,False
1,193.889763779527,1.0599513053894043,0.818003913894324,0.0,0.0,1.0,High,False
1,219.968503937007,1.0599513053894043,0.917808219178082,0.0,0.0,1.0,High,False
1,237.732283464566,1.0599513053894043,0.917808219178082,0.0,0.0,1.0,High,False
2,0.0,0.0355309434235096,0.0,1.0,0.0,0.0,Low,False
2,0.991911348769296,0.3894382417201996,0.575135495786455,0.6634,0.3366,0.0,Medium,True
2,2.00354875672644,0.559691846370697,0.698655436995063,0.0,0.6418,0.3582,Medium,True
2,3.04961007189375,0.6193315982818604,0.77915999864625,0.0,0.284,0.716,Medium,True
2,5.03217571664096,0.7085111737251282,0.894484922618731,0.0,0.0,1.0,High,False
2,7.01242064854254,0.7329811453819275,0.945294029482722,0.0,0.0,1.0,High,False
2,9.99830781355006,0.7588937878608704,0.952957216691727,0.0,0.0,1.0,High,False
2,14.0280322772478,0.8031687140464783,0.979297307489617,0.0,0.0,1.0,High,False
2,18.0212055136269,0.8244805335998535,0.989513278828813,0.0,0.0,1.0,High,False
2,20.0356809600015,0.8189722895622253,0.99193068804301,0.0,0.0,1.0,High,False
3,0.0,-0.05977490916848183,0.0,1.0,0.0,0.0,Low,False
3,1.0135713353285,0.14805786311626434,0.177283122132348,1.0,0.0,0.0,Low,False
3,2.02230785222861,0.21188579499721527,0.220158291955345,1.0,0.0,0.0,Low,False
3,2.9982643001842,0.21598085761070251,0.351747545120943,1.0,0.0,0.0,Low,False
3,5.01805804683005,0.3679753839969635,0.502013701875426,0.7921,0.2079,0.0,Medium,True
3,7.03630465157881,0.4785151779651642,0.609269313890916,0.1289,0.8711,0.0,Medium,True
3,10.0301209188088,0.5631498098373413,0.837361542887257,0.0,0.6211,0.3789,Medium,True
3,13.9903206935063,0.6196848154067993,0.930915279476679,0.0,0.2819,0.7181,Medium,True
3,18.0199484608355,0.6408818364143372,0.954567211228382,0.0,0.1547,0.8453,Medium,True
3,20.0350040854215,0.6407318711280823,0.973113574719701,0.0,0.1556,0.8444,Medium,True
4,0.0,-0.05481405928730965,0.0,1.0,0.0,0.0,Low,False
4,0.97440930605851,0.1324012577533722,0.0885787084266049,1.0,0.0,0.0,Low,False
4,1.98275903748434,0.1844077706336975,0.120701242064854,1.0,0.0,0.0,Low,False
4,2.99420305270435,0.2035396546125412,0.238844865181088,1.0,0.0,0.0,Low,False
4,4.97773566113724,0.3196769654750824,0.381051379615438,1.0,0.0,0.0,Low,False
4,6.99743271141452,0.48965418338775635,0.528629377323734,0.0621,0.9379,0.0,Medium,True
4,10.0323449352859,0.5709308385848999,0.899189200949558,0.0,0.5744,0.4256,Medium,True
4,13.9921579245091,0.6284894943237305,0.981990301354232,0.0,0.2291,0.7709,Medium,True
4,18.0566930808913,0.6722083687782288,0.97606764877945,0.0,0.0,1.0,High,False
4,20.0357776563701,0.6720584034919739,0.994618847089197,0.0,0.0,1.0,High,False
5,0.0,-0.06546711176633835,0.0,1.0,0.0,0.0,Low,False
5,1.00941339148008,0.11364621669054031,0.0616922831463062,1.0,0.0,0.0,Low,False
5,1.98179207379866,0.15549930930137634,0.0938196516029843,1.0,0.0,0.0,Low,False
5,2.9928493035444,0.17512767016887665,0.201210638534469,1.0,0.0,0.0,Low,False
5,5.01215956834741,0.3330005705356598,0.338036000058017,1.0,0.0,0.0,Low,False
5,6.99656244409741,0.44844064116477966,0.504435945908051,0.3094,0.6906,0.0,Medium,True
5,10.0664787533904,0.5366760492324829,0.848109344253576,0.0,0.7799,0.2201,Medium,True
5,14.0629396663008,0.5931696891784668,0.949722723163131,0.0,0.441,0.559,Medium,True
5,18.0195616753612,0.6393409967422485,0.943814575043634,0.0,0.164,0.836,Medium,True
5,20.0350040854215,0.6391910314559937,0.973113574719701,0.0,0.1649,0.8351,Medium,True
6,0.0,0.017326725646853447,0.0,1.0,0.0,0.0,Low,False
6,1.05219746745273,0.2953570485115051,0.148541114058355,1.0,0.0,0.0,Low,False
6,2.10959687321329,0.43968522548675537,0.19893899204244,0.3619,0.6381,0.0,Medium,True
6,3.06042684012709,0.46330878138542175,0.259946949602121,0.2201,0.7799,0.0,Medium,True
6,5.06893739865593,0.5275718569755554,0.36604774535809,0.0,0.8346,0.1654,Medium,True
6,7.08054100158401,0.5736339688301086,0.413793103448275,0.0,0.5582,0.4418,Medium,True
6,10.0933068393772,0.6088044047355652,0.572944297082228,0.0,0.3472,0.6528,Medium,True
6,14.002493181243,0.7122494578361511,0.819628647214854,0.0,0.0,1.0,High,False
6,18.0280904668622,0.7783769369125366,0.870026525198939,0.0,0.0,1.0,High,False
6,20.9401917687527,0.7889247536659241,0.928381962864721,0.0,0.0,1.0,High,False
6,23.9590031024172,0.8135650753974915,0.973474801061008,0.0,0.0,1.0,High,False
6,27.88056162188,0.8392418622970581,0.986737400530504,0.0,0.0,1.0,High,False
6,29.9469964664311,0.8485198616981506,1.0,0.0,0.0,1.0,High,False
7,0.0,-0.06820042431354523,0.0,1.0,0.0,0.0,Low,False
7,1.05768059161503,0.08576621115207672,0.0450928381962865,1.0,0.0,0.0,Low,False
7,2.06418535771527,0.16538794338703156,0.0557029177718833,1.0,0.0,0.0,Low,False
7,3.06998715917931,0.17221562564373016,0.079575596816976,1.0,0.0,0.0,Low,False
7,5.02788426390229,0.291707307100296,0.140583554376657,1.0,0.0,0.0,Low,False
7,7.03990964561209,0.37561336159706116,0.180371352785145,0.7463,0.2537,0.0,Medium,True
7,10.1089126543007,0.46400541067123413,0.278514588859416,0.216,0.784,0.0,Medium,True
7,14.0218950052019,0.5644211173057556,0.453580901856764,0.0,0.6135,0.3865,Medium,True
7,17.9828195442914,0.6266832947731018,0.724137931034482,0.0,0.2399,0.7601,Medium,True
7,20.9434254060792,0.6407797336578369,0.867374005305039,0.0,0.1553,0.8447,Medium,True
7,24.0165056096578,0.67486572265625,0.888594164456233,0.0,0.0,1.0,High,False
7,27.9888181758536,0.7111006379127502,0.944297082228116,0.0,0.0,1.0,High,False
7,29.9469964664311,0.7217952609062195,1.0,0.0,0.0,1.0,High,False
8,0.0,-0.03664637729525566,0.0,1.0,0.0,0.0,Low,False
8,1.05880533503294,0.09962055087089539,0.0238726790450927,1.0,0.0,0.0,Low,False
8,2.11817304177484,0.15786084532737732,0.0371352785145888,1.0,0.0,0.0,Low,False
8,3.07097130966998,0.16684766113758087,0.0610079575596815,1.0,0.0,0.0,Low,False
8,5.08426202772492,0.29790300130844116,0.0769230769230768,1.0,0.0,0.0,Low,False
8,7.04412743342925,0.39449286460876465,0.100795755968169,0.633,0.367,0.0,Medium,True
8,10.061954616603,0.48588839173316956,0.16445623342175,0.0847,0.9153,0.0,Medium,True
8,14.0234415274015,0.5902688503265381,0.424403183023872,0.0,0.4584,0.5416,Medium,True
8,18.0341359627335,0.6792687773704529,0.755968169761273,0.0,0.0,1.0,High,False
8,20.9930547093944,0.6883164644241333,0.93103448275862,0.0,0.0,1.0,High,False
8,23.9597060670534,0.7240021824836731,0.960212201591512,0.0,0.0,1.0,High,False
8,27.9331433766672,0.7625848650932312,0.994694960212201,0.0,0.0,1.0,High,False
8,29.9469964664311,0.7712013125419617,1.0,0.0,0.0,1.0,High,False
9,0.0,-0.04122379794716835,0.0,1.0,0.0,0.0,Low,False
9,1.11223064738356,0.09353456646203995,0.0159151193633952,1.0,0.0,0.0,Low,False
9,2.11873541348379,0.15707722306251526,0.026525198938992,1.0,0.0,0.0,Low,False
9,3.07237723894236,0.16578742861747742,0.0344827586206895,1.0,0.0,0.0,Low,False
9,5.03294560928288,0.2968426048755646,0.0450928381962865,1.0,0.0,0.0,Low,False
9,7.09909926797949,0.3910254240036011,0.0636604774535809,0.6538,0.3462,0.0,Medium,True
9,10.061954616603,0.48618239164352417,0.16445623342175,0.0829,0.9171,0.0,Medium,True
9,13.9697350291964,0.5872415900230408,0.437665782493368,0.0,0.4766,0.5234,Medium,True
9,17.9811324291646,0.6764054298400879,0.755968169761273,0.0,0.0,1.0,High,False
9,20.9933358952488,0.6800512075424194,0.925729442970822,0.0,0.0,1.0,High,False
9,23.9057183829938,0.7138403654098511,0.978779840848806,0.0,0.0,1.0,High,False
9,27.9334245625216,0.7550274729728699,0.989389920424403,0.0,0.0,1.0,High,False
9,29.9469964664311,0.7692916989326477,1.0,0.0,0.0,1.0,High,False
10,0.0,-0.021010227501392365,0.0,1.0,0.0,0.0,Low,False
10,1.06943425125243,0.19563430547714233,0.0614250614250615,1.0,0.0,0.0,Low,False
10,2.04050863141772,0.2477705329656601,0.152334152334152,1.0,0.0,0.0,Low,False
10,3.04133826861099,0.26452192664146423,0.326781326781327,1.0,0.0,0.0,Low,False
10,5.01818820000638,0.4056679308414459,0.439803439803439,0.566,0.434,0.0,Medium,True
10,6.98682153227607,0.5170769691467285,0.805896805896806,0.0,0.8975,0.1025,Medium,True
10,10.0012763649127,0.6018573045730591,0.96068796068796,0.0,0.3889,0.6111,Medium,True
10,12.9554229554229,0.644676148891449,0.972972972972973,0.0,0.1319,0.8681,Medium,True
10,15.0007179552634,0.6455667614936829,0.977886977886978,0.0,0.1266,0.8734,Medium,True
10,17.9547050001595,0.6799140572547913,0.995085995085995,0.0,0.0,1.0,High,False
10,19.9676122403395,0.6844661831855774,0.997542997542997,0.0,0.0,1.0,High,False
11,0.0,-0.038002919405698776,0.0,1.0,0.0,0.0,Low,False
11,1.03640830913558,0.15282347798347473,0.0786240786240788,1.0,0.0,0.0,Low,False
11,2.04018954018954,0.21687211096286774,0.162162162162162,1.0,0.0,0.0,Low,False
11,3.04237531510258,0.22948698699474335,0.294840294840295,1.0,0.0,0.0,Low,False
11,5.01938479211206,0.3703688085079193,0.402948402948403,0.7778,0.2222,0.0,Medium,True
11,6.95642809279173,0.43777915835380554,0.742014742014742,0.3733,0.6267,0.0,Medium,True
11,9.83790165608347,0.5643026232719421,0.992628992628992,0.0,0.6142,0.3858,Medium,True
11,12.987172532627,0.6095617413520813,0.995085995085995,0.0,0.3426,0.6574,Medium,True
11,14.9676920131465,0.6272342205047607,0.995085995085995,0.0,0.2366,0.7634,Medium,True
11,17.9544656817384,0.6565715074539185,1.002457002457,0.0,0.0606,0.9394,Medium,True
11,19.9673729219183,0.6564215421676636,1.004914004914,0.0,0.0615,0.9385,Medium,True
12,0.0,0.02563151903450489,0.0,1.0,0.0,0.0,Low,False
12,1.00162736526372,0.24173949658870697,0.149877149877149,1.0,0.0,0.0,Low,False
12,2.03739749194294,0.2930597960948944,0.248157248157248,1.0,0.0,0.0,Low,False
12,3.00639777912505,0.3062889277935028,0.402948402948403,1.0,0.0,0.0,Low,False
12,4.98268930087112,0.40168336033821106,0.533169533169533,0.5899,0.4101,0.0,Medium,True
12,6.98570471297744,0.5475490689277649,0.84029484029484,0.0,0.7147,0.2853,Medium,True
12,10.0002393184211,0.6294785141944885,0.992628992628992,0.0,0.2231,0.7769,Medium,True
12,12.922237467692,0.6815373301506042,0.995085995085995,0.0,0.0,1.0,High,False
12,14.9676122403395,0.712982714176178,0.997542997542997,0.0,0.0,1.0,High,False
12,17.9543061361243,0.7632685303688049,1.007371007371,0.0,0.0,1.0,High,False
12,19.9672133763042,0.7844540476799011,1.00982800982801,0.0,0.0,1.0,High,False
13,0.0,-0.031206980347633362,0.0,1.0,0.0,0.0,Low,False
13,1.0182201091292,0.21884682774543762,0.638820638820639,1.0,0.0,0.0,Low,False
13,2.02391588755225,0.3292069137096405,0.663390663390663,1.0,0.0,0.0,Low,False
13,3.02913302913303,0.339201420545578,0.702702702702702,0.9648,0.0352,0.0,Medium,True
13,5.00733909824819,0.46154335141181946,0.773955773955774,0.2307,0.7693,0.0,Medium,True
13,6.98466766648585,0.5121977925300598,0.872235872235872,0.0,0.9268,0.0732,Medium,True
13,10.0026325026325,0.5827592611312866,0.918918918918919,0.0,0.5034,0.4966,Medium,True
13,12.9560611378793,0.6290640830993652,0.953316953316953,0.0,0.2256,0.7744,Medium,True
13,14.968489741217,0.6488529443740845,0.97051597051597,0.0,0.1069,0.8931,Medium,True
13,17.9547847729665,0.6602799296379089,0.992628992628992,0.0,0.0383,0.9617,Medium,True
13,19.9675324675324,0.6647869944572449,1.0,0.0,0.0113,0.9887,Medium,True
14,0.0,-0.005472496617585421,0.0,1.0,0.0,0.0,Low,False
14,1.02564102564102,0.10032079368829727,0.0231958762886597,1.0,0.0,0.0,Low,False
14,2.05128205128205,0.16576488316059113,0.0360824742268039,1.0,0.0,0.0,Low,False
14,3.02564102564102,0.1784006953239441,0.0489690721649485,1.0,0.0,0.0,Low,False
14,5.02564102564102,0.29955166578292847,0.0541237113402062,1.0,0.0,0.0,Low,False
14,7.02564102564102,0.4328184127807617,0.105670103092783,0.4031,0.5969,0.0,Medium,True
14,10.0,0.5415958762168884,0.45360824742268,0.0,0.7504,0.2496,Medium,True
14,13.025641025641,0.6579467058181763,0.706185567010309,0.0,0.0523,0.9477,Medium,True
14,14.9743589743589,0.6713249683380127,0.81701030927835,0.0,0.0,1.0,High,False
14,18.0,0.7408349514007568,0.956185567010309,0.0,0.0,1.0,High,False
14,20.9230769230769,0.7432702779769897,0.974226804123711,0.0,0.0,1.0,High,False
14,24.9230769230769,0.8135992884635925,0.981958762886597,0.0,0.0,1.0,High,False
14,27.9487179487179,0.8197798728942871,0.987113402061855,0.0,0.0,1.0,High,False
14,29.9487179487179,0.8283963203430176,1.00515463917525,0.0,0.0,1.0,High,False
15,0.0,-0.045999933034181595,0.0,1.0,0.0,0.0,Low,False
15,1.07692307692307,0.051448848098516464,0.0283505154639174,1.0,0.0,0.0,Low,False
15,2.0,0.0841984748840332,0.038659793814433,1.0,0.0,0.0,Low,False
15,2.97435897435897,0.0963556170463562,0.0592783505154639,1.0,0.0,0.0,Low,False
15,4.97435897435897,0.1827012002468109,0.0824742268041238,1.0,0.0,0.0,Low,False
15,6.92307692307692,0.28911495208740234,0.15721649484536,1.0,0.0,0.0,Low,False
15,10.0,0.41252079606056213,0.404639175257731,0.5249,0.4751,0.0,Medium,True
15,12.9230769230769,0.498976469039917,0.600515463917525,0.0061,0.9939,0.0,Medium,True
15,14.9743589743589,0.5278129577636719,0.721649484536082,0.0,0.8331,0.1669,Medium,True
15,17.9487179487179,0.5920621752738953,0.886597938144329,0.0,0.4476,0.5524,Medium,True
15,20.9743589743589,0.6049374341964722,0.943298969072164,0.0,0.3704,0.6296,Medium,True
15,24.9743589743589,0.6863464117050171,0.971649484536082,0.0,0.0,1.0,High,False
15,27.9487179487179,0.6947668790817261,0.989690721649484,0.0,0.0,1.0,High,False
15,29.8974358974359,0.7063049674034119,1.00257731958762,0.0,0.0,1.0,High,False
16,0.0,0.027967046946287155,0.0,1.0,0.0,0.0,Low,False
16,0.974358974358974,0.17032526433467865,0.0695876288659793,1.0,0.0,0.0,Low,False
16,2.0,0.2311963587999344,0.0850515463917525,1.0,0.0,0.0,Low,False
16,3.07692307692307,0.2391633540391922,0.136597938144329,1.0,0.0,0.0,Low,False
16,5.02564102564102,0.3575893044471741,0.224226804123711,0.8545,0.1455,0.0,Medium,True
16,7.02564102564102,0.4489593207836151,0.350515463917525,0.3062,0.6938,0.0,Medium,True
16,10.0,0.5378103852272034,0.541237113402061,0.0,0.7731,0.2269,Medium,True
16,12.9230769230769,0.6349292397499084,0.711340206185566,0.0,0.1904,0.8096,Medium,True
16,14.9743589743589,0.6750278472900391,0.796391752577319,0.0,0.0,1.0,High,False
16,18.0,0.7615714073181152,0.922680412371134,0.0,0.0,1.0,High,False
16,20.9230769230769,0.796158492565155,0.95360824742268,0.0,0.0,1.0,High,False
16,24.9230769230769,0.8694494366645813,0.981958762886597,0.0,0.0,1.0,High,False
16,27.9487179487179,0.8800119757652283,0.992268041237113,0.0,0.0,1.0,High,False
16,29.9487179487179,0.8866930603981018,1.00515463917525,0.0,0.0,1.0,High,False
17,0.0,-0.029216835275292397,0.0,1.0,0.0,0.0,Low,False
17,1.07692307692307,0.1413910835981369,0.404639175257731,1.0,0.0,0.0,Low,False
17,2.05128205128205,0.21114084124565125,0.432989690721649,1.0,0.0,0.0,Low,False
17,3.02564102564102,0.21305343508720398,0.471649484536082,1.0,0.0,0.0,Low,False
17,5.02564102564102,0.31228238344192505,0.505154639175257,1.0,0.0,0.0,Low,False
17,6.97435897435897,0.3921877443790436,0.600515463917525,0.6469,0.3531,0.0,Medium,True
17,10.0,0.4775872528553009,0.713917525773195,0.1345,0.8655,0.0,Medium,True
17,13.025641025641,0.5601289868354797,0.780927835051546,0.0,0.6392,0.3608,Medium,True
17,14.9743589743589,0.5868396759033203,0.829896907216494,0.0,0.479,0.521,Medium,True
17,17.9487179487179,0.633926510810852,0.889175257731958,0.0,0.1964,0.8036,Medium,True
17,20.9743589743589,0.6542432904243469,0.922680412371134,0.0,0.0745,0.9255,Medium,True
17,24.9743589743589,0.7480326294898987,0.974226804123711,0.0,0.0,1.0,High,False
17,27.9487179487179,0.7636359930038452,0.987113402061855,0.0,0.0,1.0,High,False
17,29.9487179487179,0.7724719047546387,0.999999999999999,0.0,0.0,1.0,High,False
18,0.0,-0.05685717985033989,0.0,1.0,0.0,0.0,Low,False
18,2.02166064981949,0.2411579191684723,0.0238017512865811,1.0,0.0,0.0,Low,False
18,3.10469314079422,0.24167859554290771,0.0343680390198939,1.0,0.0,0.0,Low,False
18,4.98194945848375,0.3395433723926544,0.0395623703817495,0.9627,0.0373,0.0,Medium,True
18,7.00361010830324,0.4726489186286926,0.0500662493279053,0.1641,0.8359,0.0,Medium,True
18,10.0361010830324,0.5571235418319702,0.0631624932790535,0.0,0.6573,0.3427,Medium,True
18,12.9963898916967,0.6071754693984985,0.0815826868423073,0.0,0.3569,0.6431,Medium,True
18,14.9458483754512,0.6319543719291687,0.0894317919963127,0.0,0.2083,0.7917,Medium,True
18,18.0505415162454,0.6612916588783264,0.107842384207696,0.0,0.0323,0.9677,Medium,True
18,21.0108303249097,0.6664658188819885,0.104985982026269,0.0,0.0012,0.9988,Medium,True
18,24.9819494584837,0.7268280982971191,0.139296412934941,0.0,0.0,1.0,High,False
18,28.0144404332129,0.7343732118606567,0.256116061141408,0.0,0.0,1.0,High,False
18,31.985559566787,0.7620366215705872,0.468617981411782,0.0,0.0,1.0,High,False
18,35.956678700361,0.7690890431404114,0.790162454873646,0.0,0.0,1.0,High,False
18,40.0,0.7798172831535339,0.949468085106383,0.0,0.0,1.0,High,False
19,0.0,0.031002139672636986,0.0,1.0,0.0,0.0,Low,False
19,1.05886218505802,0.33655086159706116,0.096514745308311,0.9807,0.0193,0.0,Medium,True
19,2.05239072567012,0.4241519272327423,0.112600536193029,0.4551,0.5449,0.0,Medium,True
19,3.11487197558083,0.4017942249774933,0.158176943699732,0.5892,0.4108,0.0,Medium,True
19,5.03164300782384,0.5147966742515564,0.179624664879356,0.0,0.9112,0.0888,Medium,True
19,7.01946199743808,0.566356360912323,0.201072386058981,0.0,0.6019,0.3981,Medium,True
19,10.0023333444444,0.6381137371063232,0.217158176943699,0.0,0.1713,0.8287,Medium,True
19,13.0560621717246,0.6216575503349304,0.235924932975871,0.0,0.2701,0.7299,Medium,True
19,14.9713093871875,0.6310763955116272,0.27882037533512,0.0,0.2135,0.7865,Medium,True
19,18.0957052176438,0.6020626425743103,0.302949061662198,0.0,0.3876,0.6124,Medium,True
19,20.9353377873227,0.6096777319908142,0.335120643431635,0.0,0.3419,0.6581,Medium,True
19,24.906785270406,0.6179891228675842,0.436997319034852,0.0,0.2921,0.7079,Medium,True
19,27.8843232586821,0.6429167985916138,0.528150134048257,0.0,0.1425,0.8575,Medium,True
19,31.923580588479,0.6320832371711731,0.675603217158177,0.0,0.2075,0.7925,Medium,True
19,35.8927423463921,0.6127623915672302,0.809651474530831,0.0,0.3234,0.6766,Medium,True
19,39.9359996952366,0.625296950340271,0.900804289544236,0.0,0.2482,0.7518,Medium,True
20,0.0,-0.01531742699444294,0.0,1.0,0.0,0.0,Low,False
20,0.981370444941035,0.26713794469833374,0.043138925149899,1.0,0.0,0.0,Low,False
20,1.96108148770936,0.30943813920021057,0.0574540345598157,1.0,0.0,0.0,Low,False
20,3.05711662278469,0.38896405696868896,0.0919308803681657,0.6662,0.3338,0.0,Medium,True
20,4.90021461601433,0.463832825422287,0.100399362789565,0.217,0.783,0.0,Medium,True
20,6.97695643516162,0.5208989381790161,0.166482288647476,0.0,0.8746,0.1254,Medium,True
20,10.0388853242471,0.6191608905792236,0.341980662433347,0.0,0.285,0.715,Medium,True
20,12.0114166869482,0.7095023989677429,0.598275328008496,0.0,0.0,1.0,High,False
20,15.0170918423789,0.7613334059715271,0.796833860654468,0.0,0.0,1.0,High,False
20,18.0763656879881,0.8879669308662415,0.926222979401287,0.0,0.0,1.0,High,False
20,21.0140053543376,0.9141039252281189,0.943231851671571,0.0,0.0,1.0,High,False
20,26.0821514702303,0.9458778500556946,0.960036064340553,0.0,0.0,1.0,High,False
20,30.0562537336548,0.9644212126731873,0.976945372480474,0.0,0.0,1.0,High,False
21,0.0,-0.01310651283711195,0.0,1.0,0.0,0.0,Low,False
21,0.481283422459893,0.27459147572517395,0.122908862135033,1.0,0.0,0.0,Low,False
21,0.989304812834224,0.356235533952713,0.19768461589789,0.8626,0.1374,0.0,Medium,True
21,1.97860962566844,0.42915400862693787,0.344567092758347,0.4251,0.5749,0.0,Medium,True
21,2.99465240641711,0.4777853488922119,0.502139990658392,0.1333,0.8667,0.0,Medium,True
21,3.98395721925133,0.558712363243103,0.619610702812967,0.0,0.6477,0.3523,Medium,True
21,5.0,0.5800159573554993,0.688948306595365,0.0,0.5199,0.4801,Medium,True
21,5.98930481283422,0.7012214064598083,0.734226505380956,0.0,0.0,1.0,High,False
21,6.97860962566844,0.7026462554931641,0.766135720209328,0.0,0.0,1.0,High,False
21,7.99465240641711,0.7760853171348572,0.781997388162848,0.0,0.0,1.0,High,False
21,8.98395721925133,0.8053990006446838,0.789842431868226,0.0,0.0,1.0,High,False
21,9.97326203208556,0.8234246373176575,0.795013678782159,0.0,0.0,1.0,High,False
21,10.9893048128342,0.819179356098175,0.79750636277846,0.0,0.0,1.0,High,False
21,11.9786096256684,0.8199613690376282,0.80000381290095,0.0,0.0,1.0,High,False
21,12.9679144385026,0.826508104801178,0.799827466231995,0.0,0.0,1.0,High,False
21,13.9839572192513,0.8354524374008179,0.799646353436853,0.0,0.0,1.0,High,False
21,14.9732620320855,0.8256791830062866,0.799470006767898,0.0,0.0,1.0,High,False
22,0.0,0.03267451748251915,0.0,1.0,0.0,0.0,Low,False
22,0.49763033,0.31788375973701477,0.0504451,1.0,0.0,0.0,Low,False
22,0.99526066,0.40267032384872437,0.10267062,0.584,0.416,0.0,Medium,True
22,1.99052133,0.46698418259620667,0.22611276,0.1981,0.8019,0.0,Medium,True
22,2.98578199,0.5226002335548401,0.40652819,0.0,0.8644,0.1356,Medium,True
22,4.00473934,0.6287364959716797,0.5537092,0.0,0.2276,0.7724,Medium,True
22,5.0,0.6557255387306213,0.6462908,0.0,0.0656,0.9344,Medium,True
22,5.99526066,0.767793595790863,0.71038576,0.0,0.0,1.0,High,False
22,6.99052133,0.767793595790863,0.74836795,0.0,0.0,1.0,High,False
22,7.98578199,0.824504017829895,0.77922849,0.0,0.0,1.0,High,False
22,9.00473934,0.8469256162643433,0.79109792,0.0,0.0,1.0,High,False
22,10.0,0.8558310866355896,0.79821958,0.0,0.0,1.0,High,False
22,10.9952607,0.8507519960403442,0.80296736,0.0,0.0,1.0,High,False
22,12.014218,0.8515340089797974,0.80534125,0.0,0.0,1.0,High,False
22,12.985782,0.8580807447433472,0.80771513,0.0,0.0,1.0,High,False
22,13.9810427,0.8560129404067993,0.81008902,0.0,0.0,1.0,High,False
22,15.0,0.8533255457878113,0.81008902,0.0,0.0,1.0,High,False
23,0.0,-0.02307472564280033,0.0,1.0,0.0,0.0,Low,False
23,0.497630332,0.2545708119869232,0.033827893,1.0,0.0,0.0,Low,False
23,0.971563981,0.3259042203426361,0.067062315,1.0,0.0,0.0,Low,False
23,1.990521327,0.3878856301307678,0.150148368,0.6727,0.3273,0.0,Medium,True
23,2.985781991,0.4366074204444885,0.313946588,0.3804,0.6196,0.0,Medium,True
23,3.981042654,0.5473993420600891,0.458753709,0.0,0.7156,0.2844,Medium,True
23,5.0,0.5687029361724854,0.558456973,0.0,0.5878,0.4122,Medium,True
23,5.995260664,0.6827197074890137,0.634421365,0.0,0.0,1.0,High,False
23,6.966824645,0.6841445565223694,0.686646884,0.0,0.0,1.0,High,False
23,8.009478673,0.7447502017021179,0.717507418,0.0,0.0,1.0,High,False
23,9.004739336,0.7674630284309387,0.736498516,0.0,0.0,1.0,High,False
23,10.0,0.7785724997520447,0.748367953,0.0,0.0,1.0,High,False
23,10.99526066,0.8081570267677307,0.757863501,0.0,0.0,1.0,High,False
23,12.01421801,0.8089390397071838,0.762611276,0.0,0.0,1.0,High,False
23,13.00947867,0.8070659637451172,0.764985163,0.0,0.0,1.0,High,False
23,14.00473934,0.8187099695205688,0.764985163,0.0,0.0,1.0,High,False
23,15.0,0.8226260542869568,0.764985163,0.0,0.0,1.0,High,False
24,0.0,0.08543272316455841,0.0,1.0,0.0,0.0,Low,False
24,0.497630332,0.3809892237186432,0.055192878,0.7141,0.2859,0.0,Medium,True
24,0.971563981,0.4577106833457947,0.102670623,0.2537,0.7463,0.0,Medium,True
24,1.990521327,0.5163001418113708,0.230860534,0.0,0.9022,0.0978,Medium,True
24,2.962085308,0.5610634684562683,0.43264095,0.0,0.6336,0.3664,Medium,True
24,4.004739336,0.6735883951187134,0.582195846,0.0,0.0,1.0,High,False
24,4.976303318,0.6870275139808655,0.670029674,0.0,0.0,1.0,High,False
24,5.995260664,0.7860831618309021,0.72462908,0.0,0.0,1.0,High,False
24,6.990521327,0.7913807034492493,0.76735905,0.0,0.0,1.0,High,False
24,8.009478673,0.8432686924934387,0.783976261,0.0,0.0,1.0,High,False
24,8.981042654,0.8502914309501648,0.79347181,0.0,0.0,1.0,High,False
24,10.0,0.8594970703125,0.802967359,0.0,0.0,1.0,High,False
24,11.01895735,0.8718425631523132,0.802967359,0.0,0.0,1.0,High,False
24,12.01421801,0.8718425631523132,0.807715134,0.0,0.0,1.0,High,False
24,12.98578199,0.8671590089797974,0.807715134,0.0,0.0,1.0,High,False
24,14.00473934,0.8650912046432495,0.807715134,0.0,0.0,1.0,High,False
24,15.0,0.8641235828399658,0.807715134,0.0,0.0,1.0,High,False
25,0.0,-0.01413827482610941,0.0,1.0,0.0,0.0,Low,False
25,0.497630332,0.2843717038631439,0.050445104,1.0,0.0,0.0,Low,False
25,0.995260664,0.35130640864372253,0.10504451,0.8922,0.1078,0.0,Medium,True
25,1.990521327,0.42111098766326904,0.185756677,0.4733,0.5267,0.0,Medium,True
25,2.985781991,0.47161731123924255,0.344807122,0.1703,0.8297,0.0,Medium,True
25,4.004739336,0.5777534246444702,0.529970326,0.0,0.5335,0.4665,Medium,True
25,5.0,0.5990570187568665,0.65578635,0.0,0.4057,0.5943,Medium,True
25,5.995260664,0.6984266638755798,0.719881306,0.0,0.0,1.0,High,False
25,6.990521327,0.7066942453384399,0.734124629,0.0,0.0,1.0,High,False
25,7.985781991,0.7767153978347778,0.75074184,0.0,0.0,1.0,High,False
25,8.981042654,0.7992303371429443,0.760237389,0.0,0.0,1.0,High,False
25,10.0,0.8106399774551392,0.762611276,0.0,0.0,1.0,High,False
25,10.99526066,0.8304147720336914,0.764985163,0.0,0.0,1.0,High,False
25,12.01421801,0.8311967849731445,0.764985163,0.0,0.0,1.0,High,False
25,13.00947867,0.8293237090110779,0.764985163,0.0,0.0,1.0,High,False
25,14.00473934,0.8382680416107178,0.764985163,0.0,0.0,1.0,High,False
25,15.0,0.8338676691055298,0.764985163,0.0,0.0,1.0,High,False
26,0.0,0.10055043548345566,0.0,1.0,0.0,0.0,Low,False
26,0.923616044592602,0.38764438033103943,0.165616973605114,0.6741,0.3259,0.0,Medium,True
26,2.95425979561724,0.5664063096046448,0.501338870976556,0.0,0.6016,0.3984,Medium,True
26,5.0222006667031,0.715639591217041,0.651381223017651,0.0,0.0,1.0,High,False
26,7.04382753155909,0.7686489820480347,0.790234439040384,0.0,0.0,1.0,High,False
26,9.06207306410186,0.8423966765403748,0.855261899557352,0.0,0.0,1.0,High,False
26,11.0799087381824,0.8836533427238464,0.911340783649379,0.0,0.0,1.0,High,False
26,15.0208003169572,0.9494978785514832,0.954140253565768,0.0,0.0,1.0,High,False
26,19.0516558281873,1.0031942129135132,0.961152248756762,0.0,0.0,1.0,High,False
26,23.082613804033,1.0775245428085327,0.970401388053992,0.0,0.0,1.0,High,False
26,28.075509590688,1.1315627098083496,0.981959396688343,0.0,0.0,1.0,High,False
27,0.0,-0.0033932675141841173,0.0,1.0,0.0,0.0,Low,False
27,2.09774969416811,0.13840653002262115,0.0525859498949718,1.0,0.0,0.0,Low,False
27,3.02295538109907,0.16067175567150116,0.13693729504124,1.0,0.0,0.0,Low,False
27,4.02238312424827,0.22981198132038116,0.252944381431464,1.0,0.0,0.0,Low,False
27,5.02366127877132,0.2693672478199005,0.353120170511981,1.0,0.0,0.0,Low,False
27,6.02586463898131,0.29282307624816895,0.445380310937644,1.0,0.0,0.0,Low,False
27,7.02837640108694,0.2904054522514343,0.535001901811689,1.0,0.0,0.0,Low,False
27,7.99346873318781,0.3082827925682068,0.611434171615374,1.0,0.0,0.0,Low,False
27,8.99813930856295,0.35022443532943726,0.682585915628094,0.8987,0.1013,0.0,Medium,True
27,10.0031182858337,0.3726344406604767,0.751099110089196,0.7642,0.2358,0.0,Medium,True
27,10.9326415993036,0.3848777711391449,0.798510761512814,0.6907,0.3093,0.0,Medium,True
27,11.9419382031134,0.4385261535644531,0.830084262251265,0.3688,0.6312,0.0,Medium,True
27,12.9515432088189,0.4478374719619751,0.859019213438098,0.313,0.687,0.0,Medium,True
27,13.9620734202112,0.45663806796073914,0.880038515970078,0.2602,0.7398,0.0,Medium,True
27,14.9339505940163,0.45895859599113464,0.898422695638169,0.2462,0.7538,0.0,Medium,True
27,15.9457144129912,0.4948998987674713,0.908887799963677,0.0306,0.9694,0.0,Medium,True
27,16.9182083905875,0.5205382108688354,0.921994880528532,0.0,0.8768,0.1232,Medium,True
27,17.8919359757664,0.5221009254455566,0.924547762886916,0.0,0.8674,0.1326,Medium,True
27,18.9046250004283,0.5760896801948547,0.92709721855757,0.0,0.5435,0.4565,Medium,True
27,19.9173140250902,0.601269006729126,0.929646674228224,0.0,0.3924,0.6076,Medium,True
27,20.9303114516477,0.6418554782867432,0.92955758034726,0.0,0.1489,0.8511,Medium,True
27,21.9040390368266,0.6418554782867432,0.932110462705644,0.0,0.1489,0.8511,Medium,True
27,22.9170364633841,0.7134304642677307,0.93202136882468,0.0,0.0,1.0,High,False
27,23.8910724504586,0.7134304642677307,0.931935701631446,0.0,0.0,1.0,High,False
27,24.8648000356375,0.7257583737373352,0.934488583989829,0.0,0.0,1.0,High,False
27,25.877797462195,0.7434813380241394,0.934399490108865,0.0,0.0,1.0,High,False
27,26.8904864868569,0.7514782547950745,0.93694894577952,0.0,0.0,1.0,High,False
27,27.9034839134144,0.7507067322731018,0.936859851898556,0.0,0.0,1.0,High,False
27,28.9164813399719,0.7489649653434753,0.936770758017592,0.0,0.0,1.0,High,False
27,29.8905173270464,0.760847806930542,0.936685090824358,0.0,0.0,1.0,High,False
28,0.0,-0.006211593747138977,0.0,1.0,0.0,0.0,Low,False
28,2.0222940303673,0.14664217829704285,0.0314844068574873,1.0,0.0,0.0,Low,False
28,3.06808485849493,0.162997767329216,0.0841628773211524,1.0,0.0,0.0,Low,False
28,4.03348559249144,0.23429517447948456,0.157956597573219,1.0,0.0,0.0,Low,False
28,5.07495879408005,0.27347612380981445,0.247574761759535,1.0,0.0,0.0,Low,False
28,6.0385091167027,0.3090202212333679,0.33719977932131,1.0,0.0,0.0,Low,False
28,7.04132928070397,0.3116159737110138,0.424182820643737,1.0,0.0,0.0,Low,False
28,8.00642161280484,0.32574495673179626,0.500615090447422,1.0,0.0,0.0,Low,False
28,9.01140059007562,0.3730901777744293,0.569128284908524,0.7615,0.2385,0.0,Medium,True
28,9.97772652975906,0.39629486203193665,0.635006356505738,0.6222,0.3778,0.0,Medium,True
28,10.9848643202993,0.4692108929157257,0.685049704105514,0.1847,0.8153,0.0,Medium,True
28,11.9146960356649,0.4661274254322052,0.729822805977514,0.2032,0.7968,0.0,Medium,True
28,12.9617204713751,0.469982773065567,0.771947078234707,0.1801,0.8199,0.0,Medium,True
28,13.9320556357019,0.47878336906433105,0.803524005660888,0.1273,0.8727,0.0,Medium,True
28,14.941969043303,0.4783274233341217,0.829820407296103,0.13,0.87,0.0,Medium,True
28,15.9524992546954,0.5056890249252319,0.850839709828083,0.0,0.9659,0.0341,Medium,True
28,16.9243764285004,0.5313273072242737,0.869223889496174,0.0,0.812,0.188,Medium,True
28,17.9358318455797,0.5328900218009949,0.8823275433733,0.0,0.8027,0.1973,Medium,True
28,18.9095594307586,0.586878776550293,0.884880425731683,0.0,0.4787,0.5213,Medium,True
28,19.9219400535248,0.6100062727928162,0.890068430953955,0.0,0.34,0.66,Medium,True
28,20.8953592368081,0.6414043307304382,0.895259862863957,0.0,0.1516,0.8484,Medium,True
28,21.9080482614699,0.6448771357536316,0.897809318534611,0.0,0.1307,0.8693,Medium,True
28,22.8820842485445,0.7179253101348877,0.897723651341377,0.0,0.0,1.0,High,False
28,23.895081675102,0.7164521217346191,0.897634557460413,0.0,0.0,1.0,High,False
28,24.9077706997638,0.7287800312042236,0.900184013131067,0.0,0.0,1.0,High,False
28,25.8818066868384,0.7481479048728943,0.900098345937833,0.0,0.0,1.0,High,False
28,26.8948041133959,0.7561448216438293,0.900009252056869,0.0,0.0,1.0,High,False
28,27.8688401004704,0.7553732991218567,0.899923584863635,0.0,0.0,1.0,High,False
28,28.8821459289236,0.7550053596496582,0.897195941431053,0.0,0.0,1.0,High,False
28,29.8945265516898,0.7652957439422607,0.902383946653325,0.0,0.0,1.0,High,False
29,0.0,-0.03890758752822876,0.0,1.0,0.0,0.0,Low,False
29,2.06341428311979,0.08072634041309357,0.0130111333084326,1.0,0.0,0.0,Low,False
29,3.07363609261651,0.10083439201116562,0.0366689853920301,1.0,0.0,0.0,Low,False
29,4.07954027557422,0.17750556766986847,0.0972665311982785,1.0,0.0,0.0,Low,False
29,5.04617461715331,0.2170606553554535,0.160506053243873,1.0,0.0,0.0,Low,False
29,6.04961158494587,0.24051649868488312,0.242211995463065,1.0,0.0,0.0,Low,False
29,7.05150654326021,0.24368640780448914,0.337110685440346,1.0,0.0,0.0,Low,False
29,8.01629047346544,0.26231643557548523,0.416181504795649,1.0,0.0,0.0,Low,False
29,9.02065264694493,0.3095044791698456,0.489971798359987,1.0,0.0,0.0,Low,False
29,9.98543657715016,0.33215126395225525,0.56904261771529,1.0,0.0,0.0,Low,False
29,10.9922659657948,0.39184415340423584,0.621724514866684,0.6489,0.3511,0.0,Medium,True
29,11.9598255130608,0.3893001079559326,0.677048388257426,0.6642,0.3358,0.0,Medium,True
29,12.9669633036011,0.39261603355407715,0.727091735857203,0.6443,0.3557,0.0,Medium,True
29,13.9357564584496,0.4014165997505188,0.771861411041473,0.5915,0.4085,0.0,Medium,True
29,14.9435110527812,0.39979279041290283,0.816627659538014,0.6012,0.3988,0.0,Medium,True
29,15.9521908527997,0.4296695590019226,0.853478259379701,0.422,0.578,0.0,Medium,True
29,16.9234512228135,0.45330750942230225,0.877139538151028,0.2802,0.7198,0.0,Medium,True
29,17.9339814342058,0.4548705220222473,0.898158840683007,0.2708,0.7292,0.0,Medium,True
29,18.9064754118021,0.508858859539032,0.911265921247862,0.0,0.9468,0.0532,Medium,True
29,19.9179308288814,0.5340381860733032,0.924369575124988,0.0,0.7958,0.2042,Medium,True
29,20.8916584140603,0.569415271282196,0.926922457483372,0.0,0.5835,0.4165,Medium,True
29,21.8650775973436,0.5728880763053894,0.932113889393373,0.0,0.5627,0.4373,Medium,True
29,22.8780750239011,0.6315590739250183,0.932024795512409,0.0,0.2106,0.7894,Medium,True
29,23.8910724504586,0.6300858855247498,0.931935701631446,0.0,0.2195,0.7805,Medium,True
29,24.9037614751205,0.6424137949943542,0.9344851573021,0.0,0.1455,0.8545,Medium,True
29,26.8907948887525,0.66977858543396,0.934310396227902,0.0,0.0,1.0,High,False
29,27.9034839134144,0.6690070629119873,0.936859851898556,0.0,0.0,1.0,High,False
29,28.8772114985933,0.6735252141952515,0.93941273425694,0.0,0.0,1.0,High,False
29,29.8515558875635,0.6885007619857788,0.936688517512087,0.0,0.0,1.0,High,False
30,0.0,0.13389259576797485,0.0,1.0,0.0,0.0,Low,False
30,0.251735988546289,0.29125091433525085,0.668708153427783,1.0,0.0,0.0,Low,False
30,0.793852948568427,0.3654044568538666,0.758318201970513,0.8076,0.1924,0.0,Medium,True
30,1.01712409035329,0.4177352488040924,0.731650763439615,0.4936,0.5064,0.0,Medium,True
30,2.05124801974466,0.5567722916603088,0.782460232519393,0.0,0.6594,0.3406,Medium,True
30,3.0841859138543,0.5616186261177063,0.804194893835723,0.0,0.6303,0.3697,Medium,True
30,3.98112509565939,0.569505512714386,0.792018264943338,0.0,0.583,0.417,Medium,True
30,5.06229509122588,0.5719558000564575,0.8961284419732229,0.0,0.5683,0.4317,Medium,True
30,6.00519314019784,0.5847069025039673,0.910600613914453,0.0,0.4918,0.5082,Medium,True
30,7.12619415397561,0.5963558554649353,0.891139751666803,0.0,0.4219,0.5781,Medium,True
30,14.0807097009214,0.8024855852127075,0.876120873938569,0.0,0.0,1.0,High,False
30,21.0374984821572,0.9297515749931335,0.916828711090277,0.0,0.0,1.0,High,False
30,28.0823503830611,1.0015416145324707,0.916341024678005,0.0,0.0,1.0,High,False
30,35.0821329432595,1.051943063735962,0.911010643254706,0.0,0.0,1.0,High,False
31,0.0,0.07131846994161606,0.0,1.0,0.0,0.0,Low,False
31,0.174781523096129,0.19870822131633759,0.519115398890679,1.0,0.0,0.0,Low,False
31,0.305867665418226,0.20052386820316315,0.560271074877816,1.0,0.0,0.0,Low,False
31,0.786516853932584,0.24260452389717102,0.692880001868766,1.0,0.0,0.0,Low,False
31,1.00499375780274,0.2647192180156708,0.788915622623487,1.0,0.0,0.0,Low,False
31,2.00998751560549,0.34319329261779785,0.775128542544272,0.9408,0.0592,0.0,Medium,True
31,3.01498127340823,0.3565030097961426,0.841383042506638,0.861,0.139,0.0,Medium,True
31,4.01997503121098,0.41225993633270264,0.827595962427423,0.5264,0.4736,0.0,Medium,True
31,5.02496878901373,0.43448135256767273,0.907571876111202,0.3931,0.6069,0.0,Medium,True
31,6.02996254681647,0.4846123158931732,0.902932405179596,0.0923,0.9077,0.0,Medium,True
31,7.03495630461922,0.5051366686820984,0.907440543395599,0.0,0.9692,0.0308,Medium,True
31,14.0262172284644,0.7086807489395142,0.886401613367905,0.0,0.0,1.0,High,False
31,20.9737827715355,0.8383424282073975,0.938546411580119,0.0,0.0,1.0,High,False
31,28.0524344569288,0.9293079376220703,0.940370794303378,0.0,0.0,1.0,High,False
31,35.043695380774,1.0039726495742798,0.942200887144707,0.0,0.0,1.0,High,False
32,0.0,0.04285752400755882,0.0,1.0,0.0,0.0,Low,False
32,0.3328165374677,0.17558243870735168,0.00297785443803388,1.0,0.0,0.0,Low,False
32,1.01291989664082,0.2440853863954544,0.0119986518368722,1.0,0.0,0.0,Low,False
32,1.70749354005167,0.29080086946487427,0.0210154840500407,1.0,0.0,0.0,Low,False
32,2.3875968992248,0.3729872405529022,0.0392434425741983,0.7621,0.2379,0.0,Medium,True
32,3.06770025839793,0.3872356414794922,0.0697476159321159,0.6766,0.3234,0.0,Medium,True
32,3.73333333333333,0.47148287296295166,0.0849104859335034,0.1711,0.8289,0.0,Medium,True
32,4.41343669250646,0.4830990731716156,0.106207498166101,0.1014,0.8986,0.0,Medium,True
32,5.09354005167958,0.5463042855262756,0.142849778940898,0.0,0.7222,0.2778,Medium,True
32,5.77364341085271,0.5529675483703613,0.240873133884493,0.0,0.6822,0.3178,Medium,True
32,6.45374677002583,0.6166305541992188,0.29286068320149,0.0,0.3002,0.6998,Medium,True
32,7.13385012919896,0.6333927512168884,0.418505521521045,0.0,0.1996,0.8004,Medium,True
32,7.79948320413436,0.6556377410888672,0.51653284165031,0.0,0.0662,0.9338,Medium,True
32,8.47958656330749,0.6864175796508789,0.731180237514621,0.0,0.0,1.0,High,False
32,9.15968992248062,0.7455340623855591,0.841479807291976,0.0,0.0,1.0,High,False
32,9.83979328165374,0.7517607808113098,0.902674517734292,0.0,0.0,1.0,High,False
32,10.5343669250646,0.7498677372932434,0.94238188703186,0.0,0.0,1.0,High,False
32,11.2144702842377,0.7801371216773987,0.994369436348856,0.0,0.0,1.0,High,False
33,0.0,0.042488016188144684,0.0,1.0,0.0,0.0,Low,False
33,0.3328165374677,0.18902166187763214,0.00297785443803388,1.0,0.0,0.0,Low,False
33,1.02739018087855,0.26109519600868225,0.00585657923432236,1.0,0.0,0.0,Low,False
33,1.70749354005167,0.3063496947288513,0.0179464303416005,1.0,0.0,0.0,Low,False
33,2.3875968992248,0.3885360658168793,0.0361743888657584,0.6688,0.3312,0.0,Medium,True
33,3.06770025839793,0.40278446674346924,0.0605404548067962,0.5833,0.4167,0.0,Medium,True
33,3.73333333333333,0.4870316982269287,0.0757033248081837,0.0778,0.9222,0.0,Medium,True
33,4.41343669250646,0.49864789843559265,0.0970003370407817,0.0081,0.9919,0.0,Medium,True
33,5.09354005167958,0.557308554649353,0.152056940066218,0.0,0.6561,0.3439,Medium,True
33,5.75917312661498,0.5639718174934387,0.262360475029243,0.0,0.6162,0.3838,Medium,True
33,6.46821705426356,0.6237135529518127,0.3143400939749,0.0,0.2577,0.7423,Medium,True
33,7.13385012919896,0.6404757499694824,0.455334166022323,0.0,0.1571,0.8429,Medium,True
33,7.81395348837209,0.6627207398414612,0.531874145006839,0.0,0.0237,0.9763,Medium,True
33,8.49405684754521,0.6935005784034729,0.715831003786752,0.0,0.0,1.0,High,False
33,9.17416020671834,0.7526170611381531,0.847613949523186,0.0,0.0,1.0,High,False
33,9.83979328165374,0.7588437795639038,0.887329249192093,0.0,0.0,1.0,High,False
33,10.5343669250646,0.7569507360458374,0.92396756478122,0.0,0.0,1.0,High,False
33,11.2144702842377,0.7872201204299927,0.963678899264457,0.0,0.0,1.0,High,False
34,0.0,0.015245771035552025,0.0,1.0,0.0,0.0,Low,False
34,0.361757105943152,0.14603760838508606,0.00296992406669405,1.0,0.0,0.0,Low,False
34,1.01291989664082,0.18982623517513275,0.00586054441999217,1.0,0.0,0.0,Low,False
34,1.70749354005167,0.2313641756772995,0.0240845377584804,1.0,0.0,0.0,Low,False
34,2.3875968992248,0.3085753321647644,0.0453815499910781,1.0,0.0,0.0,Low,False
34,3.06770025839793,0.3265649378299713,0.0697476159321159,1.0,0.0,0.0,Low,False
34,3.73333333333333,0.4165852963924408,0.0879795396419433,0.5005,0.4995,0.0,Medium,True
34,4.41343669250646,0.4244646728038788,0.1215527667083,0.4532,0.5468,0.0,Medium,True
34,5.09354005167958,0.4686810374259949,0.167402208608417,0.1879,0.8121,0.0,Medium,True
34,5.77364341085271,0.4753442406654358,0.286908939511092,0.1479,0.8521,0.0,Medium,True
34,6.45374677002583,0.5087800025939941,0.357310811078728,0.0,0.9473,0.0527,Medium,True
34,7.13385012919896,0.5256879329681396,0.489093756815162,0.0,0.8459,0.1541,Medium,True
34,7.79948320413436,0.5479329228401184,0.559499593568468,0.0,0.7124,0.2876,Medium,True
34,8.49405684754521,0.5681105256080627,0.746521540871151,0.0,0.5913,0.4087,Medium,True
34,9.17416020671834,0.6178099513053894,0.866028271773825,0.0,0.2931,0.7069,Medium,True
34,9.85426356589147,0.6240366697311401,0.905739606257062,0.0,0.2558,0.7442,Medium,True
34,10.5343669250646,0.6134689450263977,0.948519994448739,0.0,0.3192,0.6808,Medium,True
34,11.2144702842377,0.5955007672309875,0.997438490057296,0.0,0.427,0.573,Medium,True
35,0.0,0.043050456792116165,0.0,1.0,0.0,0.0,Low,False
35,1.0,0.3891168236732483,0.25625,0.6653,0.3347,0.0,Medium,True
35,2.94209702660406,0.6160821318626404,0.478967985598584,0.0,0.3035,0.6965,Medium,True
35,7.07355242566509,0.6797608733177185,0.6106488151829099,0.0,0.0,1.0,High,False
35,10.1721439749608,0.6838181614875793,0.7464658048033039,0.0,0.0,1.0,High,False
35,13.9593114241001,0.7547114491462708,0.9240625847406408,0.0,0.0,1.0,High,False
35,21.017214397496,0.7444137930870056,0.9243304876813654,0.0,0.0,1.0,High,False
35,29.9687010954616,0.734761655330658,0.9893884298600697,0.0,0.0,1.0,High,False
36,0.0,0.06510789692401886,0.0,1.0,0.0,0.0,Low,False
36,0.338983050847457,0.3036452531814575,0.258333333333334,1.0,0.0,0.0,Low,False
36,1.01694915254237,0.4487309157848358,0.435416666666667,0.3076,0.6924,0.0,Medium,True
36,5.00782472613457,0.6309309005737305,0.495747857593252,0.0,0.2144,0.7856,Medium,True
36,10.0,0.6605755686759949,0.504288080606115,0.0,0.0365,0.9635,Medium,True
36,21.017214397496,0.4844384789466858,0.533933827973641,0.0934,0.9066,0.0,Medium,True
36,30.1408450704225,0.49847209453582764,0.5760337949758401,0.0092,0.9908,0.0,Medium,True
36,45.1173708920187,0.4800024926662445,0.6663726268536769,0.12,0.88,0.0,Medium,True
36,60.0938967136149,0.4993796944618225,0.71704548795907,0.0037,0.9963,0.0,Medium,True
36,75.0704225352112,0.895234227180481,0.840787242592647,0.0,0.0,1.0,High,False
36,90.0469483568074,1.0753958225250244,0.883109373009106,0.0,0.0,1.0,High,False
36,119.999999999999,1.076042652130127,0.974016681858724,0.0,0.0,1.0,High,False
37,0.0,0.055355824530124664,0.0,1.0,0.0,0.0,Low,False
37,0.995334370139971,0.3448341190814972,0.275471698113207,0.931,0.069,0.0,Medium,True
37,1.99066874027994,0.3912682831287384,0.383018867924528,0.6524,0.3476,0.0,Medium,True
37,3.98133748055987,0.6109142899513245,0.549056603773584,0.0,0.3345,0.6655,Medium,True
37,7.09175738724728,0.6867336630821228,0.750943396226415,0.0,0.0,1.0,High,False
37,12.0684292379471,0.7577022910118103,0.881132075471698,0.0,0.0,1.0,High,False
37,21.0264385692068,0.7742716073989868,0.933962264150943,0.0,0.0,1.0,High,False
37,28.9891135303266,0.8399515748023987,0.956603773584905,0.0,0.0,1.0,High,False
37,36.9517884914463,0.9196964502334595,0.958490566037735,0.0,0.0,1.0,High,False
37,59.9688958009331,0.9364392757415771,0.973584905660377,0.0,0.0,1.0,High,False
37,75.0233281493001,1.0007424354553223,0.979245283018868,0.0,0.0,1.0,High,False
38,0.0,0.028252078220248222,0.0,1.0,0.0,0.0,Low,False
38,0.995334370139971,0.23034179210662842,0.196226415094339,1.0,0.0,0.0,Low,False
38,1.99066874027994,0.26690229773521423,0.20188679245283,1.0,0.0,0.0,Low,False
38,3.98133748055987,0.4019045829772949,0.233962264150943,0.5886,0.4114,0.0,Medium,True
38,6.96734059097978,0.5226935148239136,0.290566037735849,0.0,0.8638,0.1362,Medium,True
38,11.9440124416796,0.6834801435470581,0.375471698113207,0.0,0.0,1.0,High,False
38,20.9020217729393,0.726381242275238,0.475471698113207,0.0,0.0,1.0,High,False
38,28.9891135303266,0.8259066343307495,0.592452830188679,0.0,0.0,1.0,High,False
38,36.9517884914463,0.9309489130973816,0.694339622641509,0.0,0.0,1.0,High,False
38,59.9688958009331,0.9096822738647461,0.766037735849056,0.0,0.0,1.0,High,False
38,75.0233281493001,0.9351873397827148,0.80566037735849,0.0,0.0,1.0,High,False
39,0.0,0.039940137416124344,0.0,1.0,0.0,0.0,Low,False
39,1.93637621023513,0.34244996309280396,0.175470686199791,0.9453,0.0547,0.0,Medium,True
39,3.87275242047026,0.5174496173858643,0.201961780562847,0.0,0.8953,0.1047,Medium,True
39,8.02213001383125,0.64268559217453,0.252897507550738,0.0,0.1439,0.8561,Medium,True
39,15.0760719225449,0.7229157090187073,0.303773957715866,0.0,0.0,1.0,High,False
39,19.9170124481327,0.7579318881034851,0.303675163011262,0.0,0.0,1.0,High,False
39,21.9917012448132,0.7652257680892944,0.350571597933779,0.0,0.0,1.0,High,False
39,29.1839557399723,0.8590999245643616,0.489200327433878,0.0,0.0,1.0,High,False
39,35.9612724757953,0.9311910271644592,0.591102831173963,0.0,0.0,1.0,High,False
39,42.0470262793914,0.934553861618042,0.705264346402461,0.0,0.0,1.0,High,False
39,48.9626556016597,0.9457086324691772,0.83981708866119,0.0,0.0,1.0,High,False
39,56.0165975103734,0.9599153995513916,0.9294690490304,0.0,0.0,1.0,High,False
39,63.0705394190871,0.965276837348938,0.988508764501651,0.0,0.0,1.0,High,False
39,69.9861687413554,0.965276837348938,0.996530894515482,0.0,0.0,1.0,High,False
39,76.9017980636237,0.9842451810836792,0.998430575549721,0.0,0.0,1.0,High,False
39,83.9557399723374,1.0069273710250854,0.998286617551584,0.0,0.0,1.0,High,False
39,90.0414937759335,1.0069273710250854,0.998162418494368,0.0,0.0,1.0,High,False
40,0.0,-0.004701872356235981,0.0,1.0,0.0,0.0,Low,False
40,0.346558648386649,0.2570977807044983,0.0172413793103449,1.0,0.0,0.0,Low,False
40,0.431510524858053,0.2721327543258667,0.0409482758620691,1.0,0.0,0.0,Low,False
40,0.517024996537875,0.2913089096546173,0.0581896551724139,1.0,0.0,0.0,Low,False
40,1.12143978211697,0.3461925983428955,0.112068965517241,0.9228,0.0772,0.0,Medium,True
40,2.07485112865254,0.40697529911994934,0.155172413793103,0.5581,0.4419,0.0,Medium,True
40,2.93974749573004,0.44031980633735657,0.21551724137931,0.3581,0.6419,0.0,Medium,True
40,3.97904837741771,0.569868803024292,0.271551724137931,0.0,0.5808,0.4192,Medium,True
40,5.01853679084152,0.5863941311836243,0.325431034482758,0.0,0.4816,0.5184,Medium,True
40,7.0170625028851,0.6697712540626526,0.357758620689655,0.0,0.0,1.0,High,False
40,7.96991125421224,0.725389838218689,0.407327586206896,0.0,0.0,1.0,High,False
40,9.96862449799196,0.7571819424629211,0.4375,0.0,0.0,1.0,High,False
40,14.9234004985459,0.7858906984329224,0.495689655172413,0.0,0.0,1.0,High,False
40,19.8791141577805,0.8250893950462341,0.543103448275862,0.0,0.0,1.0,High,False
40,24.92446798689,0.8126057386398315,0.560344827586207,0.0,0.0,1.0,High,False
40,29.8801816461247,0.8276047706604004,0.607758620689655,0.0,0.0,1.0,High,False
40,34.9253479434981,0.8709498047828674,0.627155172413793,0.0,0.0,1.0,High,False
40,39.8776860314822,0.9542812705039978,0.713362068965517,0.0,0.0,1.0,High,False
40,44.8337747541891,0.9361053109169006,0.756465517241379,0.0,0.0,1.0,High,False
40,49.8765031389927,0.9390299916267395,0.803879310344827,0.0,0.0,1.0,High,False
40,54.9186689285879,0.9425436854362488,0.857758620689655,0.0,0.0,1.0,High,False
40,59.9630850990167,0.946873128414154,0.885775862068965,0.0,0.0,1.0,High,False
41,0.0,-0.07923135161399841,0.0,1.0,0.0,0.0,Low,False
41,0.336806998107372,0.016522018238902092,0.129310344827586,1.0,0.0,0.0,Low,False
41,0.93822127590823,0.11398892849683762,0.217672413793103,1.0,0.0,0.0,Low,False
41,1.80255504777731,0.17964597046375275,0.284482758620689,1.0,0.0,0.0,Low,False
41,3.01138461893551,0.27776235342025757,0.392241379310345,1.0,0.0,0.0,Low,False
41,3.95992014033143,0.3387535810470581,0.491379310344827,0.9675,0.0325,0.0,Medium,True
41,4.99828336333841,0.38130560517311096,0.558189655172413,0.7122,0.2878,0.0,Medium,True
41,6.81415316438166,0.44866612553596497,0.689655172413793,0.308,0.692,0.0,Medium,True
41,7.85345404606933,0.47758209705352783,0.745689655172413,0.1345,0.8655,0.0,Medium,True
41,9.84954184554309,0.5378240942955017,0.80603448275862,0.0,0.7731,0.2269,Medium,True
41,14.8080684808198,0.5958927869796753,0.821120689655172,0.0,0.4246,0.5754,Medium,True
41,19.9404370354983,0.6759243011474609,0.838362068965517,0.0,0.0,1.0,High,False
41,25.071867931496,0.6647652387619019,0.866379310344827,0.0,0.0114,0.9886,Medium,True
41,29.9424421825231,0.6790111660957336,0.892241379310345,0.0,0.0,1.0,High,False
41,34.8137665604948,0.7232415080070496,0.909482758620689,0.0,0.0,1.0,High,False
42,0.0,-0.028871996328234673,0.0,1.0,0.0,0.0,Low,False
42,0.337932188524211,0.052312009036540985,0.116379310344827,1.0,0.0,0.0,Low,False
42,0.340370101094031,0.052312009036540985,0.0883620689655173,1.0,0.0,0.0,Low,False
42,1.02636119189401,0.12374618649482727,0.204741379310344,1.0,0.0,0.0,Low,False
42,2.06547454184554,0.22875824570655823,0.262931034482758,1.0,0.0,0.0,Low,False
42,2.9320586945483,0.2508583664894104,0.303879310344827,1.0,0.0,0.0,Low,False
42,3.97248476665281,0.37240439653396606,0.346982758620689,0.7656,0.2344,0.0,Medium,True
42,5.01178564834048,0.4113849699497223,0.40301724137931,0.5317,0.4683,0.0,Medium,True
42,6.82671779070303,0.4968971014022827,0.545258620689655,0.0186,0.9814,0.0,Medium,True
42,7.95584637400175,0.5445075035095215,0.568965517241379,0.0,0.733,0.267,Medium,True
42,10.0425120020311,0.5960283875465393,0.588362068965517,0.0,0.4238,0.5762,Medium,True
42,14.8264465909615,0.6491108536720276,0.609913793103448,0.0,0.1053,0.8947,Medium,True
42,19.8723630152795,0.7276650071144104,0.620689655172413,0.0,0.0,1.0,High,False
42,24.8318273092369,0.6840872764587402,0.625,0.0,0.0,1.0,High,False
42,29.8726803766791,0.7034857273101807,0.693965517241379,0.0,0.0,1.0,High,False
42,34.7411917786086,0.7532391548156738,0.74353448275862,0.0,0.0,1.0,High,False
42,39.9579496145501,0.7778919339179993,0.790948275862069,0.0,0.0,1.0,High,False
42,44.8275862068965,0.793159544467926,0.827586206896551,0.0,0.0,1.0,High,False
42,49.8714397821169,0.8219957947731018,0.862068965517241,0.0,0.0,1.0,High,False
43,0.0,-0.06143052130937576,0.0,1.0,0.0,0.0,Low,False
43,0.934913117726801,0.10285478830337524,0.0498371507543882,1.0,0.0,0.0,Low,False
43,2.9862854527209,0.16473086178302765,0.0769317441594337,1.0,0.0,0.0,Low,False
43,7.02677769757574,0.18106640875339508,0.128856886322423,1.0,0.0,0.0,Low,False
43,10.0103871410714,0.2462722212076187,0.164968926603404,1.0,0.0,0.0,Low,False
43,14.058766571011,0.33296847343444824,0.343877748631186,1.0,0.0,0.0,Low,False
43,17.1039242266861,0.43113192915916443,0.370916004999912,0.4132,0.5868,0.0,Medium,True
43,21.020756676819,0.5527459383010864,0.431918452139927,0.0,0.6835,0.3165,Medium,True
43,24.0767592119857,0.6671671271324158,0.63355926832274,0.0,0.0,1.0,High,False
43,28.0649988556539,0.7305012941360474,0.844217531381489,0.0,0.0,1.0,High,False
43,32.0467597401454,0.81475430727005,0.95056777169416,0.0,0.0,1.0,High,False
43,35.155437404271,0.8482142686843872,1.00027816411682,0.0,0.0,1.0,High,False
43,40.1247865354483,0.8493857383728027,1.00679917607084,0.0,0.0,1.0,High,False
44,0.0,-0.04443013668060303,0.0,1.0,0.0,0.0,Low,False
44,0.932659636274009,0.1216357946395874,0.0135560993644479,1.0,0.0,0.0,Low,False
44,3.04487597049347,0.17477543652057648,0.0202390802978822,1.0,0.0,0.0,Low,False
44,7.02142567912536,0.1944333016872406,0.0426893892713156,1.0,0.0,0.0,Low,False
44,10.0051759652118,0.25855782628059387,0.0810689952641678,1.0,0.0,0.0,Low,False
44,14.0470766359747,0.35385411977767944,0.15566979454587,0.8769,0.1231,0.0,Medium,True
44,17.0305452368796,0.46134427189826965,0.18951426911498,0.2319,0.7681,0.0,Medium,True
44,21.071319166916,0.6093252301216125,0.245974542701713,0.0,0.344,0.656,Medium,True
44,23.936057463777,0.7087956666946411,0.368261122163342,0.0,0.0,1.0,High,False
44,28.0527455502543,0.7748226523399353,0.646939314448689,0.0,0.0,1.0,High,False
44,32.1066178412351,0.859075665473938,0.91428319923945,0.0,0.0,1.0,High,False
44,35.0927624513652,0.8723191618919373,0.991211422334114,0.0,0.0,1.0,High,False
44,40.1870389605816,0.8847663402557373,1.00906322071794,0.0,0.0,1.0,High,False
45,0.0,-0.006781882606446743,0.0,1.0,0.0,0.0,Low,False
45,0.106779661016949,0.0603698194026947,0.0916101694915254,1.0,0.0,0.0,Low,False
45,0.177966101694915,0.08981911838054657,0.179067796610169,1.0,0.0,0.0,Low,False
45,0.510169491525423,0.154246985912323,0.276786723163841,1.0,0.0,0.0,Low,False
45,1.00847457627118,0.20035764575004578,0.38274011299435,1.0,0.0,0.0,Low,False
45,2.01694915254237,0.2848127484321594,0.530056497175141,1.0,0.0,0.0,Low,False
45,3.01355932203389,0.27790287137031555,0.648213276836158,1.0,0.0,0.0,Low,False
45,4.01016949152542,0.3376067876815796,0.751786723163841,0.9744,0.0256,0.0,Medium,True
45,5.0186440677966,0.3721427917480469,0.819936440677966,0.7671,0.2329,0.0,Medium,True
45,6.01525423728813,0.36281493306159973,0.865176553672316,0.8231,0.1769,0.0,Medium,True
45,7.03559322033898,0.3896423578262329,0.893735875706214,0.6621,0.3379,0.0,Medium,True
46,0.0,0.014618062414228916,0.0,1.0,0.0,0.0,Low,False
46,0.197044334975369,0.22175559401512146,0.0321782178217824,1.0,0.0,0.0,Low,False
46,0.344827586206895,0.24169878661632538,0.0792079207920792,1.0,0.0,0.0,Low,False
46,0.985221674876847,0.37080249190330505,0.136138613861386,0.7752,0.2248,0.0,Medium,True
46,2.01970443349753,0.5013169050216675,0.205445544554455,0.0,0.9921,0.0079,Medium,True
46,3.00492610837438,0.5042862892150879,0.297029702970297,0.0,0.9743,0.0257,Medium,True
46,3.99014778325123,0.639369785785675,0.341584158415841,0.0,0.1638,0.8362,Medium,True
46,5.02463054187192,0.6955223083496094,0.378712871287128,0.0,0.0,1.0,High,False
46,5.96059113300492,0.7545901536941528,0.413366336633663,0.0,0.0,1.0,High,False
46,6.99507389162561,0.7615883350372314,0.445544554455445,0.0,0.0,1.0,High,False
46,8.0295566502463,0.7933301329612732,0.482673267326732,0.0,0.0,1.0,High,False
46,10.0,0.7864948511123657,0.574257425742574,0.0,0.0,1.0,High,False
46,11.9704433497536,0.7963070869445801,0.631188118811881,0.0,0.0,1.0,High,False
46,14.975369458128,0.804714024066925,0.68069306930693,0.0,0.0,1.0,High,False
46,18.9655172413793,0.825627863407135,0.717821782178217,0.0,0.0,1.0,High,False
46,21.9704433497536,0.8186962604522705,0.745049504950495,0.0,0.0,1.0,High,False
46,25.9605911330049,0.8400916457176208,0.789603960396039,0.0,0.0,1.0,High,False
46,28.9655172413793,0.852132260799408,0.826732673267326,0.0,0.0,1.0,High,False
47,0.0,-0.17790909111499786,0.0,1.0,0.0,0.0,Low,False
47,0.228608155665265,-0.1652671992778778,0.0452074518193189,1.0,0.0,0.0,Low,False
47,1.08973248182886,-0.20072805881500244,0.161691750761659,1.0,0.0,0.0,Low,False
47,2.01160054064442,-0.19055691361427307,0.239912539106928,1.0,0.0,0.0,Low,False
47,4.03378712598338,-0.18974965810775757,0.333737661429305,1.0,0.0,0.0,Low,False
47,6.05836817381277,-0.13232584297657013,0.394519201383747,1.0,0.0,0.0,Low,False
47,7.85131648177845,-0.0852782130241394,0.451832551457314,1.0,0.0,0.0,Low,False
47,9.93575909186859,0.03044426627457142,0.486524532213397,1.0,0.0,0.0,Low,False
47,11.9632386995548,0.12658236920833588,0.507305946143497,1.0,0.0,0.0,Low,False
47,15.9593445473993,0.2750401794910431,0.561045245889243,1.0,0.0,0.0,Low,False
47,19.9567106386598,0.39356085658073425,0.597393186493971,0.6386,0.3614,0.0,Medium,True
47,24.9383268378287,0.6065022945404053,0.651089637963572,0.0,0.361,0.639,Medium,True
47,29.9779142341343,0.6198649406433105,0.704783568946342,0.0,0.2808,0.7192,Medium,True
48,0.15361038492743,0.10466469824314117,0.0345082484449654,1.0,0.0,0.0,Low,False
48,0.461372036419364,0.12710613012313843,0.101314342378076,1.0,0.0,0.0,Low,False
48,1.0806815108627,0.20753377676010132,0.186539258992157,1.0,0.0,0.0,Low,False
48,2.09050752726945,0.28749874234199524,0.280962769313981,1.0,0.0,0.0,Low,False
48,4.04399170648156,0.45743250846862793,0.315434958983142,0.2554,0.7446,0.0,Medium,True
48,7.01451365726133,0.6163148283958435,0.352164428017668,0.0,0.3021,0.6979,Medium,True
48,10.063463445416,0.6716511249542236,0.386586135400703,0.0,0.0,1.0,High,False
48,14.0519246371585,0.7007912397384644,0.414052104931037,0.0,0.0,1.0,High,False
48,21.0785179843144,0.6649712920188904,0.614189128279095,0.0,0.0102,0.9898,Medium,True
48,27.9561885873974,0.6768350601196289,0.717558820878031,0.0,0.0,1.0,High,False
48,34.9903542774722,0.7054700255393982,0.820921301721806,0.0,0.0,1.0,High,False
48,42.0247002614261,0.73087477684021,0.92197962679167,0.0,0.0,1.0,High,False
49,0.186219739292363,0.14187006652355194,0.0773333333333334,1.0,0.0,0.0,Low,False
49,0.372439478584729,0.15023167431354523,0.109333333333333,1.0,0.0,0.0,Low,False
49,1.11731843575418,0.21946291625499725,0.128,1.0,0.0,0.0,Low,False
49,2.14152700186219,0.2881905436515808,0.149333333333333,1.0,0.0,0.0,Low,False
49,4.09683426443202,0.4326961040496826,0.175999999999999,0.4038,0.5962,0.0,Medium,True
49,7.07635009310986,0.5643500089645386,0.205333333333333,0.0,0.6139,0.3861,Medium,True
49,10.0558659217877,0.6496905088424683,0.213333333333333,0.0,0.1019,0.8981,Medium,True
49,14.0595903165735,0.7006994485855103,0.256,0.0,0.0,1.0,High,False
49,21.0428305400372,0.7089917063713074,0.338666666666666,0.0,0.0,1.0,High,False
49,28.0260707635009,0.7411313056945801,0.570666666666666,0.0,0.0,1.0,High,False
49,35.0093109869646,0.7641221880912781,0.848,0.0,0.0,1.0,High,False
49,41.9925512104282,0.7857362031936646,0.984,0.0,0.0,1.0,High,False
50,0.0,0.04473816975951195,0.0,1.0,0.0,0.0,Low,False
50,0.197368421052631,0.18488448858261108,0.370967741935483,1.0,0.0,0.0,Low,False
50,0.513157894736842,0.26795223355293274,0.499999999999999,1.0,0.0,0.0,Low,False
50,1.0657894736842,0.33807387948036194,0.709677419354838,0.9716,0.0284,0.0,Medium,True
50,1.97368421052631,0.3994770348072052,0.911290322580645,0.6031,0.3969,0.0,Medium,True
50,3.03947368421052,0.45840439200401306,0.979838709677419,0.2496,0.7504,0.0,Medium,True
50,4.02631578947368,0.5548467636108398,1.00403225806451,0.0,0.6709,0.3291,Medium,True
50,5.01315789473684,0.5886085033416748,1.00806451612903,0.0,0.4683,0.5317,Medium,True
50,6.03947368421052,0.6667575836181641,1.00403225806451,0.0,0.0,1.0,High,False
50,7.02631578947368,0.6678237915039062,1.02016129032258,0.0,0.0,1.0,High,False
50,9.98684210526315,0.6906443238258362,1.00806451612903,0.0,0.0,1.0,High,False
50,13.0263157894736,0.712723970413208,1.02419354838709,0.0,0.0,1.0,High,False
50,15.9868421052631,0.7210817337036133,1.02419354838709,0.0,0.0,1.0,High,False
50,18.9868421052631,0.76615971326828,1.03225806451612,0.0,0.0,1.0,High,False
50,24.9868421052631,0.8182862401008606,1.02822580645161,0.0,0.0,1.0,High,False
50,30.0394736842105,0.8890689015388489,1.02419354838709,0.0,0.0,1.0,High,False
51,0.0,0.04984505847096443,0.0,1.0,0.0,0.0,Low,False
51,0.0394736842105265,0.04984505847096443,0.133064516129032,1.0,0.0,0.0,Low,False
51,1.02631578947368,0.22356852889060974,0.25,1.0,0.0,0.0,Low,False
51,2.01315789473684,0.3354074954986572,0.27016129032258,0.9876,0.0124,0.0,Medium,True
51,3.0,0.3519352376461029,0.326612903225806,0.8884,0.1116,0.0,Medium,True
51,3.98684210526315,0.46851223707199097,0.350806451612903,0.1889,0.8111,0.0,Medium,True
51,5.01315789473684,0.5301247835159302,0.387096774193548,0.0,0.8193,0.1807,Medium,True
51,6.0,0.6019657850265503,0.419354838709677,0.0,0.3882,0.6118,Medium,True
51,7.02631578947368,0.644376814365387,0.443548387096774,0.0,0.1337,0.8663,Medium,True
51,10.0657894736842,0.7528478503227234,0.516129032258064,0.0,0.0,1.0,High,False
51,13.0263157894736,0.8141028881072998,0.596774193548387,0.0,0.0,1.0,High,False
51,16.0263157894736,0.8376191854476929,0.685483870967741,0.0,0.0,1.0,High,False
51,19.0657894736842,0.8830776810646057,0.794354838709677,0.0,0.0,1.0,High,False
51,25.0263157894736,0.8801281452178955,0.991935483870967,0.0,0.0,1.0,High,False
51,30.0394736842105,0.8639783263206482,0.991935483870967,0.0,0.0,1.0,High,False
52,0.0,0.07244676351547241,0.0,1.0,0.0,0.0,Low,False
52,0.236842105263157,0.2580873370170593,0.340725806451612,1.0,0.0,0.0,Low,False
52,1.02631578947368,0.3617928922176361,0.584677419354838,0.8292,0.1708,0.0,Medium,True
52,2.05263157894736,0.4537733197212219,0.649193548387096,0.2774,0.7226,0.0,Medium,True
52,3.03947368421052,0.48557305335998535,0.673387096774193,0.0866,0.9134,0.0,Medium,True
52,4.02631578947368,0.5815021991729736,0.69758064516129,0.0,0.511,0.489,Medium,True
52,5.01315789473684,0.6531745195388794,0.729838709677419,0.0,0.081,0.919,Medium,True
52,6.07894736842105,0.7166200876235962,0.766129032258064,0.0,0.0,1.0,High,False
52,7.02631578947368,0.7345434427261353,0.798387096774193,0.0,0.0,1.0,High,False
52,10.0263157894736,0.8336191177368164,0.866935483870967,0.0,0.0,1.0,High,False
52,13.1052631578947,0.8159065246582031,0.931451612903225,0.0,0.0,1.0,High,False
52,16.0263157894736,0.8456338047981262,0.999999999999999,0.0,0.0,1.0,High,False
52,19.0657894736842,0.85697340965271,1.00806451612903,0.0,0.0,1.0,High,False
52,25.0263157894736,0.8957811594009399,1.01209677419354,0.0,0.0,1.0,High,False
52,30.078947368421,0.8768215179443359,1.00806451612903,0.0,0.0,1.0,High,False
53,0.0,0.06788142770528793,0.0,1.0,0.0,0.0,Low,False
53,0.513157894736842,0.31229496002197266,0.237903225806451,1.0,0.0,0.0,Low,False
53,1.02631578947368,0.4192177951335907,0.306451612903225,0.4847,0.5153,0.0,Medium,True
53,2.05263157894736,0.5422993898391724,0.576612903225806,0.0,0.7462,0.2538,Medium,True
53,3.0,0.560474157333374,0.826612903225806,0.0,0.6372,0.3628,Medium,True
53,3.98684210526315,0.6617673635482788,0.903225806451612,0.0,0.0294,0.9706,Medium,True
53,5.01315789473684,0.6955291032791138,0.979838709677419,0.0,0.0,1.0,High,False
53,6.0,0.7698145508766174,1.04435483870967,0.0,0.0,1.0,High,False
53,7.06578947368421,0.77655428647995,1.03629032258064,0.0,0.0,1.0,High,False
53,9.98684210526315,0.8011394739151001,1.03225806451612,0.0,0.0,1.0,High,False
53,13.0657894736842,0.8520558476448059,1.04032258064516,0.0,0.0,1.0,High,False
53,16.0263157894736,0.8895515203475952,1.03629032258064,0.0,0.0,1.0,High,False
53,19.0263157894736,0.9089362025260925,1.04032258064516,0.0,0.0,1.0,High,False
53,25.0263157894736,0.9154875874519348,1.04435483870967,0.0,0.0,1.0,High,False
53,30.078947368421,0.9875617027282715,1.03629032258064,0.0,0.0,1.0,High,False
54,0.0,0.027886686846613884,0.0,1.0,0.0,0.0,Low,False
54,0.0394736842105265,0.027886686846613884,0.129032258064516,1.0,0.0,0.0,Low,False
54,0.157894736842104,0.15062850713729858,0.193548387096774,1.0,0.0,0.0,Low,False
54,0.473684210526315,0.18566760420799255,0.318548387096774,1.0,0.0,0.0,Low,False
54,1.02631578947368,0.2827935516834259,0.383064516129032,1.0,0.0,0.0,Low,False
54,2.01315789473684,0.38453787565231323,0.491935483870967,0.6928,0.3072,0.0,Medium,True
54,3.03947368421052,0.39641937613487244,0.59274193548387,0.6215,0.3785,0.0,Medium,True
54,4.02631578947368,0.5058767795562744,0.641129032258064,0.0,0.9647,0.0353,Medium,True
54,5.01315789473684,0.5153778791427612,0.701612903225806,0.0,0.9077,0.0923,Medium,True
54,6.0,0.5989027619361877,0.782258064516129,0.0,0.4066,0.5934,Medium,True
54,6.98684210526315,0.5983231663703918,0.854838709677419,0.0,0.4101,0.5899,Medium,True
54,10.0263157894736,0.6332188248634338,1.01209677419354,0.0,0.2007,0.7993,Medium,True
54,13.0263157894736,0.648748517036438,1.00403225806451,0.0,0.1075,0.8925,Medium,True
54,16.0263157894736,0.6558752059936523,1.00403225806451,0.0,0.0647,0.9353,Medium,True
54,19.0263157894736,0.7118169069290161,1.00806451612903,0.0,0.0,1.0,High,False
54,24.9868421052631,0.777103841304779,1.02016129032258,0.0,0.0,1.0,High,False
54,30.078947368421,0.8820279836654663,1.00806451612903,0.0,0.0,1.0,High,False
55,0.0,0.009571424685418606,0.0,1.0,0.0,0.0,Low,False
55,0.0394736842105265,0.009571424685418606,0.229838709677419,1.0,0.0,0.0,Low,False
55,0.197368421052631,0.11141150444746017,0.435483870967741,1.0,0.0,0.0,Low,False
55,0.276315789473684,0.11848465353250504,0.487903225806451,1.0,0.0,0.0,Low,False
55,0.513157894736842,0.11129264533519745,0.524193548387096,1.0,0.0,0.0,Low,False
55,0.986842105263158,0.1547023206949234,0.552419354838709,1.0,0.0,0.0,Low,False
55,2.01315789473684,0.20411363244056702,0.584677419354838,1.0,0.0,0.0,Low,False
55,2.96052631578947,0.22328947484493256,0.612903225806451,1.0,0.0,0.0,Low,False
55,4.02631578947368,0.32679763436317444,0.641129032258064,1.0,0.0,0.0,Low,False
55,5.01315789473684,0.3586953580379486,0.693548387096774,0.8478,0.1522,0.0,Medium,True
55,6.0,0.40837863087654114,0.725806451612903,0.5497,0.4503,0.0,Medium,True
55,7.02631578947368,0.42426595091819763,0.758064516129032,0.4544,0.5456,0.0,Medium,True
55,10.0263157894736,0.5335478186607361,0.810483870967741,0.0,0.7987,0.2013,Medium,True
55,13.0657894736842,0.5790441632270813,0.854838709677419,0.0,0.5257,0.4743,Medium,True
55,16.0263157894736,0.6217626929283142,0.89516129032258,0.0,0.2694,0.7306,Medium,True
55,18.9868421052631,0.7174605131149292,0.951612903225806,0.0,0.0,1.0,High,False
55,25.0263157894736,0.7535068988800049,1.00403225806451,0.0,0.0,1.0,High,False
55,30.0,0.754660964012146,0.995967741935483,0.0,0.0,1.0,High,False
56,0.0,0.041928909718990326,0.0,1.0,0.0,0.0,Low,False
56,0.0789473684210526,0.14495065808296204,0.310483870967741,1.0,0.0,0.0,Low,False
56,0.197368421052631,0.2311841994524002,0.354838709677419,1.0,0.0,0.0,Low,False
56,0.31578947368421,0.244040846824646,0.399193548387096,1.0,0.0,0.0,Low,False
56,0.513157894736842,0.29690077900886536,0.471774193548387,1.0,0.0,0.0,Low,False
56,1.02631578947368,0.34428271651268005,0.528225806451612,0.9343,0.0657,0.0,Medium,True
56,2.01315789473684,0.4419957399368286,0.612903225806451,0.348,0.652,0.0,Medium,True
56,3.03947368421052,0.4332830607891083,0.669354838709677,0.4003,0.5997,0.0,Medium,True
56,4.02631578947368,0.5399436950683594,0.762096774193548,0.0,0.7603,0.2397,Medium,True
56,5.01315789473684,0.5737054347991943,0.866935483870967,0.0,0.5578,0.4422,Medium,True
56,6.03947368421052,0.6561623215675354,0.931451612903225,0.0,0.063,0.937,Medium,True
56,7.02631578947368,0.6548753976821899,0.975806451612903,0.0,0.0707,0.9293,Medium,True
56,10.0263157894736,0.7069208025932312,0.995967741935483,0.0,0.0,1.0,High,False
56,13.0263157894736,0.7515514492988586,0.983870967741935,0.0,0.0,1.0,High,False
56,15.9868421052631,0.7620288133621216,0.983870967741935,0.0,0.0,1.0,High,False
56,19.0263157894736,0.8240143060684204,0.995967741935483,0.0,0.0,1.0,High,False
56,25.0263157894736,0.8679537773132324,1.01209677419354,0.0,0.0,1.0,High,False
56,30.0394736842105,0.9053997993469238,1.00806451612903,0.0,0.0,1.0,High,False
57,0.186711766737714,0.029164183884859085,0.0829493087557602,1.0,0.0,0.0,Low,False
57,0.324981676340995,0.04951222240924835,0.108294930875575,1.0,0.0,0.0,Low,False
57,0.372159832854531,0.05569516867399216,0.140552995391705,1.0,0.0,0.0,Low,False
57,0.9682052923782,0.14792707562446594,0.182027649769585,1.0,0.0,0.0,Low,False
57,1.47242184011659,0.22877544164657593,0.214285714285714,1.0,0.0,0.0,Low,False
57,1.97895517232664,0.25714191794395447,0.297235023041474,1.0,0.0,0.0,Low,False
57,2.4858044296919,0.2738867998123169,0.387096774193548,1.0,0.0,0.0,Low,False
57,2.94831885694066,0.2738867998123169,0.506912442396313,1.0,0.0,0.0,Low,False
57,3.49813393541647,0.2623807191848755,0.536866359447004,1.0,0.0,0.0,Low,False
57,3.95685726080253,0.2661140561103821,0.573732718894009,1.0,0.0,0.0,Low,False
57,4.4607578833857,0.2647373676300049,0.599078341013824,1.0,0.0,0.0,Low,False
57,5.01109950378688,0.2708792984485626,0.640552995391705,1.0,0.0,0.0,Low,False
57,5.51500012637006,0.25126996636390686,0.66589861751152,1.0,0.0,0.0,Low,False
57,5.97456591883672,0.24796192348003387,0.721198156682027,1.0,0.0,0.0,Low,False
57,6.47878246657511,0.2518490254878998,0.753456221198156,1.0,0.0,0.0,Low,False
57,7.02922939536137,0.257172167301178,0.797235023041474,1.0,0.0,0.0,Low,False
57,13.7512742314594,0.34526464343070984,0.875576036866359,0.9284,0.0716,0.0,Medium,True
57,21.0205014364063,0.5271739959716797,0.92626728110599,0.0,0.837,0.163,Medium,True
57,28.0165586904691,0.7066608667373657,0.999999999999999,0.0,0.0,1.0,High,False
58,0.0,0.002980307675898075,0.0,1.0,0.0,0.0,Low,False
58,0.203248396718553,0.09880774468183517,0.0395706175927981,1.0,0.0,0.0,Low,False
58,0.40775055325237,0.11461949348449707,0.0978911567471692,1.0,0.0,0.0,Low,False
58,1.0135951573161,0.22997750341892242,0.15826992022289,1.0,0.0,0.0,Low,False
58,1.95433293870089,0.2881104648113251,0.226961065256588,1.0,0.0,0.0,Low,False
58,2.96263444346367,0.38510510325431824,0.306064649997281,0.6894,0.3106,0.0,Medium,True
58,4.90679799699633,0.4379698932170868,0.380943018143331,0.3722,0.6278,0.0,Medium,True
58,7.98714655644847,0.621496319770813,0.447416970310532,0.0,0.271,0.729,Medium,True
58,9.92977773687358,0.6615878939628601,0.499378767659104,0.0,0.0305,0.9695,Medium,True
58,12.9417267330708,0.7337232828140259,0.542940332411594,0.0,0.0,1.0,High,False
58,16.9564049681853,0.7906569838523865,0.582272497186675,0.0,0.0,1.0,High,False
58,18.0952368003815,0.832362949848175,0.613451248948925,0.0,0.0,1.0,High,False
58,19.0329098355512,0.8406205177307129,0.636309252387665,0.0,0.0,1.0,High,False
58,19.9705828707209,0.844386100769043,0.659167255826406,0.0,0.0,1.0,High,False
58,20.9745658694533,0.8451288938522339,0.673687777410569,0.0,0.0,1.0,High,False
58,26.0588405336322,0.896442711353302,0.708786358825473,0.0,0.0,1.0,High,False
58,27.9996607276575,0.9017297029495239,0.733664936140662,0.0,0.0,1.0,High,False
59,0.0,-0.10409780591726303,0.0,1.0,0.0,0.0,Low,False
59,1.0,0.12857317924499512,0.327272727,1.0,0.0,0.0,Low,False
59,2.0,0.15828779339790344,0.535064935,1.0,0.0,0.0,Low,False
59,3.0,0.18479248881340027,0.675324675,1.0,0.0,0.0,Low,False
59,4.0,0.2261177897453308,0.774025974,1.0,0.0,0.0,Low,False
59,7.0,0.34805595874786377,0.872727273,0.9117,0.0883,0.0,Medium,True
59,8.0,0.3770081698894501,0.919480519,0.738,0.262,0.0,Medium,True
59,9.0,0.4233854413032532,0.955844156,0.4597,0.5403,0.0,Medium,True
59,10.0,0.4345793128013611,0.971428571,0.3925,0.6075,0.0,Medium,True
59,11.0,0.49840742349624634,0.981818182,0.0096,0.9904,0.0,Medium,True
59,14.0,0.519293487071991,0.992207792,0.0,0.8842,0.1158,Medium,True
60,0.0,-0.05921364575624466,0.0,1.0,0.0,0.0,Low,False
60,1.0,0.22457055747509003,0.305882353,1.0,0.0,0.0,Low,False
60,2.0,0.2753732204437256,0.545882353,1.0,0.0,0.0,Low,False
60,3.0,0.3605455756187439,0.701176471,0.8367,0.1633,0.0,Medium,True
60,4.0,0.5030120611190796,0.842352941,0.0,0.9819,0.0181,Medium,True
60,7.0,0.6575429439544678,0.927058824,0.0,0.0547,0.9453,Medium,True
60,8.0,0.7105401158332825,0.969411765,0.0,0.0,1.0,High,False
60,9.0,0.7344180941581726,0.988235294,0.0,0.0,1.0,High,False
60,10.0,0.7399573922157288,0.997647059,0.0,0.0,1.0,High,False
60,11.0,0.741291880607605,1.002352941,0.0,0.0,1.0,High,False
60,14.0,0.7487262487411499,1.007058824,0.0,0.0,1.0,High,False
61,0.0,-0.018170533701777458,0.0,1.0,0.0,0.0,Low,False
61,0.636042402826854,0.11698362231254578,0.0386473429951692,1.0,0.0,0.0,Low,False
61,0.954063604240282,0.16177232563495636,0.103864734299517,1.0,0.0,0.0,Low,False
61,1.59010600706713,0.1973889172077179,0.188405797101449,1.0,0.0,0.0,Low,False
61,2.54416961130742,0.25811758637428284,0.285024154589372,1.0,0.0,0.0,Low,False
61,4.53180212014134,0.37452417612075806,0.318840579710145,0.7529,0.2471,0.0,Medium,True
61,7.47349823321554,0.5409389138221741,0.355072463768116,0.0,0.7544,0.2456,Medium,True
61,10.4946996466431,0.6281247735023499,0.388888888888889,0.0,0.2313,0.7687,Medium,True
61,14.4699646643109,0.6847773194313049,0.415458937198067,0.0,0.0,1.0,High,False
61,21.3074204946996,0.6673696637153625,0.620772946859903,0.0,0.0,1.0,High,False
61,28.2243816254416,0.6831191778182983,0.722222222222222,0.0,0.0,1.0,High,False
61,35.1413427561837,0.7127445936203003,0.826086956521739,0.0,0.0,1.0,High,False
61,42.0583038869257,0.7435274124145508,0.927536231884058,0.0,0.0,1.0,High,False
62,0.0,-0.0606103241443634,0.0,1.0,0.0,0.0,Low,False
62,0.715547703180211,0.11888077855110168,0.0386473429951692,1.0,0.0,0.0,Low,False
62,0.954063604240282,0.14100603759288788,0.0821256038647344,1.0,0.0,0.0,Low,False
62,1.66961130742049,0.1943887323141098,0.13768115942029,1.0,0.0,0.0,Low,False
62,2.62367491166077,0.2622230052947998,0.195652173913043,1.0,0.0,0.0,Low,False
62,4.53180212014134,0.3239422142505646,0.243961352657004,1.0,0.0,0.0,Low,False
62,7.5530035335689,0.4259819984436035,0.340579710144927,0.4441,0.5559,0.0,Medium,True
62,10.4946996466431,0.4760647118091583,0.36231884057971,0.1436,0.8564,0.0,Medium,True
62,14.4699646643109,0.5279839634895325,0.405797101449275,0.0,0.8321,0.1679,Medium,True
62,21.386925795053,0.6243428587913513,0.538647342995169,0.0,0.2539,0.7461,Medium,True
62,28.2243816254416,0.6850706338882446,0.630434782608695,0.0,0.0,1.0,High,False
62,35.1413427561837,0.7227140665054321,0.756038647342995,0.0,0.0,1.0,High,False
62,42.0583038869257,0.7424144148826599,0.792270531400966,0.0,0.0,1.0,High,False
63,0.0,-0.08550536632537842,0.0,1.0,0.0,0.0,Low,False
63,1.02996482241394,0.03407382592558861,0.382542694497153,1.0,0.0,0.0,Low,False
63,3.06397086086937,0.06124512478709221,0.421252371916508,1.0,0.0,0.0,Low,False
63,6.01789102737869,0.14505058526992798,0.453130929791271,1.0,0.0,0.0,Low,False
63,9.03786653704863,0.2439340353012085,0.478178368121442,1.0,0.0,0.0,Low,False
63,12.0584652103333,0.3313971161842346,0.491840607210626,1.0,0.0,0.0,Low,False
63,15.0140056022408,0.43179842829704285,0.494117647058823,0.4092,0.5908,0.0,Medium,True
63,18.0349781736943,0.6041422486305237,0.500948766603415,0.0,0.3751,0.6249,Medium,True
63,20.0051722580022,0.6206875443458557,0.50550284629981,0.0,0.2759,0.7241,Medium,True
63,24.9932230956898,0.7467666864395142,0.57381404174573,0.0,0.0,1.0,High,False
63,29.9807754024858,0.7754818797111511,0.65123339658444,0.0,0.0,1.0,High,False
63,34.969823301957,0.8290987610816956,0.701328273244781,0.0,0.0,1.0,High,False
63,39.9583726705365,0.8265675902366638,0.760531309297912,0.0,0.0,1.0,High,False
64,0.0,0.03690066561102867,0.0,1.0,0.0,0.0,Low,False
64,0.0425531914893619,0.03690066561102867,0.118246458458677,1.0,0.0,0.0,Low,False
64,0.340425531914894,0.17108088731765747,0.287873981294098,1.0,0.0,0.0,Low,False
64,0.978723404255319,0.26488009095191956,0.534578570256522,1.0,0.0,0.0,Low,False
64,2.04255319148936,0.39000099897384644,0.629557512443253,0.66,0.34,0.0,Medium,True
64,3.02127659574468,0.41107064485549927,0.701411146967127,0.5336,0.4664,0.0,Medium,True
64,4.04255319148936,0.47756558656692505,0.73469890061806,0.1346,0.8654,0.0,Medium,True
64,7.02127659574468,0.6370660066604614,0.819148936170212,0.0,0.1776,0.8224,Medium,True
64,8.0,0.6559270024299622,0.860154241645244,0.0,0.0644,0.9356,Medium,True
64,11.0212765957446,0.7731583118438721,0.965164360334737,0.0,0.0,1.0,High,False
64,14.0,0.7760266661643982,1.00077120822622,0.0,0.0,1.0,High,False
64,16.0,0.8219351768493652,0.995372750642673,0.0,0.0,1.0,High,False
64,17.0212765957446,0.8216615915298462,0.995241481157359,0.0,0.0,1.0,High,False
64,18.0425531914893,0.8623539209365845,1.00025159984685,0.0,0.0,1.0,High,False
64,22.0425531914893,0.8939458727836609,0.994596072854564,0.0,0.0,1.0,High,False
65,0.0,-0.03438325971364975,0.0,1.0,0.0,0.0,Low,False
65,0.170212765957446,0.07100480794906616,0.035967838976098,1.0,0.0,0.0,Low,False
65,0.51063829787234,0.12278559058904648,0.0719137997046437,1.0,0.0,0.0,Low,False
65,1.02127659574468,0.2152230441570282,0.120691352622654,1.0,0.0,0.0,Low,False
65,2.0,0.2530452609062195,0.182262210796915,1.0,0.0,0.0,Low,False
65,3.02127659574468,0.31833088397979736,0.220691352622655,1.0,0.0,0.0,Low,False
65,4.12765957446808,0.402765154838562,0.264250943499425,0.5834,0.4166,0.0,Medium,True
65,7.02127659574468,0.5967468023300171,0.477246622545534,0.0,0.4195,0.5805,Medium,True
65,8.0,0.6190978288650513,0.618508997429305,0.0,0.2854,0.7146,Medium,True
65,9.02127659574468,0.6801934838294983,0.764907290925996,0.0,0.0,1.0,High,False
65,10.0,0.6896272301673889,0.908740359897172,0.0,0.0,1.0,High,False
65,11.0212765957446,0.7445386052131653,0.952310889897719,0.0,0.0,1.0,High,False
65,16.0425531914893,0.7976401448249817,0.995367281080785,0.0,0.0,1.0,High,False
65,16.9787234042553,0.7983004450798035,0.992676256631843,0.0,0.0,1.0,High,False
65,17.9148936170212,0.7989003658294678,0.997697314445112,0.0,0.0,1.0,High,False
65,22.0,0.8611878752708435,0.992030848329048,0.0,0.0,1.0,High,False
66,0.0,-0.004630533047020435,0.0,1.0,0.0,0.0,Low,False
66,0.085106382978723,0.052256178110837936,0.0385494721872778,1.0,0.0,0.0,Low,False
66,0.297872340425531,0.09009632468223572,0.071941147514084,1.0,0.0,0.0,Low,False
66,0.978723404255319,0.17702996730804443,0.102701963572717,1.0,0.0,0.0,Low,False
66,1.91489361702127,0.2392783910036087,0.141142044522233,1.0,0.0,0.0,Low,False
66,2.97872340425531,0.3038570284843445,0.176995022698681,1.0,0.0,0.0,Low,False
66,3.91489361702127,0.3154604136943817,0.192298856861565,1.0,0.0,0.0,Low,False
66,7.02127659574468,0.5179603099822998,0.356424000437564,0.0,0.8922,0.1078,Medium,True
66,8.0,0.540311336517334,0.466838046272493,0.0,0.7581,0.2419,Medium,True
66,9.02127659574468,0.596812903881073,0.582388010720341,0.0,0.4191,0.5809,Medium,True
66,9.95744680851063,0.5988768935203552,0.700519608379368,0.0,0.4067,0.5933,Medium,True
66,11.0212765957446,0.6484299898147583,0.777503691954274,0.0,0.1094,0.8906,Medium,True
66,16.0,0.7364668250083923,0.990231362467866,0.0,0.0,1.0,High,False
66,16.9361702127659,0.7337003350257874,0.972116173494503,0.0,0.0,1.0,High,False
66,18.0425531914893,0.7645318508148193,0.989968823497237,0.0,0.0,1.0,High,False
66,22.0,0.8208548426628113,0.992030848329048,0.0,0.0,1.0,High,False
67,0.0,-0.052007872611284256,0.0,1.0,0.0,0.0,Low,False
67,0.000591265529958029,-0.052007872611284256,0.0173536433042873,1.0,0.0,0.0,Low,False
67,0.206056037190601,0.12118669599294662,0.0477446915441639,1.0,0.0,0.0,Low,False
67,0.855635130041462,0.22084710001945496,0.112891066716924,1.0,0.0,0.0,Low,False
67,1.19723878997509,0.28135356307029724,0.138958485768977,1.0,0.0,0.0,Low,False
67,1.91436996962373,0.30581915378570557,0.186758608456575,1.0,0.0,0.0,Low,False
67,2.9724396354848,0.4187290072441101,0.241103301478903,0.4876,0.5124,0.0,Medium,True
67,3.92918117114919,0.44734033942222595,0.321467373228974,0.316,0.684,0.0,Medium,True
67,6.97005979172671,0.5697565078735352,0.571254887179146,0.0,0.5815,0.4185,Medium,True
67,7.96257289195361,0.5865112543106079,0.701514378838606,0.0,0.4809,0.5191,Medium,True
67,8.99026629121305,0.6370177865028381,0.864315647103168,0.0,0.1779,0.8221,Medium,True
67,10.0158163529263,0.6469272971153259,0.964209958389688,0.0,0.1184,0.8816,Medium,True
67,13.9693133189951,0.7922528386116028,0.999345912507483,0.0,0.0,1.0,High,False
67,14.9915375121024,0.8472878336906433,1.00162598020738,0.0,0.0,1.0,High,False
67,16.0818311493462,0.882876992225647,1.00174423331337,0.0,0.0,1.0,High,False
67,17.0017664057707,0.8848209977149963,1.00184400937155,0.0,0.0,1.0,High,False
67,18.0920600430145,0.9463039636611938,1.00196226247755,0.0,0.0,1.0,High,False
68,0.0,-0.03188909962773323,0.0,1.0,0.0,0.0,Low,False
68,0.000739081912447758,-0.03188909962773323,0.0216920541303591,1.0,0.0,0.0,Low,False
68,0.240201621545715,0.12917155027389526,0.049917592366762,1.0,0.0,0.0,Low,False
68,0.889706806205331,0.24584732949733734,0.112894762126486,1.0,0.0,0.0,Low,False
68,1.26471696858162,0.3034311532974243,0.119443027870779,1.0,0.0,0.0,Low,False
68,1.94711129834519,0.34803542494773865,0.14771660643149,0.9118,0.0882,0.0,Medium,True
68,2.9365202545398,0.4384198784828186,0.186869470743442,0.3695,0.6305,0.0,Medium,True
68,3.96000088689829,0.5141046643257141,0.226026030464956,0.0,0.9154,0.0846,Medium,True
68,6.9631124217497,0.6280244588851929,0.367349578353769,0.0,0.2319,0.7681,Medium,True
68,8.02192116952322,0.6481282711029053,0.443386325506455,0.0,0.1112,0.8888,Medium,True
68,8.98117558368994,0.7018610239028931,0.597503381299749,0.0,0.0,1.0,High,False
68,10.0094602484793,0.7090912461280823,0.777658292868598,0.0,0.0,1.0,High,False
68,14.0376783958966,0.8361104726791382,1.00586091956571,0.0,0.0,1.0,High,False
68,15.0938264487853,0.8615365028381348,1.0038062718491,0.0,0.0,1.0,High,False
68,16.2180439458105,0.8714289665222168,0.999589809538591,0.0,0.0,1.0,High,False
68,17.1382009268087,0.8938392400741577,1.00619720183587,0.0,0.0,1.0,High,False
68,18.023990598878,0.9348559379577637,1.00412407707146,0.0,0.0,1.0,High,False
69,0.0,-0.04889882355928421,0.0,1.0,0.0,0.0,Low,False
69,0.231884057971014,0.04135872796177864,0.0630434782608695,1.0,0.0,0.0,Low,False
69,0.927536231884057,0.12474600970745087,0.163938618925831,1.0,0.0,0.0,Low,False
69,4.96231884057971,0.3487662076950073,0.381063207891852,0.9074,0.0926,0.0,Medium,True
69,7.00289855072463,0.42322883009910583,0.469459261965655,0.4606,0.5394,0.0,Medium,True
69,11.9652173913043,0.6055092215538025,1.07741322616002,0.0,0.3669,0.6331,Medium,True
69,20.0347826086956,0.7758326530456543,1.06040189989039,0.0,0.0,1.0,High,False
70,0.0,-0.04699884355068207,0.0,1.0,0.0,0.0,Low,False
70,0.136170212765956,0.008086607791483402,0.0751515151515151,1.0,0.0,0.0,Low,False
70,0.998581560283687,0.044110286980867386,0.126060606060606,1.0,0.0,0.0,Low,False
70,4.99290780141843,0.2809363305568695,0.363636363636363,1.0,0.0,0.0,Low,False
70,7.0354609929078,0.33810344338417053,0.545454545454545,0.9714,0.0286,0.0,Medium,True
70,11.9375886524822,0.5792248249053955,0.911515151515151,0.0,0.5247,0.4753,Medium,True
70,14.9787234042553,0.6401795744895935,1.0690909090909,0.0,0.1589,0.8411,Medium,True
71,0.0,-0.012178342789411545,0.0,1.0,0.0,0.0,Low,False
71,0.983147903620128,0.06641783565282822,0.0403587443946185,1.0,0.0,0.0,Low,False
71,4.99878413889578,0.35560908913612366,0.0914798206278024,0.8663,0.1337,0.0,Medium,True
71,6.96026879682045,0.4377386271953583,0.121076233183856,0.3736,0.6264,0.0,Medium,True
71,11.9638640850318,0.6986123323440552,0.27982062780269,0.0,0.0,1.0,High,False
71,15.0078573389637,0.7326797842979431,0.433183856502241,0.0,0.0,1.0,High,False
71,20.0231667298565,0.8864905834197998,0.742600896860986,0.0,0.0,1.0,High,False
71,24.9773954424819,0.9976075291633606,0.866367713004484,0.0,0.0,1.0,High,False
71,30.0148779563074,1.0313599109649658,0.860986547085201,0.0,0.0,1.0,High,False
72,0.0,-0.03171415254473686,0.0,1.0,0.0,0.0,Low,False
72,0.881159420289855,0.06542295962572098,0.0857837047862621,1.0,0.0,0.0,Low,False
72,4.8695652173913,0.3331112861633301,0.164249177932042,1.0,0.0,0.0,Low,False
72,6.95652173913043,0.43336910009384155,0.232480818414322,0.3998,0.6002,0.0,Medium,True
72,11.9652173913043,0.6131802201271057,0.351362805991961,0.0,0.3209,0.6791,Medium,True
72,15.0260869565217,0.6544952988624573,0.349082937522834,0.0,0.073,0.927,Medium,True
72,20.0347826086956,0.7835037708282471,0.467964925100474,0.0,0.0,1.0,High,False
72,25.0434782608695,0.8737627863883972,0.632225063938618,0.0,0.0,1.0,High,False
72,29.959420289855,0.8964349627494812,0.862024113993423,0.0,0.0,1.0,High,False
73,0.0,-0.05292755365371704,0.0,1.0,0.0,0.0,Low,False
73,0.272340425531914,0.020102335140109062,0.0703030303030303,1.0,0.0,0.0,Low,False
73,0.953191489361701,0.12300460040569305,0.126060606060606,1.0,0.0,0.0,Low,False
73,6.99007092198581,0.4925766885280609,0.431515151515151,0.0445,0.9555,0.0,Medium,True
73,11.9829787234042,0.6870647072792053,0.606060606060606,0.0,0.0,1.0,High,False
73,19.9716312056737,0.7891284227371216,1.07393939393939,0.0,0.0,1.0,High,False
74,0.0,0.006357904523611069,0.0,1.0,0.0,0.0,Low,False
74,0.194956137483821,0.12015430629253387,0.102242152466367,1.0,0.0,0.0,Low,False
74,0.998836433997045,0.2125784456729889,0.242152466367712,1.0,0.0,0.0,Low,False
74,5.00526873145158,0.5127583146095276,0.774887892376681,0.0,0.9235,0.0765,Medium,True
74,7.12573049719567,0.597095787525177,1.04932735426008,0.0,0.4174,0.5826,Medium,True
74,12.0728470760501,0.768374502658844,1.08161434977578,0.0,0.0,1.0,High,False
75,0.0,0.03958030045032501,0.0,1.0,0.0,0.0,Low,False
75,0.185507246376811,0.1137089878320694,0.0680818414322248,1.0,0.0,0.0,Low,False
75,0.927536231884057,0.185618594288826,0.163938618925831,1.0,0.0,0.0,Low,False
75,4.9159420289855,0.49111416935920715,0.423916697113627,0.0533,0.9467,0.0,Medium,True
75,7.00289855072463,0.6424520611763,0.499711362805991,0.0,0.1453,0.8547,Medium,True
75,12.0115942028985,0.7889318466186523,0.643803434417244,0.0,0.0,1.0,High,False
75,20.0347826086956,0.9110252261161804,0.825948118377785,0.0,0.0,1.0,High,False
75,24.9971014492753,0.8984448313713074,0.841465107782243,0.0,0.0,1.0,High,False
75,29.959420289855,0.9099040031433105,0.887234198027036,0.0,0.0,1.0,High,False
76,0.0,0.026897141709923744,0.0,1.0,0.0,0.0,Low,False
76,0.3177304964539,0.10570530593395233,0.0484848484848485,1.0,0.0,0.0,Low,False
76,0.998581560283687,0.19199705123901367,0.111515151515151,1.0,0.0,0.0,Low,False
76,4.94751773049645,0.4140474498271942,0.346666666666666,0.5157,0.4843,0.0,Medium,True
76,6.99007092198581,0.557766318321228,0.453333333333333,0.0,0.6534,0.3466,Medium,True
76,11.9829787234042,0.7982099652290344,0.562424242424242,0.0,0.0,1.0,High,False
76,14.9787234042553,0.8193709850311279,0.698181818181818,0.0,0.0,1.0,High,False
76,20.0624113475177,0.9266572594642639,0.843636363636363,0.0,0.0,1.0,High,False
76,24.9645390070921,0.9217623472213745,0.88,0.0,0.0,1.0,High,False
76,30.0936170212765,0.940775990486145,1.00121212121212,0.0,0.0,1.0,High,False
77,0.0,0.07968880981206894,0.0,1.0,0.0,0.0,Low,False
77,0.194956137483821,0.18463106453418732,0.102242152466367,1.0,0.0,0.0,Low,False
77,0.950934121246192,0.261929988861084,0.226008968609865,1.0,0.0,0.0,Low,False
77,5.06802285295925,0.5713366270065308,0.382062780269058,0.0,0.572,0.428,Medium,True
77,7.08033834930512,0.662544846534729,0.465470852017937,0.0,0.0247,0.9753,Medium,True
77,11.9879198316097,0.8199275135993958,0.589237668161434,0.0,0.0,1.0,High,False
77,15.0712390016865,0.8253296613693237,0.648430493273542,0.0,0.0,1.0,High,False
77,20.1290120147995,0.9218083024024963,0.904035874439461,0.0,0.0,1.0,High,False
77,24.986808560708,0.932102382183075,0.98744394618834,0.0,0.0,1.0,High,False
77,30.0629894494633,0.9462252855300903,0.87982062780269,0.0,0.0,1.0,High,False
78,0.0,-0.02837369590997696,0.0,1.0,0.0,0.0,Low,False
78,0.185507246376811,0.03771037235856056,0.0529557910120566,1.0,0.0,0.0,Low,False
78,0.881159420289855,0.07474599778652191,0.108472780416514,1.0,0.0,0.0,Low,False
78,4.9159420289855,0.3271355628967285,0.292824260138837,1.0,0.0,0.0,Low,False
78,7.04927536231884,0.438684344291687,0.383748629886736,0.3679,0.6321,0.0,Medium,True
78,11.9652173913043,0.637062668800354,0.885816587504566,0.0,0.1776,0.8224,Medium,True
78,19.9884057971014,0.833112895488739,0.911658750456704,0.0,0.0,1.0,High,False
78,25.0434782608695,0.9376370310783386,0.821300694190719,0.0,0.0,1.0,High,False
79,0.0,-0.014268090948462486,0.0,1.0,0.0,0.0,Low,False
79,0.272340425531914,0.0350947268307209,0.0290909090909092,1.0,0.0,0.0,Low,False
79,0.907801418439715,0.05596645176410675,0.0775757575757576,1.0,0.0,0.0,Low,False
79,4.94751773049645,0.24388012290000916,0.256969696969697,1.0,0.0,0.0,Low,False
79,6.89929078014184,0.3513481914997101,0.4,0.8919,0.1081,0.0,Medium,True
79,11.9375886524822,0.6539000272750854,0.831515151515151,0.0,0.0766,0.9234,Medium,True
79,14.8879432624113,0.6860839128494263,0.972121212121212,0.0,0.0,1.0,High,False
79,20.0170212765957,0.8775262236595154,0.95030303030303,0.0,0.0,1.0,High,False
79,25.0099290780141,0.9764806032180786,0.8,0.0,0.0,1.0,High,False
79,30.0936170212765,1.0169090032577515,0.814545454545454,0.0,0.0,1.0,High,False
80,0.0,0.019018122926354408,0.0,1.0,0.0,0.0,Low,False
80,0.333224385205715,0.09336450695991516,0.0807174887892374,1.0,0.0,0.0,Low,False
80,0.947796415170809,0.12779462337493896,0.185650224215246,1.0,0.0,0.0,Low,False
80,4.93226477009766,0.3571406900882721,0.435874439461883,0.8572,0.1428,0.0,Medium,True
80,7.04101243316032,0.5166075825691223,0.559641255605381,0.0,0.9004,0.0996,Medium,True
80,11.9582162140961,0.7471147179603577,0.807174887892376,0.0,0.0,1.0,High,False
80,15.0055563545084,0.7971657514572144,1.00358744394618,0.0,0.0,1.0,High,False
80,20.0955431499954,0.9509907364845276,1.07354260089686,0.0,0.0,1.0,High,False
81,0.0,-0.027050694450736046,0.0,1.0,0.0,0.0,Low,False
81,0.056596126019468,0.03530469909310341,0.104910714285714,1.0,0.0,0.0,Low,False
81,0.111691824519863,0.03530469909310341,0.154017857142857,1.0,0.0,0.0,Low,False
81,0.193555149960536,0.05397576838731766,0.198660714285714,1.0,0.0,0.0,Low,False
81,0.248050677453301,0.06184380501508713,0.225446428571428,1.0,0.0,0.0,Low,False
81,0.35602144172586,0.061110541224479675,0.241071428571428,1.0,0.0,0.0,Low,False
81,0.518007596685082,0.09450118243694305,0.265625,1.0,0.0,0.0,Low,False
81,0.923543146540383,0.13183127343654633,0.348214285714285,1.0,0.0,0.0,Low,False
81,1.13960470928702,0.15458516776561737,0.383928571428571,1.0,0.0,0.0,Low,False
81,1.30105071033938,0.16943292319774628,0.388392857142857,1.0,0.0,0.0,Low,False
81,1.46261674559326,0.16943292319774628,0.397321428571428,1.0,0.0,0.0,Low,False
81,1.97510276900815,0.19275961816310883,0.457589285714285,1.0,0.0,0.0,Low,False
81,2.40548539857932,0.24529872834682465,0.464285714285714,1.0,0.0,0.0,Low,False
81,2.97078647066561,0.27265864610671997,0.488839285714285,1.0,0.0,0.0,Low,False
81,3.34841406866614,0.2981690764427185,0.533482142857143,1.0,0.0,0.0,Low,False
81,4.02078564851354,0.3333820402622223,0.540178571428571,0.9997,0.0003,0.0,Medium,False
81,4.47859609313338,0.32851842045783997,0.566964285714285,1.0,0.0,0.0,Low,False
81,4.99000180873454,0.38876983523368835,0.587053571428571,0.6674,0.3326,0.0,Medium,True
81,5.50134750723493,0.39138731360435486,0.604910714285714,0.6517,0.3483,0.0,Medium,True
81,5.985685510392,0.42155876755714417,0.618303571428571,0.4706,0.5294,0.0,Medium,True
81,6.2008468166272,0.4282677471637726,0.620535714285714,0.4304,0.5696,0.0,Medium,True
81,6.41612815706393,0.4282677471637726,0.627232142857143,0.4304,0.5696,0.0,Medium,True
81,7.00801680478821,0.4832806885242462,0.640625,0.1003,0.8997,0.0,Medium,True
81,7.4924748421468,0.4769824743270874,0.658482142857143,0.1381,0.8619,0.0,Medium,True
81,8.00370050644567,0.4863002896308899,0.671875,0.0822,0.9178,0.0,Medium,True
81,9.16023003814785,0.521150529384613,0.685267857142857,0.0,0.8731,0.1269,Medium,True
81,9.48288197184951,0.521150529384613,0.685267857142857,0.0,0.8731,0.1269,Medium,True
81,10.989491252302,0.6488344073295593,0.71875,0.0,0.107,0.893,Medium,True
81,12.9807386214154,0.6404517292976379,0.776785714285714,0.0,0.1573,0.8427,Medium,True
81,13.9769624769797,0.6391335129737854,0.828125,0.0,0.1652,0.8348,Medium,True
82,0.0,-0.038054242730140686,0.0,1.0,0.0,0.0,Low,False
82,1.04854368932038,0.06398075819015503,0.0348027842227378,1.0,0.0,0.0,Low,False
82,3.02912621359223,0.16402888298034668,0.062645011600928,1.0,0.0,0.0,Low,False
82,6.05825242718446,0.2121441811323166,0.0928074245939674,1.0,0.0,0.0,Low,False
82,8.03883495145631,0.2333446741104126,0.11368909512761,1.0,0.0,0.0,Low,False
82,10.0194174757281,0.2772579789161682,0.136890951276102,1.0,0.0,0.0,Low,False
82,13.0485436893203,0.30481982231140137,0.162412993039443,1.0,0.0,0.0,Low,False
82,15.0291262135922,0.34434622526168823,0.19953596287703,0.9339,0.0661,0.0,Medium,True
82,17.009708737864,0.4319489896297455,0.225058004640371,0.4083,0.5917,0.0,Medium,True
82,20.0388349514563,0.544864296913147,0.290023201856148,0.0,0.7308,0.2692,Medium,True
82,22.0194174757281,0.5781328678131104,0.373549883990719,0.0,0.5312,0.4688,Medium,True
82,24.0,0.6834281086921692,0.54292343387471,0.0,0.0,1.0,High,False
82,27.0291262135922,0.7455862164497375,0.7122969837587,0.0,0.0,1.0,High,False
82,29.009708737864,0.8025562763214111,0.819025522041763,0.0,0.0,1.0,High,False
82,30.9902912621359,0.8509714007377625,0.91415313225058,0.0,0.0,1.0,High,False
82,34.0194174757281,0.880000650882721,0.937354988399071,0.0,0.0,1.0,High,False
82,36.0,0.8385170698165894,0.955916473317865,0.0,0.0,1.0,High,False
82,37.9805825242718,0.8310728669166565,0.96983758700696,0.0,0.0,1.0,High,False
82,41.009708737864,0.8307939767837524,0.979118329466357,0.0,0.0,1.0,High,False
82,42.9902912621359,0.8238329887390137,0.981438515081206,0.0,0.0,1.0,High,False
82,45.0873786407767,0.8238329887390137,0.983758700696055,0.0,0.0,1.0,High,False
82,48.0,0.8238329887390137,0.990719257540603,0.0,0.0,1.0,High,False
82,49.9805825242718,0.8196566700935364,0.990719257540603,0.0,0.0,1.0,High,False
83,0.0,-0.03988640010356903,0.0,1.0,0.0,0.0,Low,False
83,0.932038834951459,0.06049441546201706,0.0139211136890951,1.0,0.0,0.0,Low,False
83,3.02912621359223,0.16355693340301514,0.0255220417633412,1.0,0.0,0.0,Low,False
83,6.05825242718446,0.23136381804943085,0.037122969837587,1.0,0.0,0.0,Low,False
83,8.03883495145631,0.2525644600391388,0.0510440835266821,1.0,0.0,0.0,Low,False
83,10.0194174757281,0.29105350375175476,0.0510440835266821,1.0,0.0,0.0,Low,False
83,13.0485436893203,0.3186153471469879,0.0788863109048723,1.0,0.0,0.0,Low,False
83,15.0291262135922,0.35778146982192993,0.102088167053364,0.8533,0.1467,0.0,Medium,True
83,17.009708737864,0.4328717887401581,0.118329466357308,0.4028,0.5972,0.0,Medium,True
83,20.0388349514563,0.5457868576049805,0.148491879350348,0.0,0.7253,0.2747,Medium,True
83,22.0194174757281,0.5790554285049438,0.19953596287703,0.0,0.5257,0.4743,Medium,True
83,24.0,0.6815559267997742,0.245939675174013,0.0,0.0,1.0,High,False
83,27.0291262135922,0.7486316561698914,0.445475638051044,0.0,0.0,1.0,High,False
83,29.009708737864,0.7922504544258118,0.612529002320185,0.0,0.0,1.0,High,False
83,30.9902912621359,0.8313831090927124,0.754060324825986,0.0,0.0,1.0,High,False
83,34.0194174757281,0.8585700988769531,0.870069605568445,0.0,0.0,1.0,High,False
83,36.0,0.8170865178108215,0.91183294663573,0.0,0.0,1.0,High,False
83,37.9805825242718,0.8096423149108887,0.923433874709976,0.0,0.0,1.0,High,False
83,41.009708737864,0.8093634247779846,0.939675174013921,0.0,0.0,1.0,High,False
83,42.9902912621359,0.8076233267784119,0.944315545243619,0.0,0.0,1.0,High,False
83,45.0873786407767,0.8076233267784119,0.948955916473317,0.0,0.0,1.0,High,False
83,48.0,0.8076233267784119,0.948955916473317,0.0,0.0,1.0,High,False
83,49.9805825242718,0.8034470081329346,0.960556844547563,0.0,0.0,1.0,High,False
84,0.0,-0.020776188001036644,0.0,1.0,0.0,0.0,Low,False
84,1.04854368932038,0.0812588557600975,0.0974477958236659,1.0,0.0,0.0,Low,False
84,3.02912621359223,0.1835474818944931,0.11368909512761,1.0,0.0,0.0,Low,False
84,6.05825242718446,0.249135822057724,0.127610208816705,1.0,0.0,0.0,Low,False
84,8.03883495145631,0.2703365087509155,0.153132250580046,1.0,0.0,0.0,Low,False
84,10.0194174757281,0.3142496943473816,0.174013921113689,1.0,0.0,0.0,Low,False
84,13.0485436893203,0.34410056471824646,0.218097447795823,0.9354,0.0646,0.0,Medium,True
84,15.0291262135922,0.3895148038864136,0.269141531322505,0.6629,0.3371,0.0,Medium,True
84,17.009708737864,0.4842251241207123,0.327146171693735,0.0946,0.9054,0.0,Medium,True
84,20.0388349514563,0.5971404910087585,0.408352668213457,0.0,0.4172,0.5828,Medium,True
84,22.0194174757281,0.6304090619087219,0.498839907192575,0.0,0.2175,0.7825,Medium,True
84,24.0,0.7357043027877808,0.640371229698375,0.0,0.0,1.0,High,False
84,27.0291262135922,0.7911548018455505,0.79814385150812,0.0,0.0,1.0,High,False
84,29.009708737864,0.8353727459907532,0.921113689095127,0.0,0.0,1.0,High,False
84,30.9902912621359,0.889710009098053,0.944315545243619,0.0,0.0,1.0,High,False
84,34.0194174757281,0.9128931760787964,0.965197215777262,0.0,0.0,1.0,High,False
84,36.0,0.8714095950126648,0.972157772621809,0.0,0.0,1.0,High,False
84,37.9805825242718,0.8639653921127319,0.976798143851508,0.0,0.0,1.0,High,False
84,41.009708737864,0.8636865019798279,0.983758700696055,0.0,0.0,1.0,High,False
84,42.9902912621359,0.8567255139350891,0.988399071925754,0.0,0.0,1.0,High,False
84,44.9708737864077,0.8567255139350891,0.988399071925754,0.0,0.0,1.0,High,False
84,48.0,0.8567255139350891,0.990719257540603,0.0,0.0,1.0,High,False
84,49.9805825242718,0.8525491952896118,0.990719257540603,0.0,0.0,1.0,High,False
85,0.0,0.003984217066317797,0.0,1.0,0.0,0.0,Low,False
85,1.0,0.3300061523914337,0.300248138957816,1.0,0.0,0.0,Low,False
85,2.0,0.3960900604724884,0.384615384615384,0.6235,0.3765,0.0,Medium,True
85,3.0,0.40737199783325195,0.419354838709677,0.5558,0.4442,0.0,Medium,True
85,4.01515151515151,0.5154227614402771,0.503722084367245,0.0,0.9075,0.0925,Medium,True
85,4.98484848484848,0.5435505509376526,0.632754342431761,0.0,0.7387,0.2613,Medium,True
85,5.98484848484848,0.6282371878623962,0.679900744416873,0.0,0.2306,0.7694,Medium,True
85,6.98484848484848,0.6282371878623962,0.771712158808933,0.0,0.2306,0.7694,Medium,True
85,7.98484848484848,0.6528612971305847,0.86848635235732,0.0,0.0828,0.9172,Medium,True
85,8.98484848484848,0.6555134654045105,0.933002481389578,0.0,0.0669,0.9331,Medium,True
85,9.96969696969697,0.6558910012245178,0.930521091811414,0.0,0.0647,0.9353,Medium,True
85,10.9848484848484,0.6589401960372925,0.945409429280397,0.0,0.0464,0.9536,Medium,True
85,11.9696969696969,0.6600967645645142,0.90818858560794,0.0,0.0394,0.9606,Medium,True
86,0.0,-0.02238105610013008,0.0,1.0,0.0,0.0,Low,False
86,1.0,0.2531717121601105,0.1712158808933,1.0,0.0,0.0,Low,False
86,1.98484848484848,0.2856566309928894,0.183622828784118,1.0,0.0,0.0,Low,False
86,2.98484848484848,0.3714064359664917,0.223325062034739,0.7716,0.2284,0.0,Medium,True
86,3.98484848484848,0.44566187262535095,0.349875930521091,0.326,0.674,0.0,Medium,True
86,4.98484848484848,0.4680296778678894,0.459057071960297,0.1918,0.8082,0.0,Medium,True
86,5.98484848484848,0.5447537302970886,0.538461538461538,0.0,0.7315,0.2685,Medium,True
86,6.98484848484848,0.5436100959777832,0.620347394540942,0.0,0.7383,0.2617,Medium,True
86,7.96969696969697,0.5706591606140137,0.759305210918114,0.0,0.576,0.424,Medium,True
86,8.96969696969697,0.5937936305999756,0.851116625310173,0.0,0.4372,0.5628,Medium,True
86,9.95454545454545,0.5966488122940063,0.898263027295285,0.0,0.4201,0.5799,Medium,True
86,10.9696969696969,0.649581789970398,0.910669975186104,0.0,0.1025,0.8975,Medium,True
86,11.9545454545454,0.6507383584976196,0.933002481389578,0.0,0.0956,0.9044,Medium,True
87,0.0,0.06317711621522903,0.0,1.0,0.0,0.0,Low,False
87,1.01515151515151,0.25435155630111694,0.114143920595533,1.0,0.0,0.0,Low,False
87,2.0,0.3017822206020355,0.141439205955334,1.0,0.0,0.0,Low,False
87,3.0,0.32165318727493286,0.1712158808933,1.0,0.0,0.0,Low,False
87,4.0,0.4271068572998047,0.267990074441687,0.4374,0.5626,0.0,Medium,True
87,4.98484848484848,0.4674783945083618,0.327543424317617,0.1951,0.8049,0.0,Medium,True
87,6.0,0.6170290112495422,0.47394540942928,0.0,0.2978,0.7022,Medium,True
87,6.98484848484848,0.6210889220237732,0.600496277915632,0.0,0.2735,0.7265,Medium,True
87,7.98484848484848,0.6563242673873901,0.672456575682382,0.0,0.0621,0.9379,Medium,True
87,8.98484848484848,0.6744902729988098,0.744416873449131,0.0,0.0,1.0,High,False
87,9.98484848484848,0.6663899421691895,0.781637717121588,0.0,0.0017,0.9983,Medium,True
87,10.9696969696969,0.7199811935424805,0.863523573200992,0.0,0.0,1.0,High,False
87,11.9696969696969,0.7199811935424805,0.903225806451612,0.0,0.0,1.0,High,False
88,0.0,-0.023095479235053062,0.0,1.0,0.0,0.0,Low,False
88,0.984848484848484,0.1973026841878891,0.213399503722084,1.0,0.0,0.0,Low,False
88,2.0,0.2921578884124756,0.235732009925558,1.0,0.0,0.0,Low,False
88,3.0,0.31537917256355286,0.30272952853598,1.0,0.0,0.0,Low,False
88,3.98484848484848,0.380816787481308,0.436724565756823,0.7151,0.2849,0.0,Medium,True
88,4.98484848484848,0.4016300141811371,0.501240694789081,0.5902,0.4098,0.0,Medium,True
88,5.98484848484848,0.4755312204360962,0.650124069478908,0.1468,0.8532,0.0,Medium,True
88,6.98484848484848,0.48100823163986206,0.71712158808933,0.114,0.886,0.0,Medium,True
88,7.96969696969697,0.5431631207466125,0.803970223325062,0.0,0.741,0.259,Medium,True
88,8.96969696969697,0.5770242214202881,0.903225806451612,0.0,0.5379,0.4621,Medium,True
88,9.95454545454545,0.5804781317710876,0.913151364764268,0.0,0.5171,0.4829,Medium,True
88,10.9545454545454,0.6232784390449524,0.933002481389578,0.0,0.2603,0.7397,Medium,True
88,11.9696969696969,0.6372427940368652,0.952853598014888,0.0,0.1765,0.8235,Medium,True
89,0.0,0.05292481184005737,0.0,1.0,0.0,0.0,Low,False
89,0.266666666666667,0.17784301936626434,0.0120575303673893,1.0,0.0,0.0,Low,False
89,2.86666666666666,0.279520720243454,0.138672777405171,1.0,0.0,0.0,Low,False
89,3.86666666666666,0.31937533617019653,0.237208435799985,1.0,0.0,0.0,Low,False
89,6.0,0.4451022148132324,0.307511737089201,0.3294,0.6706,0.0,Medium,True
89,8.2,0.45226719975471497,0.385859602056785,0.2864,0.7136,0.0,Medium,True
89,9.86666666666666,0.47585368156433105,0.454176913331842,0.1449,0.8551,0.0,Medium,True
89,12.0,0.5911535024642944,0.520456069751844,0.0,0.4531,0.5469,Medium,True
89,13.9333333333333,0.6003286838531494,0.564613607571354,0.0,0.398,0.602,Medium,True
89,16.0,0.6560046076774597,0.620836127878381,0.0,0.064,0.936,Medium,True
89,17.9333333333333,0.7317379117012024,0.662981593263283,0.0,0.0,1.0,High,False
89,20.0,0.7580193877220154,0.733288620612564,0.0,0.0,1.0,High,False
89,22.0,0.7824299335479736,0.779454504806617,0.0,0.0,1.0,High,False
89,24.0,0.8234326839447021,0.835680751173708,0.0,0.0,1.0,High,False
89,26.0,0.8315486907958984,0.92611222892913,0.0,0.0,1.0,High,False
89,28.0,0.8418310880661011,0.974290185557791,0.0,0.0,1.0,High,False
89,29.9333333333333,0.8841516375541687,1.00033907146583,0.0,0.0,1.0,High,False
89,32.0,0.9074843525886536,0.998211491169237,0.0,0.0,1.0,High,False
89,34.0,0.9209810495376587,1.00011178180192,0.0,0.0,1.0,High,False
89,36.0666666666666,0.9850895404815674,0.997984201505328,0.0,0.0,1.0,High,False
90,0.0,0.028062893077731133,0.0,1.0,0.0,0.0,Low,False
90,0.933333333333333,0.17314743995666504,0.0562858633281169,1.0,0.0,0.0,Low,False
90,2.13333333333333,0.23317569494247437,0.0904240256352932,1.0,0.0,0.0,Low,False
90,3.06666666666666,0.24805325269699097,0.132625381921156,1.0,0.0,0.0,Low,False
90,4.06666666666666,0.2997775375843048,0.194943736493032,1.0,0.0,0.0,Low,False
90,6.0,0.4040161073207855,0.263246143527833,0.5759,0.4241,0.0,Medium,True
90,8.0,0.4211287200450897,0.329532752067963,0.4732,0.5268,0.0,Medium,True
90,10.0666666666666,0.4475134313106537,0.365634548028914,0.3149,0.6851,0.0,Medium,True
90,12.0,0.5643904209136963,0.4037558685446,0.0,0.6137,0.3863,Medium,True
90,14.0666666666666,0.5645093321800232,0.453942171547805,0.0,0.6129,0.3871,Medium,True
90,16.0666666666666,0.6163224577903748,0.52425292495715,0.0,0.3021,0.6979,Medium,True
90,18.0,0.6920558214187622,0.602615694164989,0.0,0.0,1.0,High,False
90,20.0,0.7138232588768005,0.68499888218198,0.0,0.0,1.0,High,False
90,22.0,0.7382338047027588,0.733176838810641,0.0,0.0,1.0,High,False
90,24.0,0.7792589664459229,0.775318578135479,0.0,0.0,1.0,High,False
90,26.0666666666666,0.7932296395301819,0.81946866383486,0.0,0.0,1.0,High,False
90,28.0,0.8123189806938171,0.847529622177509,0.0,0.0,1.0,High,False
90,30.0,0.8694140911102295,0.909792085848423,0.0,0.0,1.0,High,False
90,32.1333333333333,0.9108886122703552,0.992167821745286,0.0,0.0,1.0,High,False
90,34.0,0.9108886122703552,0.994075564498099,0.0,0.0,1.0,High,False
90,36.0666666666666,0.9839370846748352,0.991947984201505,0.0,0.0,1.0,High,False
91,0.0,-0.007241025101393461,0.0,1.0,0.0,0.0,Low,False
91,1.0,0.1400546431541443,0.020064833445115,1.0,0.0,0.0,Low,False
91,2.13333333333333,0.1804225742816925,0.0340859974662792,1.0,0.0,0.0,Low,False
91,3.0,0.20331943035125732,0.062206572769953,1.0,0.0,0.0,Low,False
91,3.33333333333333,0.2417004406452179,0.0923690289887472,1.0,0.0,0.0,Low,False
91,4.6,0.2705594599246979,0.130527610105074,1.0,0.0,0.0,Low,False
91,5.93333333333333,0.3091212511062622,0.154597958119084,1.0,0.0,0.0,Low,False
91,8.13333333333333,0.39613232016563416,0.194716446829122,0.6232,0.3768,0.0,Medium,True
91,10.0666666666666,0.4235224425792694,0.244910201952455,0.4589,0.5411,0.0,Medium,True
91,11.9333333333333,0.5403994917869568,0.295107683135852,0.0,0.7576,0.2424,Medium,True
91,13.9333333333333,0.5440465211868286,0.343285639764512,0.0,0.7357,0.2643,Medium,True
91,16.0666666666666,0.5872809886932373,0.385419926969222,0.0,0.4763,0.5237,Medium,True
91,18.0,0.6684131622314453,0.429577464788732,0.0,0.0,1.0,High,False
91,20.0666666666666,0.6901805996894836,0.481775840226544,0.0,0.0,1.0,High,False
91,22.0,0.7114707827568054,0.529957522915269,0.0,0.0,1.0,High,False
91,24.0,0.758686900138855,0.574111334674715,0.0,0.0,1.0,High,False
91,26.0666666666666,0.7780754566192627,0.614237275504881,0.0,0.0,1.0,High,False
91,28.0666666666666,0.822491466999054,0.678511811610403,0.0,0.0,1.0,High,False
91,30.0666666666666,0.8577880859375,0.748822565019748,0.0,0.0,1.0,High,False
91,32.0666666666666,0.8882132768630981,0.805048811386839,0.0,0.0,1.0,High,False
91,34.0,0.9037004113197327,0.895484015202325,0.0,0.0,1.0,High,False
91,36.0666666666666,0.9777874946594238,0.929573738728668,0.0,0.0,1.0,High,False
92,0.0,-0.06264176219701767,0.0,1.0,0.0,0.0,Low,False
92,0.933333333333333,0.029066035524010658,0.060310008197332,1.0,0.0,0.0,Low,False
92,2.06666666666666,0.09633782505989075,0.0864036068261421,1.0,0.0,0.0,Low,False
92,3.13333333333333,0.12095871567726135,0.10042849690737,1.0,0.0,0.0,Low,False
92,4.13333333333333,0.18767628073692322,0.120493330352485,1.0,0.0,0.0,Low,False
92,5.86666666666666,0.22159844636917114,0.140517177136895,1.0,0.0,0.0,Low,False
92,8.0,0.33241233229637146,0.164542812430136,1.0,0.0,0.0,Low,False
92,10.0,0.3723704516887665,0.202660406885758,0.7658,0.2342,0.0,Medium,True
92,12.0,0.49677586555480957,0.210596914822266,0.0193,0.9807,0.0,Medium,True
92,14.0666666666666,0.5094868540763855,0.260783217825471,0.0,0.9431,0.0569,Medium,True
92,16.0666666666666,0.5628831386566162,0.298900812281093,0.0,0.6227,0.3773,Medium,True
92,18.0,0.6418974995613098,0.330985915492957,0.0,0.1486,0.8514,Medium,True
92,20.0666666666666,0.6636649370193481,0.389220508234592,0.0,0.018,0.982,Medium,True
92,22.0666666666666,0.6866348385810852,0.429350175124823,0.0,0.0,1.0,High,False
92,24.0,0.7319543957710266,0.44936284372904,0.0,0.0,1.0,High,False
92,26.0666666666666,0.7476800680160522,0.515645726209106,0.0,0.0,1.0,High,False
92,28.0666666666666,0.7958847880363464,0.539678813622475,0.0,0.0,1.0,High,False
92,30.0,0.8298856019973755,0.581824279007377,0.0,0.0,1.0,High,False
92,32.0666666666666,0.8603107929229736,0.621950219837543,0.0,0.0,1.0,High,False
92,34.0,0.8757979273796082,0.672143974960876,0.0,0.0,1.0,High,False
92,36.1333333333333,0.9642183780670166,0.754519710857739,0.0,0.0,1.0,High,False
93,0.0,-0.09967239201068878,0.0,1.0,0.0,0.0,Low,False
93,0.923076923076922,-0.0030461985152214766,0.0220440881763528,1.0,0.0,0.0,Low,False
93,1.84615384615384,0.029055628925561905,0.0360721442885771,1.0,0.0,0.0,Low,False
93,2.96703296703296,0.07161062955856323,0.0661322645290581,1.0,0.0,0.0,Low,False
93,3.89010989010988,0.10935664176940918,0.104208416833667,1.0,0.0,0.0,Low,False
93,6.13186813186813,0.23700827360153198,0.148296593186372,1.0,0.0,0.0,Low,False
93,7.91208791208791,0.2755328118801117,0.172344689378757,1.0,0.0,0.0,Low,False
93,10.021978021978,0.31969526410102844,0.224448897795591,1.0,0.0,0.0,Low,False
93,11.9340659340659,0.44772669672966003,0.284569138276553,0.3136,0.6864,0.0,Medium,True
93,13.9780219780219,0.46137192845344543,0.32064128256513,0.2318,0.7682,0.0,Medium,True
93,16.2197802197802,0.5154573321342468,0.364729458917835,0.0,0.9073,0.0927,Medium,True
93,18.0,0.599870502948761,0.418837675350701,0.0,0.4008,0.5992,Medium,True
93,20.1098901098901,0.6216379404067993,0.472945891783567,0.0,0.2702,0.7298,Medium,True
93,22.1538461538461,0.6449301838874817,0.521042084168336,0.0,0.1304,0.8696,Medium,True
93,23.9340659340659,0.6970993280410767,0.547094188376753,0.0,0.0,1.0,High,False
93,26.043956043956,0.7213902473449707,0.607214428857715,0.0,0.0,1.0,High,False
93,28.021978021978,0.7752312421798706,0.671342685370741,0.0,0.0,1.0,High,False
93,30.1978021978021,0.8167232871055603,0.727454909819639,0.0,0.0,1.0,High,False
93,32.1758241758241,0.8614258766174316,0.795591182364729,0.0,0.0,1.0,High,False
93,34.087912087912,0.8614258766174316,0.885771543086172,0.0,0.0,1.0,High,False
93,36.1318681318681,0.9531816840171814,0.93186372745491,0.0,0.0,1.0,High,False
94,0.0,-0.11126773804426193,0.0,1.0,0.0,0.0,Low,False
94,0.989010989010988,0.015574493445456028,0.0140280561122245,1.0,0.0,0.0,Low,False
94,1.84615384615384,0.03547314926981926,0.0180360721442887,1.0,0.0,0.0,Low,False
94,3.09890109890109,0.07730520516633987,0.0561122244488978,1.0,0.0,0.0,Low,False
94,3.89010989010988,0.10797914117574692,0.0761523046092184,1.0,0.0,0.0,Low,False
94,6.06593406593406,0.23061376810073853,0.120240480961923,1.0,0.0,0.0,Low,False
94,8.04395604395604,0.2893756926059723,0.160320641282565,1.0,0.0,0.0,Low,False
94,10.021978021978,0.3207896649837494,0.188376753507014,1.0,0.0,0.0,Low,False
94,12.065934065934,0.44484442472457886,0.234468937875751,0.3309,0.6691,0.0,Medium,True
94,14.043956043956,0.4488832652568817,0.282565130260521,0.3067,0.6933,0.0,Medium,True
94,16.087912087912,0.5064967274665833,0.31062124248497,0.0,0.961,0.039,Medium,True
94,18.065934065934,0.589093029499054,0.384769539078156,0.0,0.4654,0.5346,Medium,True
94,20.043956043956,0.6137759685516357,0.412825651302605,0.0,0.3173,0.6827,Medium,True
94,22.1538461538461,0.6370682120323181,0.468937875751503,0.0,0.1776,0.8224,Medium,True
94,24.065934065934,0.697913408279419,0.519038076152304,0.0,0.0,1.0,High,False
94,26.1098901098901,0.7135282754898071,0.567134268537074,0.0,0.0,1.0,High,False
94,28.021978021978,0.7715921401977539,0.605210420841683,0.0,0.0,1.0,High,False
94,30.1978021978021,0.821353554725647,0.655310621242485,0.0,0.0,1.0,High,False
94,31.9780219780219,0.8505690097808838,0.737474949899799,0.0,0.0,1.0,High,False
94,34.1538461538461,0.8618332743644714,0.845691382765531,0.0,0.0,1.0,High,False
94,36.1318681318681,0.9434432983398438,0.879759519038076,0.0,0.0,1.0,High,False
95,0.0,-0.06557151675224304,0.0,1.0,0.0,0.0,Low,False
95,0.921305182341649,0.0710829645395279,0.0205192650372338,1.0,0.0,0.0,Low,False
95,1.9193857965451,0.1040501743555069,0.0384858942325154,1.0,0.0,0.0,Low,False
95,3.14779270633397,0.16115327179431915,0.0718125187152385,1.0,0.0,0.0,Low,False
95,3.8387715930902,0.1996222883462906,0.133237773119762,1.0,0.0,0.0,Low,False
95,5.98848368522072,0.32948943972587585,0.158950670312354,1.0,0.0,0.0,Low,False
95,7.83109404990403,0.33025646209716797,0.202546745143855,1.0,0.0,0.0,Low,False
95,9.98080614203454,0.36709797382354736,0.243604910878646,0.7974,0.2026,0.0,Medium,True
95,11.8234165067178,0.46149271726608276,0.30510379900938,0.231,0.769,0.0,Medium,True
95,13.9731285988483,0.4588676393032074,0.341046875230105,0.2468,0.7532,0.0,Medium,True
95,15.8157389635316,0.48531240224838257,0.394873129089739,0.0881,0.9119,0.0,Medium,True
95,17.8886756238003,0.5370919108390808,0.438483930666483,0.0,0.7774,0.2226,Medium,True
95,19.961612284069,0.6011741161346436,0.494882456028392,0.0,0.393,0.607,Medium,True
95,22.1113243761996,0.6224642992019653,0.546170800791317,0.0,0.2652,0.7348,Medium,True
95,23.8003838771593,0.6693500280380249,0.58464196827859,0.0,0.0,1.0,High,False
95,26.1036468330134,0.6914689540863037,0.630825041357609,0.0,0.0,1.0,High,False
95,28.0230326295585,0.7389973402023315,0.702559017431557,0.0,0.0,1.0,High,False
95,30.0959692898272,0.7727677226066589,0.766630177064566,0.0,0.0,1.0,High,False
95,32.0153550863723,0.8019831776618958,0.807673616054115,0.0,0.0,1.0,High,False
95,34.0115163147792,0.8154798746109009,0.904987948613476,0.0,0.0,1.0,High,False
95,36.0844529750479,0.8966635465621948,0.938368571162087,0.0,0.0,1.0,High,False
96,0.0,-0.040797557681798935,0.0,1.0,0.0,0.0,Low,False
96,0.921305182341649,0.19393271207809448,0.0205192650372338,1.0,0.0,0.0,Low,False
96,1.9193857965451,0.2982994616031647,0.0384858942325154,1.0,0.0,0.0,Low,False
96,2.99424184261036,0.3632439970970154,0.0718027008850772,0.8205,0.1795,0.0,Medium,True
96,3.99232245681381,0.41574329137802124,0.117902322407724,0.5055,0.4945,0.0,Medium,True
96,6.06525911708253,0.4553692042827606,0.166628213498534,0.2678,0.7322,0.0,Medium,True
96,7.98464491362763,0.4545937180519104,0.21278674200215,0.2724,0.7276,0.0,Medium,True
96,9.98080614203454,0.4704321324825287,0.276852992720078,0.1774,0.8226,0.0,Medium,True
96,11.9769673704414,0.5315597057342529,0.34347678819504,0.0,0.8106,0.1894,Medium,True
96,13.9731285988483,0.5315753221511841,0.381967591342637,0.0,0.8105,0.1895,Medium,True
96,16.046065259117,0.5683327913284302,0.415348213891247,0.0,0.59,0.41,Medium,True
96,17.8886756238003,0.6029869318008423,0.469174467750882,0.0,0.3821,0.6179,Medium,True
96,19.961612284069,0.667069137096405,0.515342814084659,0.0,0.0,1.0,High,False
96,21.957773512476,0.6740500330924988,0.571736430531488,0.0,0.0,1.0,High,False
96,23.9539347408829,0.7209357619285583,0.605112144165017,0.0,0.0,1.0,High,False
96,26.0268714011516,0.7396732568740845,0.661510669526927,0.0,0.0,1.0,High,False
96,28.0230326295585,0.7872016429901123,0.735807099272989,0.0,0.0,1.0,High,False
96,30.0191938579654,0.8177210092544556,0.781970536691685,0.0,0.0,1.0,High,False
96,32.0153550863723,0.854745626449585,0.828133974110381,0.0,0.0,1.0,High,False
96,34.0115163147792,0.8682423233985901,0.922890761912709,0.0,0.0,1.0,High,False
96,36.0844529750479,0.951339602470398,0.938368571162087,0.0,0.0,1.0,High,False
97,0.0,0.009260516613721848,0.0,1.0,0.0,0.0,Low,False
97,2.1791483113069,0.3478565216064453,0.286012526096033,0.9129,0.0871,0.0,Medium,True
97,4.23494860499265,0.41008296608924866,0.478079331941544,0.5395,0.4605,0.0,Medium,True
97,6.49632892804699,0.5005045533180237,0.60125260960334,0.0,0.997,0.003,Medium,True
97,8.59324522760646,0.5091115832328796,0.682672233820459,0.0,0.9453,0.0547,Medium,True
97,15.0484581497797,0.6342010498046875,0.739039665970772,0.0,0.1948,0.8052,Medium,True
97,21.5447870778267,0.7041979432106018,0.78705636743215,0.0,0.0,1.0,High,False
97,28.0,0.7149701118469238,0.818371607515657,0.0,0.0,1.0,High,False
98,0.0,0.08446729183197021,0.0,1.0,0.0,0.0,Low,False
98,2.1791483113069,0.4639451205730438,0.369519832985386,0.2163,0.7837,0.0,Medium,True
98,4.23494860499265,0.5128082036972046,0.496868475991649,0.0,0.9232,0.0768,Medium,True
98,6.41409691629956,0.586961030960083,0.634655532359081,0.0,0.4782,0.5218,Medium,True
98,14.9662261380323,0.704967200756073,0.730688935281837,0.0,0.0,1.0,High,False
98,21.503671071953,0.7809574007987976,0.78705636743215,0.0,0.0,1.0,High,False
98,28.0,0.8134714961051941,0.872651356993737,0.0,0.0,1.0,High,False
99,0.0,0.05239282175898552,0.0,1.0,0.0,0.0,Low,False
99,2.13803230543318,0.39780646562576294,0.348643006263048,0.6132,0.3868,0.0,Medium,True
99,4.27606461086637,0.4623587429523468,0.492693110647181,0.2258,0.7742,0.0,Medium,True
99,6.41409691629956,0.5126811265945435,0.5741127348643,0.0,0.9239,0.0761,Medium,True
99,8.63436123348017,0.5140406489372253,0.588726513569937,0.0,0.9158,0.0842,Medium,True
99,15.0895741556534,0.6478976607322693,0.705636743215031,0.0,0.1126,0.8874,Medium,True
99,21.503671071953,0.7252501845359802,0.784968684759916,0.0,0.0,1.0,High,False
99,28.0,0.7483514547348022,0.845511482254697,0.0,0.0,1.0,High,False
100,0.0,-0.07430169731378555,0.0,1.0,0.0,0.0,Low,False
100,1.06502785374911,0.13897709548473358,0.0111057271730965,1.0,0.0,0.0,Low,False
100,3.19804292046478,0.24068468809127808,0.0670116000377237,1.0,0.0,0.0,Low,False
100,5.12777277324479,0.3244780898094177,0.116202003908955,1.0,0.0,0.0,Low,False
100,10.0511221174703,0.4854617714881897,0.216693387620772,0.0872,0.9128,0.0,Medium,True
100,15.1391711842965,0.6027640104293823,0.443006318719735,0.0,0.3834,0.6166,Medium,True
100,20.3146351695452,0.7674147486686707,0.532229373103652,0.0,0.0,1.0,High,False
100,25.1337240121106,0.8692193627357483,0.603520661855811,0.0,0.0,1.0,High,False
100,30.2530739937365,0.8630130290985107,0.63881833762061,0.0,0.0,1.0,High,False
101,0.0,-0.05543813481926918,0.0,1.0,0.0,0.0,Low,False
101,1.12114185737189,0.14975789189338684,0.0650311057922139,1.0,0.0,0.0,Low,False
101,3.15627042689569,0.23684872686862946,0.154657413520043,1.0,0.0,0.0,Low,False
101,5.13642320788035,0.3381120264530182,0.201594151525696,0.9713,0.0287,0.0,Medium,True
101,10.2235617026396,0.4849330484867096,0.418918435507107,0.0904,0.9096,0.0,Medium,True
101,15.0967157616772,0.5834651589393616,0.523910646863892,0.0,0.4992,0.5008,Medium,True
101,20.220390960621,0.7594195008277893,0.601904396437061,0.0,0.0,1.0,High,False
101,25.1941632330511,0.8379466533660889,0.700142114283298,0.0,0.0,1.0,High,False
101,30.3176107889781,0.8439568877220154,0.77588870207708,0.0,0.0,1.0,High,False
102,0.0,-0.06350027769804001,0.0,1.0,0.0,0.0,Low,False
102,1.09345211212736,0.16950078308582306,0.025522041763341,1.0,0.0,0.0,Low,False
102,2.91691804883766,0.25652796030044556,0.0881670533642691,1.0,0.0,0.0,Low,False
102,5.15619020695503,0.3743986487388611,0.146171693735498,0.7536,0.2464,0.0,Medium,True
102,10.1029086784595,0.5406583547592163,0.264501160092807,0.0,0.756,0.244,Medium,True
102,15.1594308822566,0.6579607725143433,0.494199535962876,0.0,0.0522,0.9478,Medium,True
102,20.0526954489197,0.8187764286994934,0.584686774941995,0.0,0.0,1.0,High,False
102,25.1536217994021,0.8947492837905884,0.668213457076566,0.0,0.0,1.0,High,False
102,30.1473990133177,0.8934584259986877,0.691415313225057,0.0,0.0,1.0,High,False
103,0.0,-0.06218057498335838,0.0,1.0,0.0,0.0,Low,False
103,1.19758466264225,0.17714418470859528,0.0278422273781902,1.0,0.0,0.0,Low,False
103,3.12385585200456,0.2903195321559906,0.0672853828306263,1.0,0.0,0.0,Low,False
103,5.2078341601652,0.375718355178833,0.139211136890951,0.7457,0.2543,0.0,Medium,True
103,10.3625764058152,0.5319040417671204,0.257540603248259,0.0,0.8086,0.1914,Medium,True
103,15.2133674408662,0.6492064595222473,0.531322505800464,0.0,0.1048,0.8952,Medium,True
103,20.1588792779499,0.8177877068519592,0.62645011600928,0.0,0.0,1.0,High,False
103,25.1542251166125,0.8947492837905884,0.679814385150812,0.0,0.0,1.0,High,False
103,30.3554227874634,0.8934584259986877,0.691415313225057,0.0,0.0,1.0,High,False
104,0.0,-0.05180547758936882,0.0,1.0,0.0,0.0,Low,False
104,1.16703803001315,0.18083126842975616,0.0384041111399158,1.0,0.0,0.0,Low,False
104,3.09464350759517,0.2956930994987488,0.0948436828305434,1.0,0.0,0.0,Low,False
104,5.02247869446367,0.38109102845191956,0.155818372148733,0.7135,0.2865,0.0,Medium,True
104,10.0424305867759,0.5726916790008545,0.264011446085589,0.0,0.5638,0.4362,Medium,True
104,15.1191206728513,0.7102507948875427,0.49237857403038,0.0,0.0,1.0,High,False
104,20.0405272812593,0.883304238319397,0.655006185742929,0.0,0.0,1.0,High,False
104,25.0581820807067,0.9557936191558838,0.71784808340416,0.0,0.0,1.0,High,False
104,30.0228888896181,0.9608833193778992,0.735345367912238,0.0,0.0,1.0,High,False
105,0.0,-0.05312909185886383,0.0,1.0,0.0,0.0,Low,False
105,1.01520019164317,0.16435664892196655,0.0406913593211106,1.0,0.0,0.0,Low,False
105,3.09510292616815,0.27542823553085327,0.103913918085668,1.0,0.0,0.0,Low,False
105,5.0730147374915,0.36082613468170166,0.153544250212481,0.835,0.165,0.0,Medium,True
105,9.89151158555194,0.5529292821884155,0.284439164777034,0.0,0.6824,0.3176,Medium,True
105,15.0209199528767,0.7118220925331116,0.553615788247416,0.0,0.0,1.0,High,False
105,19.9918289125234,0.9040698409080505,0.693561248699681,0.0,0.0,1.0,High,False
105,24.9088710444881,0.9638028740882874,0.770021625488542,0.0,0.0,1.0,High,False
105,29.8734629987562,0.9765577912330627,0.785251351182838,0.0,0.0,1.0,High,False
106,0.0,0.03274436295032501,0.0,1.0,0.0,0.0,Low,False
106,0.0612557427258804,0.11000330746173859,0.35022026431718,1.0,0.0,0.0,Low,False
106,0.10719754977029,0.11000330746173859,0.447136563876652,1.0,0.0,0.0,Low,False
106,0.214395099540581,0.1409766525030136,0.486784140969163,1.0,0.0,0.0,Low,False
106,1.02603369065849,0.31648293137550354,0.709251101321585,1.0,0.0,0.0,Low,False
106,2.03675344563552,0.4238530695438385,0.832599118942731,0.4569,0.5431,0.0,Medium,True
106,3.03215926493108,0.5270982980728149,0.900881057268722,0.0,0.8374,0.1626,Medium,True
106,3.9969372128637,0.5827189087867737,0.947136563876652,0.0,0.5037,0.4963,Medium,True
106,5.0229709035222,0.6185218691825867,0.993392070484581,0.0,0.2889,0.7111,Medium,True
106,6.03369065849923,0.6514447331428528,1.0022026431718,0.0,0.0913,0.9087,Medium,True
106,7.01378254211332,0.7089574337005615,0.997797356828193,0.0,0.0,1.0,High,False
106,9.03522205206738,0.7668570876121521,0.997797356828193,0.0,0.0,1.0,High,False
107,0.0,0.1055150255560875,0.0,1.0,0.0,0.0,Low,False
107,0.0435410545188075,0.1055150255560875,0.176444431796353,1.0,0.0,0.0,Low,False
107,0.141010408588686,0.19277140498161316,0.226207161507431,1.0,0.0,0.0,Low,False
107,0.270495243922394,0.21772319078445435,0.285016043313388,1.0,0.0,0.0,Low,False
107,1.00002134365417,0.3107709586620331,0.384481029048713,1.0,0.0,0.0,Low,False
107,2.01156826056333,0.3554361164569855,0.468077007904266,0.8674,0.1326,0.0,Medium,True
107,3.02197684924977,0.4311356246471405,0.533573568018668,0.4132,0.5868,0.0,Medium,True
107,4.03195856485269,0.5293866991996765,0.592282846105138,0.0,0.8237,0.1763,Medium,True
107,7.05564290643653,0.7441951632499695,0.668863877288217,0.0,0.0,1.0,High,False
107,9.10335308807103,0.8327165842056274,0.72745576527672,0.0,0.0,1.0,High,False
107,11.027554657541,0.8485830426216125,0.822260719850309,0.0,0.0,1.0,High,False
107,14.0223539204735,0.8727927803993225,0.939569000476675,0.0,0.0,1.0,High,False
107,16.1321029902459,0.9065468311309814,0.984579209857922,0.0,0.0,1.0,High,False
107,18.0195934745334,0.9465699195861816,0.995677910029383,0.0,0.0,1.0,High,False
108,0.0,0.11951293051242828,0.0,1.0,0.0,0.0,Low,False
108,0.233281493001557,0.25357070565223694,0.0290017214684783,1.0,0.0,0.0,Low,False
108,1.0108864696734,0.4002612233161926,0.0869774546512553,0.5984,0.4016,0.0,Medium,True
108,4.04354587869362,0.6018949747085571,0.16074428399727,0.0,0.3886,0.6114,Medium,True
108,7.07620528771383,0.804007887840271,0.194422026483597,0.0,0.0,1.0,High,False
108,11.1197511664074,0.9118971824645996,0.246007197608648,0.0,0.0,1.0,High,False
108,14.1524105754276,0.8965921998023987,0.27300342561836,0.0,0.0,1.0,High,False
108,18.0404354587869,0.9585795998573303,0.344619285296165,0.0,0.0,1.0,High,False
108,21.1508553654743,0.9238689541816711,0.41616587058852,0.0,0.0,1.0,High,False
108,28.0715396578538,0.9762738347053528,0.851080853598977,0.0,0.0,1.0,High,False
108,35.1477449455676,1.0287073850631714,0.960842653624609,0.0,0.0,1.0,High,False
108,42.3017107309486,1.0387684106826782,1.00825057930704,0.0,0.0,1.0,High,False
108,48.2892690513219,1.0281647443771362,0.993193791629575,0.0,0.0,1.0,High,False
109,0.0,0.0401063933968544,0.0,1.0,0.0,0.0,Low,False
109,1.08180556460219,0.37968963384628296,0.037127410651208,0.7219,0.2781,0.0,Medium,True
109,1.87861691627042,0.3939782381057739,0.0610072000120254,0.6361,0.3639,0.0,Medium,True
109,3.0160384401477,0.44194740056991577,0.079626020252226,0.3483,0.6517,0.0,Medium,True
109,4.15255808360431,0.571534276008606,0.0823717450885097,0.0,0.5708,0.4292,Medium,True
109,6.08468657150158,0.6616939306259155,0.0878331320803877,0.0,0.0298,0.9702,Medium,True
109,8.07393415270839,0.7090519666671753,0.098590561320353,0.0,0.0,1.0,High,False
109,10.0074154612366,0.7240287661552429,0.127861591418107,0.0,0.0,1.0,High,False
109,14.0443825375908,0.712976336479187,0.178482135252,0.0,0.0,1.0,High,False
109,18.0571491559902,0.7075969576835632,0.803174619080783,0.0,0.0,1.0,High,False
109,22.0439115555934,0.7264679074287415,0.970192852096621,0.0,0.0,1.0,High,False
109,25.9672416989422,0.7474864721298218,1.02080337503695,0.0,0.0,1.0,High,False
110,0.0,0.03605007007718086,0.0,1.0,0.0,0.0,Low,False
110,0.994475776627218,0.19634784758090973,0.207589285714285,1.0,0.0,0.0,Low,False
110,3.1254622781065,0.31056323647499084,0.366071428571428,1.0,0.0,0.0,Low,False
110,5.04761464497041,0.40386107563972473,0.491071428571428,0.5768,0.4232,0.0,Medium,True
110,7.07042806952662,0.440441757440567,0.560267857142857,0.3573,0.6427,0.0,Medium,True
110,10.0769693047337,0.5531373023986816,0.629464285714285,0.0,0.6812,0.3188,Medium,True
110,14.0692030325443,0.7222980856895447,0.736607142857142,0.0,0.0,1.0,High,False
110,18.0068879437869,0.9080492854118347,0.790178571428571,0.0,0.0,1.0,High,False
110,22.09943602071,0.9135066270828247,0.834821428571428,0.0,0.0,1.0,High,False
110,26.0879715236686,0.9770658016204834,0.870535714285714,0.0,0.0,1.0,High,False
110,30.0761603180473,0.9973673224449158,0.899553571428571,0.0,0.0,1.0,High,False
111,0.0,0.010712758637964725,0.0,1.0,0.0,0.0,Low,False
111,0.989119966045805,0.15402604639530182,0.142497428949215,1.0,0.0,0.0,Low,False
111,3.00004897239589,0.21359696984291077,0.298054163469857,1.0,0.0,0.0,Low,False
111,7.05569793826213,0.39219436049461365,0.502375161200802,0.6468,0.3532,0.0,Medium,True
111,14.0619337566724,0.6042319536209106,0.700541961181214,0.0,0.3746,0.6254,Medium,True
111,21.1030624071564,0.7332492470741272,0.821042622308558,0.0,0.0,1.0,High,False
111,28.0681614130168,0.7669093012809753,0.931826343884163,0.0,0.0,1.0,High,False
112,0.0,-0.030747609212994576,0.0,1.0,0.0,0.0,Low,False
112,1.0089667367483,0.19719968736171722,0.0952089221815346,1.0,0.0,0.0,Low,False
112,2.01970872029072,0.3121747672557831,0.134278275156291,1.0,0.0,0.0,Low,False
112,3.03159939293521,0.3178933262825012,0.134751674301388,1.0,0.0,0.0,Low,False
112,4.00871611367148,0.39284560084342957,0.303629857562551,0.6429,0.3571,0.0,Medium,True
112,6.0001253115384,0.5120033025741577,0.392280809234067,0.0,0.928,0.072,Medium,True
112,9.06534996727976,0.6243879795074463,0.400732376324473,0.0,0.2537,0.7463,Medium,True
112,12.0074560365352,0.7099831700325012,0.545968449339329,0.0,0.0,1.0,High,False
112,13.9978209715821,0.7566049695014954,0.669706631765082,0.0,0.0,1.0,High,False
113,0.0,0.012133597396314144,0.0,1.0,0.0,0.0,Low,False
113,1.03831052199217,0.34950315952301025,0.109257737987496,0.903,0.097,0.0,Medium,True
113,2.02023085170075,0.46490174531936646,0.116734659779173,0.2106,0.7894,0.0,Medium,True
113,3.00183790256331,0.47119972109794617,0.13473775079712,0.1728,0.8272,0.0,Medium,True
113,4.09800058478718,0.5704185962677002,0.303671628075353,0.0,0.5775,0.4225,Medium,True
113,5.99824563846228,0.6898807883262634,0.455437824591693,0.0,0.0,1.0,High,False
113,9.03381323011375,0.7918598651885986,0.460366745102407,0.0,0.0,1.0,High,False
113,12.0337714596009,0.8105171918869019,0.661770234332577,0.0,0.0,1.0,High,False
113,14.0224655741356,0.810151994228363,0.841647985965107,0.0,0.0,1.0,High,False
114,0.0,-0.05827660858631134,0.0,1.0,0.0,0.0,Low,False
114,0.00519210799579439,-0.05827660858631134,0.0369560848155963,1.0,0.0,0.0,Low,False
114,0.0259605399789719,-0.05827660858631134,0.0933742002478814,1.0,0.0,0.0,Low,False
114,0.0415368639663551,-0.05827660858631134,0.163241550262955,1.0,0.0,0.0,Low,False
114,0.0986500519200934,0.011717782355844975,0.276052658024319,1.0,0.0,0.0,Low,False
114,0.176531671857009,0.022660572081804276,0.410335644658828,1.0,0.0,0.0,Low,False
114,0.332294911730841,0.023907236754894257,0.609009144809566,1.0,0.0,0.0,Low,False
114,0.503634475592056,0.05562284588813782,0.710883328308712,1.0,0.0,0.0,Low,False
114,0.996884735192523,0.09053894877433777,0.779980236492144,1.0,0.0,0.0,Low,False
114,1.51090342677616,0.12305083125829697,0.819473754731517,1.0,0.0,0.0,Low,False
114,2.00934579437242,0.18008513748645782,0.858992396074096,1.0,0.0,0.0,Low,False
114,3.02180685355233,0.19268624484539032,0.903058319096908,1.0,0.0,0.0,Low,False
115,0.0,-0.01634933426976204,0.0,1.0,0.0,0.0,Low,False
115,2.03468208092485,0.32000359892845154,0.00879120879120876,1.0,0.0,0.0,Low,False
115,3.0057803468208,0.35514578223228455,0.0131868131868131,0.8691,0.1309,0.0,Medium,True
115,4.02312138728323,0.3842002749443054,0.024175824175824,0.6948,0.3052,0.0,Medium,True
115,5.13294797687861,0.4068380296230316,0.0307692307692306,0.559,0.441,0.0,Medium,True
115,6.10404624277456,0.4215426445007324,0.0527472527472525,0.4707,0.5293,0.0,Medium,True
115,7.12138728323699,0.42056408524513245,0.0637362637362636,0.4766,0.5234,0.0,Medium,True
115,8.13872832369942,0.42219099402427673,0.0813186813186812,0.4669,0.5331,0.0,Medium,True
115,9.15606936416185,0.3963872194290161,0.0989010989010987,0.6217,0.3783,0.0,Medium,True
115,10.0346820809248,0.39900392293930054,0.127472527472527,0.606,0.394,0.0,Medium,True
115,11.0982658959537,0.4308185875415802,0.171428571428571,0.4151,0.5849,0.0,Medium,True
115,12.0693641618497,0.43615275621414185,0.206593406593406,0.3831,0.6169,0.0,Medium,True
115,12.9942196531791,0.43615275621414185,0.235164835164835,0.3831,0.6169,0.0,Medium,True
115,14.1040462427745,0.43839263916015625,0.327472527472527,0.3696,0.6304,0.0,Medium,True
115,15.028901734104,0.44215378165245056,0.389010989010988,0.3471,0.6529,0.0,Medium,True
115,16.0,0.47442787885665894,0.446153846153846,0.1534,0.8466,0.0,Medium,True
115,17.1098265895953,0.49854645133018494,0.492307692307692,0.0087,0.9913,0.0,Medium,True
115,18.0809248554913,0.5449109077453613,0.52087912087912,0.0,0.7305,0.2695,Medium,True
115,19.0520231213872,0.5461598634719849,0.573626373626373,0.0,0.723,0.277,Medium,True
115,20.1618497109826,0.5517891049385071,0.6,0.0,0.6893,0.3107,Medium,True
115,21.0404624277456,0.5606321692466736,0.639560439560439,0.0,0.6362,0.3638,Medium,True
115,22.7514450867052,0.6846291422843933,0.709890109890109,0.0,0.0,1.0,High,False
115,24.0462427745664,0.6870472431182861,0.74065934065934,0.0,0.0,1.0,High,False
115,25.1560693641618,0.7185523509979248,0.771428571428571,0.0,0.0,1.0,High,False
115,27.0057803468208,0.726134717464447,0.841758241758241,0.0,0.0,1.0,High,False
115,30.936416184971,0.8037610650062561,0.903296703296703,0.0,0.0,1.0,High,False
115,32.0462427745664,0.8848727941513062,0.929670329670329,0.0,0.0,1.0,High,False
115,32.9710982658959,0.8824809789657593,0.942857142857142,0.0,0.0,1.0,High,False
115,34.0809248554913,0.8949401378631592,0.942857142857142,0.0,0.0,1.0,High,False
115,35.0982658959537,0.8975508809089661,0.964835164835164,0.0,0.0,1.0,High,False
115,36.0231213872832,0.8918713927268982,0.971428571428571,0.0,0.0,1.0,High,False
115,39.1676300578034,0.8918713927268982,0.989010989010989,0.0,0.0,1.0,High,False
116,0.0,-0.011018135584890842,0.0,1.0,0.0,0.0,Low,False
116,1.61849710982659,0.22828491032123566,0.0263736263736262,1.0,0.0,0.0,Low,False
116,2.82080924855491,0.33339962363243103,0.0417582417582418,0.9996,0.0004,0.0,Medium,False
116,3.88439306358381,0.34934157133102417,0.0505494505494505,0.904,0.096,0.0,Medium,True
116,4.85549132947976,0.37820443511009216,0.0615384615384615,0.7308,0.2692,0.0,Medium,True
116,5.87283236994219,0.405620276927948,0.079120879120879,0.5663,0.4337,0.0,Medium,True
116,7.90751445086705,0.41276097297668457,0.167032967032967,0.5234,0.4766,0.0,Medium,True
116,8.878612716763,0.41690418124198914,0.221978021978021,0.4986,0.5014,0.0,Medium,True
116,9.71098265895953,0.3890412449836731,0.263736263736263,0.6658,0.3342,0.0,Medium,True
116,10.5895953757225,0.39656007289886475,0.314285714285714,0.6206,0.3794,0.0,Medium,True
116,12.6242774566473,0.4442659616470337,0.441758241758241,0.3344,0.6656,0.0,Medium,True
116,13.6416184971098,0.44429028034210205,0.494505494505494,0.3343,0.6657,0.0,Medium,True
116,14.5664739884393,0.4424891471862793,0.538461538461538,0.3451,0.6549,0.0,Medium,True
116,15.7225433526011,0.4459344744682312,0.65054945054945,0.3244,0.6756,0.0,Medium,True
116,16.6473988439306,0.48391422629356384,0.701098901098901,0.0965,0.9035,0.0,Medium,True
116,17.664739884393,0.5263034105300903,0.725274725274725,0.0,0.8422,0.1578,Medium,True
116,19.6531791907514,0.5766680836677551,0.848351648351648,0.0,0.54,0.46,Medium,True
116,20.8092485549132,0.5911403894424438,0.883516483516483,0.0,0.4532,0.5468,Medium,True
116,21.7341040462427,0.5932525992393494,0.914285714285714,0.0,0.4405,0.5595,Medium,True
116,22.7976878612716,0.722631573677063,0.936263736263736,0.0,0.0,1.0,High,False
116,24.6473988439306,0.756776750087738,0.962637362637362,0.0,0.0,1.0,High,False
116,27.6994219653179,0.7755524516105652,0.989010989010989,0.0,0.0,1.0,High,False
116,28.8554913294797,0.8317978978157043,0.997802197802197,0.0,0.0,1.0,High,False
116,30.6589595375722,0.845918595790863,1.0,0.0,0.0,1.0,High,False
117,0.0,-0.011552265845239162,0.0,1.0,0.0,0.0,Low,False
117,0.554913294797688,0.1723715215921402,0.0175824175824175,1.0,0.0,0.0,Low,False
117,1.61849710982659,0.2309175282716751,0.0439560439560438,1.0,0.0,0.0,Low,False
117,2.91329479768786,0.3360322415828705,0.138461538461538,0.9838,0.0162,0.0,Medium,True
117,3.83815028901734,0.3547319769859314,0.18021978021978,0.8716,0.1284,0.0,Medium,True
117,4.80924855491329,0.3804410696029663,0.29010989010989,0.7174,0.2826,0.0,Medium,True
117,5.82658959537572,0.40785691142082214,0.351648351648351,0.5529,0.4471,0.0,Medium,True
117,7.76878612716763,0.4041939973831177,0.593406593406593,0.5748,0.4252,0.0,Medium,True
117,8.83236994219653,0.40894651412963867,0.65054945054945,0.5463,0.4537,0.0,Medium,True
117,9.66473988439306,0.38314273953437805,0.696703296703296,0.7011,0.2989,0.0,Medium,True
117,10.543352601156,0.3914516568183899,0.756043956043956,0.6513,0.3487,0.0,Medium,True
117,12.6705202312138,0.43915754556655884,0.797802197802197,0.3651,0.6349,0.0,Medium,True
117,13.6416184971098,0.4391818642616272,0.824175824175824,0.3649,0.6351,0.0,Medium,True
117,14.5202312138728,0.43738073110580444,0.824175824175824,0.3757,0.6243,0.0,Medium,True
117,15.8150289017341,0.445772260427475,0.874725274725274,0.3254,0.6746,0.0,Medium,True
117,16.5086705202312,0.48219138383865356,0.876923076923076,0.1069,0.8931,0.0,Medium,True
117,17.5722543352601,0.5245805382728577,0.89010989010989,0.0,0.8525,0.1475,Medium,True
117,19.5606936416185,0.563051700592041,0.896703296703296,0.0,0.6217,0.3783,Medium,True
117,20.9479768786127,0.5775240063667297,0.903296703296703,0.0,0.5349,0.4651,Medium,True
117,21.7803468208092,0.5775240063667297,0.905494505494505,0.0,0.5349,0.4651,Medium,True
118,0.0,-0.1029086485505104,0.0,1.0,0.0,0.0,Low,False
118,1.89239931672335,0.1749289184808731,0.0118880903648759,1.0,0.0,0.0,Low,False
118,2.99025869100198,0.32752957940101624,0.0587787199335188,1.0,0.0,0.0,Low,False
118,4.00455517766731,0.44872304797172546,0.134900971053076,0.3077,0.6923,0.0,Medium,True
118,6.81014450377802,0.6081292033195496,0.366168572351918,0.0,0.3512,0.6488,Medium,True
118,7.8267493575045,0.6405694484710693,0.427671165417583,0.0,0.1566,0.8434,Medium,True
118,8.92599375201981,0.6749494075775146,0.465790000153891,0.0,0.0,1.0,High,False
118,9.70391345162432,0.7318283319473267,0.538965235992059,0.0,0.0,1.0,High,False
118,10.8821039996306,0.7752335071563721,0.577091765285237,0.0,0.0,1.0,High,False
118,13.6410643111063,0.7902655005455017,0.60367645927271,0.0,0.0,1.0,High,False
118,16.8681614625813,0.8504614233970642,0.665394499930749,0.0,0.0,1.0,High,False
118,20.885643495791,0.8539666533470154,0.721341622935935,0.0,0.0,1.0,High,False
118,23.8052661547221,0.8462219834327698,0.730398116372478,0.0,0.0,1.0,High,False
118,28.7664086425262,0.848596453666687,0.809829026946338,0.0,0.0,1.0,High,False
118,30.9713608593281,0.8411086201667786,0.845131653868053,0.0,0.0,1.0,High,False
118,35.7067450485526,0.8581651449203491,0.854365122112617,0.0,0.0,1.0,High,False
118,38.8595127806589,0.8462824821472168,0.886836152106,0.0,0.0,1.0,High,False
118,43.8335821240054,0.8490989804267883,0.884396977578061,0.0,0.0,1.0,High,False
118,46.9129437835675,0.8471643924713135,0.881773133685231,0.0,0.0,1.0,High,False
118,48.9641587540973,0.861969530582428,0.890744986996198,0.0,0.0,1.0,High,False
118,51.8016035456518,0.861969530582428,0.920261307151321,0.0,0.0,1.0,High,False
118,58.9852418399224,0.8650023937225342,0.923885443437312,0.0,0.0,1.0,High,False
119,0.0,-0.038827598094940186,0.0,1.0,0.0,0.0,Low,False
119,1.16980308083214,0.13870909810066223,0.00231062410671767,1.0,0.0,0.0,Low,False
119,2.09613704938859,0.21260963380336761,0.0106836588851835,1.0,0.0,0.0,Low,False
119,3.2173058599333,0.2314092218875885,0.017067651262506,1.0,0.0,0.0,Low,False
119,4.09530331904081,0.2842179834842682,0.033575512148642,1.0,0.0,0.0,Low,False
119,7.06983484198824,0.4013838469982147,0.0709623630300142,0.5917,0.4083,0.0,Medium,True
119,8.19159917420994,0.44153550267219543,0.0895664602191519,0.3508,0.6492,0.0,Medium,True
119,8.92399158329363,0.44412103295326233,0.118258694616484,0.3353,0.6647,0.0,Medium,True
119,9.31495156423693,0.4835045039653778,0.14075750357313,0.099,0.901,0.0,Medium,True
119,9.9997022391615,0.4835045039653778,0.19184135302525,0.099,0.901,0.0,Medium,True
119,10.2451564236938,0.4886080324649811,0.228561219628394,0.0684,0.9316,0.0,Medium,True
119,10.9330832142289,0.5278645157814026,0.344818961410195,0.0,0.8328,0.1672,Medium,True
119,11.3741662696522,0.5930446982383728,0.395843258694616,0.0,0.4417,0.5583,Medium,True
119,14.9537478164205,0.6025921702384949,0.848856598380181,0.0,0.3844,0.6156,Medium,True
119,15.2474392567889,0.6040539145469666,0.875404954740352,0.0,0.3757,0.6243,Medium,True
119,16.1260322375734,0.6424196362495422,0.904132920438304,0.0,0.1455,0.8545,Medium,True
119,16.3224551373669,0.6424196362495422,0.934730824202001,0.0,0.1455,0.8545,Medium,True
119,16.953906622201,0.6438888907432556,0.892115292996665,0.0,0.1367,0.8633,Medium,True
119,17.3933023662061,0.6625468730926514,0.908515959980943,0.0,0.0247,0.9753,Medium,True
119,17.9789979355248,0.6642823219299316,0.926989042401143,0.0,0.0143,0.9857,Medium,True
119,18.4172026361759,0.6642823219299316,0.918949499761791,0.0,0.0143,0.9857,Medium,True
119,20.9014213117357,0.6607964038848877,0.89511672224869,0.0,0.0352,0.9648,Medium,True
119,21.3887565507384,0.6607964038848877,0.895235826584087,0.0,0.0352,0.9648,Medium,True
119,21.9242297919644,0.664554238319397,0.88314673654121,0.0,0.0127,0.9873,Medium,True
119,22.3138994759409,0.664554238319397,0.879168651738923,0.0,0.0127,0.9873,Medium,True
119,23.0445053199936,0.703214168548584,0.87120057170081,0.0,0.0,1.0,High,False
119,24.0679093218993,0.6985443234443665,0.871450690805145,0.0,0.0,1.0,High,False
119,25.0421827854533,0.7295820116996765,0.86354216293473,0.0,0.0,1.0,High,False
120,0.0,-0.0416862927377224,0.0,1.0,0.0,0.0,Low,False
120,1.16970382721931,0.054190102964639664,0.000273939971415115,1.0,0.0,0.0,Low,False
120,1.99876925520088,0.06202852725982666,0.0126965221534063,1.0,0.0,0.0,Low,False
120,3.02237176433222,0.09191238880157471,0.017020009528347,1.0,0.0,0.0,Low,False
120,3.99753851040177,0.13389283418655396,0.027441638875655,1.0,0.0,0.0,Low,False
120,7.11876687311418,0.31581392884254456,0.075047641734159,1.0,0.0,0.0,Low,False
120,7.89880101635699,0.32000768184661865,0.0813482610767031,1.0,0.0,0.0,Low,False
120,8.53283309512466,0.360191285610199,0.0916865173892329,0.8389,0.1611,0.0,Medium,True
120,9.02116087025567,0.41199004650115967,0.112172463077655,0.5281,0.4719,0.0,Medium,True
120,9.41132682229633,0.41107580065727234,0.118377798951881,0.5335,0.4665,0.0,Medium,True
120,9.899853104653,0.41107580065727234,0.142937112910909,0.5335,0.4665,0.0,Medium,True
120,10.3395466094965,0.43075478076934814,0.165447832301095,0.4155,0.5845,0.0,Medium,True
120,10.8303557249483,0.4335867166519165,0.236850881372082,0.3985,0.6015,0.0,Medium,True
120,11.3202715578847,0.5237164497375488,0.289923773225345,0.0,0.8577,0.1423,Medium,True
120,13.966174368747,0.5354970097541809,0.583849452120057,0.0,0.787,0.213,Medium,True
120,14.3579283785929,0.5350489616394043,0.622641734159123,0.0,0.7897,0.2103,Medium,True
120,14.9934492615531,0.5644515752792358,0.663530252501191,0.0,0.6133,0.3867,Medium,True
120,15.2386056852469,0.5708448886871338,0.694140066698427,0.0,0.5749,0.4251,Medium,True
120,16.0207241543592,0.625599205493927,0.743211052882325,0.0,0.2464,0.7536,Medium,True
120,16.4118826425281,0.625599205493927,0.769783230109575,0.0,0.2464,0.7536,Medium,True
120,16.9499364776877,0.6270684599876404,0.810647927584564,0.0,0.2376,0.7624,Medium,True
120,17.3407972050182,0.6498300433158875,0.831110052405907,0.0,0.101,0.899,Medium,True
120,18.220382721931,0.6515654921531677,0.880204859456884,0.0,0.0906,0.9094,Medium,True
120,18.221573765285,0.6515654921531677,0.904645069080514,0.0,0.0906,0.9094,Medium,True
120,21.2946641257741,0.6543858051300049,0.964459266317294,0.0,0.0737,0.9263,Medium,True
120,21.8310306495156,0.6600490808486938,0.970700333492139,0.0,0.0397,0.9603,Medium,True
120,22.3186636493568,0.6577515602111816,0.976929490233444,0.0,0.0535,0.9465,Medium,True
120,22.90346593616,0.6964114904403687,0.977072415435921,0.0,0.0,1.0,High,False
120,23.2938303954263,0.6964114904403687,0.987351119580752,0.0,0.0,1.0,High,False
120,24.1226973161823,0.6936092972755432,0.995700333492139,0.0,0.0,1.0,High,False
120,24.4638319834841,0.7153226733207703,0.995783706526917,0.0,0.0,1.0,High,False
120,25.0486342702874,0.7246469855308533,0.995926631729395,0.0,0.0,1.0,High,False
121,0.0,-0.026011420413851738,0.0,1.0,0.0,0.0,Low,False
121,0.877699698269016,0.08126065880060196,0.00834921391138632,1.0,0.0,0.0,Low,False
121,1.85266793711291,0.07658651471138,0.0146974749880897,1.0,0.0,0.0,Low,False
121,2.92480546291885,0.10653966665267944,0.0149595045259647,1.0,0.0,0.0,Low,False
121,4.77767190725742,0.1510138213634491,0.0357789423535015,1.0,0.0,0.0,Low,False
121,6.77743369858662,0.29813453555107117,0.0708909004287754,1.0,0.0,0.0,Low,False
121,7.89919803080832,0.3324487805366516,0.0894949976179132,1.0,0.0,0.0,Low,False
121,9.11813164999206,0.42040327191352844,0.102012863268223,0.4776,0.5224,0.0,Medium,True
121,9.94878513577894,0.42040327191352844,0.147022391615054,0.4776,0.5224,0.0,Medium,True
121,10.9261354613307,0.4677284359931946,0.202251071939018,0.1936,0.8064,0.0,Medium,True
121,11.3167976814356,0.5326433181762695,0.218639828489757,0.0,0.8041,0.1959,Medium,True
121,13.9039423535016,0.5432641506195068,0.306848499285374,0.0,0.7404,0.2596,Medium,True
121,14.3924686358583,0.5428161025047302,0.331407813244402,0.0,0.7431,0.2569,Medium,True
121,15.0276917579799,0.5628197193145752,0.366186279180562,0.0,0.6231,0.3769,Medium,True
121,15.369918215023,0.5880898237228394,0.388673177703668,0.0,0.4715,0.5285,Medium,True
121,16.1519374305224,0.6239673495292664,0.435707479752263,0.0,0.2562,0.7438,Medium,True
121,16.4451326028267,0.6239673495292664,0.452072415435921,0.0,0.2562,0.7438,Medium,True
121,17.1775250119104,0.6481981873512268,0.480764649833253,0.0,0.1108,0.8892,Medium,True
121,17.4721097347943,0.6481981873512268,0.525643163411148,0.0,0.1108,0.8892,Medium,True
121,17.961231538828,0.6499336361885071,0.562422582181991,0.0,0.1004,0.8996,Medium,True
121,18.4016198189614,0.6499336361885071,0.599190090519295,0.0,0.1004,0.8996,Medium,True
121,21.2362037478164,0.6527539491653442,0.764852310624106,0.0,0.0835,0.9165,Medium,True
121,21.9700849610925,0.6565117835998535,0.824094807050976,0.0,0.0609,0.9391,Medium,True
121,22.3624344926155,0.6547325849533081,0.875107193901858,0.0,0.0716,0.9284,Medium,True
121,22.9457479752262,0.6933925151824951,0.844699857074797,0.0,0.0,1.0,High,False
121,23.2395386692075,0.6933925151824951,0.873284897570271,0.0,0.0,1.0,High,False
121,23.972030331904,0.6905903220176697,0.904013816102906,0.0,0.0,1.0,High,False
121,24.2656225186596,0.7123036980628967,0.928525488327775,0.0,0.0,1.0,High,False
121,25.1448110211211,0.7216280102729797,0.969473558837541,0.0,0.0,1.0,High,False
122,0.0,-0.005054145585745573,0.0,1.0,0.0,0.0,Low,False
122,1.02380101635699,0.08847440034151077,0.00634826107670316,1.0,0.0,0.0,Low,False
122,1.99886850881372,0.09303900599479675,0.0147332062887088,1.0,0.0,0.0,Low,False
122,3.31467365412101,0.11310287564992905,0.015054787994283,1.0,0.0,0.0,Low,False
122,4.1919763379387,0.15438972413539886,0.0173058599333015,1.0,0.0,0.0,Low,False
122,6.97127600444656,0.3136254549026489,0.0485350166746068,1.0,0.0,0.0,Low,False
122,8.14117833889153,0.3571813106536865,0.0549309194854692,0.8569,0.1431,0.0,Medium,True
122,8.82384468794664,0.3571813106536865,0.0632444020962361,0.8569,0.1431,0.0,Medium,True
122,9.40914324281403,0.40806567668914795,0.0735707479752263,0.5516,0.4484,0.0,Medium,True
122,10.0922066063204,0.40290963649749756,0.0900309671272033,0.5825,0.4175,0.0,Medium,True
122,10.3851040177862,0.4277447760105133,0.100285850404954,0.4335,0.5665,0.0,Medium,True
122,11.1172979196442,0.500110387802124,0.124904716531681,0.0,0.9993,0.0007,Medium,False
122,11.4589288550103,0.5123159885406494,0.135171510242972,0.0,0.9261,0.0739,Medium,True
122,13.9958511989836,0.5242202281951904,0.192818008575512,0.0,0.8547,0.1453,Medium,True
122,14.3376806415753,0.5250653028488159,0.207158170557408,0.0,0.8496,0.1504,Medium,True
122,14.9237732253454,0.5520935654640198,0.233777989518818,0.0,0.6874,0.3126,Medium,True
122,15.3635659838018,0.5871790647506714,0.258325393044306,0.0,0.4769,0.5231,Medium,True
122,16.1448904240114,0.6230565905570984,0.291102906145783,0.0,0.2617,0.7383,Medium,True
122,16.3409163093536,0.6230565905570984,0.31355407336827,0.0,0.2617,0.7383,Medium,True
122,17.0732094648245,0.6249708533287048,0.3402096236303,0.0,0.2502,0.7498,Medium,True
122,17.4155351754803,0.6557937860488892,0.364733206288709,0.0,0.0652,0.9348,Medium,True
122,18.0021240273145,0.6575292348861694,0.401536445926631,0.0,0.0548,0.9452,Medium,True
122,18.3451445132602,0.6575292348861694,0.440316817532158,0.0,0.0548,0.9452,Medium,True
122,21.0333293631888,0.6945220232009888,0.601869938065745,0.0,0.0,1.0,High,False
122,21.2788828013339,0.6945220232009888,0.640626488804192,0.0,0.0,1.0,High,False
122,21.9631372081943,0.698279857635498,0.6815269175798,0.0,0.0,1.0,High,False
122,22.3550897252659,0.6965006589889526,0.724392567889471,0.0,0.0,1.0,High,False
122,22.9897173257106,0.7430300712585449,0.746950929013816,0.0,0.0,1.0,High,False
122,23.3324400508178,0.7430300712585449,0.779621248213435,0.0,0.0,1.0,High,False
122,23.9679609337779,0.7402278780937195,0.820509766555502,0.0,0.0,1.0,High,False
122,24.310782912498,0.7753656506538391,0.855216769890424,0.0,0.0,1.0,High,False
122,25.0444656185485,0.7846899628639221,0.910385898046689,0.0,0.0,1.0,High,False
123,0.0,-0.006530910264700651,0.0,1.0,0.0,0.0,Low,False
123,0.195728124503731,0.08450870960950851,0.014292520247737,1.0,0.0,0.0,Low,False
123,0.343119739558519,0.08656182140111923,0.0387684611719867,1.0,0.0,0.0,Low,False
123,1.07799348896299,0.09987450391054153,0.118377798951881,1.0,0.0,0.0,Low,False
123,1.32324916626965,0.10203530639410019,0.151024297284421,1.0,0.0,0.0,Low,False
123,2.00760282674289,0.11883094161748886,0.193961410195331,1.0,0.0,0.0,Low,False
123,2.68987216134667,0.15088006854057312,0.194128156264888,1.0,0.0,0.0,Low,False
123,3.03150309671271,0.16089710593223572,0.204394949976179,1.0,0.0,0.0,Low,False
123,3.90989757027155,0.1931479126214981,0.229049547403525,1.0,0.0,0.0,Low,False
123,4.20319199618866,0.22771547734737396,0.247451167222486,1.0,0.0,0.0,Low,False
123,4.5939534699063,0.23945412039756775,0.265876607908527,1.0,0.0,0.0,Low,False
123,6.74209941241861,0.38646823167800903,0.345831348261076,0.6812,0.3188,0.0,Medium,True
123,7.18149515642369,0.41346606612205505,0.362232015245355,0.5192,0.4808,0.0,Medium,True
123,7.62059313959028,0.41377952694892883,0.372522629823725,0.5173,0.4827,0.0,Medium,True
123,8.35239002699698,0.4579756557941437,0.388994759409242,0.2521,0.7479,0.0,Medium,True
123,9.08438542162934,0.50287264585495,0.409540257265364,0.0,0.9828,0.0172,Medium,True
123,9.62114895982213,0.5019583106040955,0.423928060981419,0.0,0.9883,0.0117,Medium,True
123,10.2064475146895,0.4968022108078003,0.434254406860409,0.0192,0.9808,0.0,Medium,True
123,10.9873749404478,0.6091324090957642,0.458885183420676,0.0,0.3452,0.6548,Medium,True
123,11.3290058758138,0.6213380098342896,0.469151977131967,0.0,0.272,0.728,Medium,True
123,13.9164483087184,0.6411008834838867,0.563470700333492,0.0,0.1534,0.8466,Medium,True
123,14.4048753374622,0.6410442590713501,0.585993330157217,0.0,0.1537,0.8463,Medium,True
123,14.9429291726218,0.6654251217842102,0.626858027632205,0.0,0.0074,0.9926,Medium,True
123,15.4316539622042,0.6761688590049744,0.655490709861839,0.0,0.0,1.0,High,False
123,15.9693107829124,0.7107004523277283,0.688208670795617,0.0,0.0,1.0,High,False
123,16.2632007305065,0.7120463848114014,0.718830395426393,0.0,0.0,1.0,High,False
123,16.9479514054311,0.712738573551178,0.769914244878513,0.0,0.0,1.0,High,False
123,17.3392091472129,0.7358756065368652,0.798523106241067,0.0,0.0,1.0,High,False
123,18.1711529299666,0.7376110553741455,0.870009528346831,0.0,0.0,1.0,High,False
123,18.4651421311735,0.7376110553741455,0.90266793711291,0.0,0.0,1.0,High,False
123,21.1991821502302,0.7769947052001953,1.00516912815626,0.0,0.0,1.0,High,False
123,22.368588216611,0.7789733409881592,1.00138161029061,0.0,0.0,1.0,High,False
123,23.0022232809274,0.8255027532577515,1.00357313006193,0.0,0.0,1.0,High,False
124,0.0,-0.00949639268219471,0.0,1.0,0.0,0.0,Low,False
124,0.10272748928061,0.06378697603940964,0.105919485469271,1.0,0.0,0.0,Low,False
124,0.20614975385104,0.08404171466827393,0.228144354454502,1.0,0.0,0.0,Low,False
124,0.207241543592187,0.08404171466827393,0.250547879942829,1.0,0.0,0.0,Low,False
124,0.252004922979195,0.08056631684303284,0.169092424964268,1.0,0.0,0.0,Low,False
124,0.257166110846434,0.08056631684303284,0.275,1.0,0.0,0.0,Low,False
124,0.257960139749085,0.08056631684303284,0.29129347308242,1.0,0.0,0.0,Low,False
124,0.998789105923454,0.1772930771112442,0.493103858980466,1.0,0.0,0.0,Low,False
124,1.29297681435604,0.18223458528518677,0.529835636017151,1.0,0.0,0.0,Low,False
124,1.34300063522312,0.18223458528518677,0.556324440209623,1.0,0.0,0.0,Low,False
124,2.07559155153247,0.21932709217071533,0.58909004287756,1.0,0.0,0.0,Low,False
124,2.9980546291885,0.20874544978141785,0.518032396379228,1.0,0.0,0.0,Low,False
124,3.33968556455454,0.17615383863449097,0.528299190090519,1.0,0.0,0.0,Low,False
124,3.87575432745751,0.17615383863449097,0.528430204859456,1.0,0.0,0.0,Low,False
124,4.31465380339844,0.2238655686378479,0.534647451167222,1.0,0.0,0.0,Low,False
124,6.94725663014133,0.3349283039569855,0.555657455931395,0.9904,0.0096,0.0,Medium,True
124,7.48302763220581,0.3639630079269409,0.549678418294425,0.8162,0.1838,0.0,Medium,True
124,8.0667381292679,0.402627170085907,0.527417818008575,0.5842,0.4158,0.0,Medium,True
124,8.36023106241067,0.402627170085907,0.549892806098142,0.5842,0.4158,0.0,Medium,True
124,9.04250039701445,0.41035908460617065,0.550059552167698,0.5378,0.4622,0.0,Medium,True
124,9.4323685882166,0.40944480895996094,0.550154835636017,0.5433,0.4567,0.0,Medium,True
124,10.1145386692075,0.41118407249450684,0.548284897570271,0.5329,0.4671,0.0,Medium,True
124,10.4560703509607,0.41137832403182983,0.55651500714626,0.5317,0.4683,0.0,Medium,True
124,10.9921391138637,0.4748156666755676,0.556646021915197,0.1511,0.8489,0.0,Medium,True
124,11.3332737811656,0.4870213270187378,0.556729394949976,0.0779,0.9221,0.0,Medium,True
124,13.917837859298,0.5152712464332581,0.591984278227727,0.0,0.9084,0.0916,Medium,True
124,14.3081030649515,0.5100955367088318,0.600226298237255,0.0,0.9394,0.0606,Medium,True
124,15.0887327298713,0.5016660094261169,0.618747022391615,0.0,0.99,0.01,Medium,True
124,15.4786009210735,0.522219181060791,0.618842305859933,0.0,0.8667,0.1333,Medium,True
124,16.1132285215181,0.5368908643722534,0.641400666984278,0.0,0.7787,0.2213,Medium,True
124,16.2595283468318,0.5368908643722534,0.6434730824202,0.0,0.7787,0.2213,Medium,True
124,17.0405550262029,0.5403174161911011,0.670140543115769,0.0,0.7581,0.2419,Medium,True
124,17.3331546768302,0.559894323348999,0.674285373987613,0.0,0.6406,0.3594,Medium,True
124,18.0162180403366,0.5616297721862793,0.69074559313959,0.0,0.6302,0.3698,Medium,True
124,18.4069795140543,0.5616297721862793,0.709171033825631,0.0,0.6302,0.3698,Medium,True
124,20.8987414641892,0.5556293725967407,0.840126250595521,0.0,0.6662,0.3338,Medium,True
124,21.4357035096077,0.5556293725967407,0.858587422582182,0.0,0.6662,0.3338,Medium,True
124,22.1689892012069,0.5663145780563354,0.905609814197236,0.0,0.6021,0.3979,Medium,True
124,23.2909520406542,0.6002646684646606,0.928287279656979,0.0,0.3984,0.6016,Medium,True
124,24.0229474352866,0.6184635758399963,0.948832777513101,0.0,0.2892,0.7108,Medium,True
124,24.4620454184532,0.6417221426963806,0.959123392091472,0.0,0.1497,0.8503,Medium,True
124,25.0481380022232,0.6643902063369751,0.985743211052882,0.0,0.0137,0.9863,Medium,True
125,0.0,0.009224153123795986,0.0,1.0,0.0,0.0,Low,False
125,0.00361010830324903,0.009224153123795986,0.318075226017464,1.0,0.0,0.0,Low,False
125,0.0216606498194945,0.009224153123795986,0.403506741954395,1.0,0.0,0.0,Low,False
125,0.0577617328519856,0.16311122477054596,0.435480884939369,1.0,0.0,0.0,Low,False
125,0.137184115523465,0.23605236411094666,0.454541948224259,1.0,0.0,0.0,Low,False
125,0.252707581227436,0.2684966027736664,0.50344040235737,1.0,0.0,0.0,Low,False
125,1.00361010830324,0.42819926142692566,0.634314542256781,0.4308,0.5692,0.0,Medium,True
125,2.00633116883116,0.527942955493927,0.664370748299319,0.0,0.8323,0.1677,Medium,True
125,3.00297619047619,0.55230313539505,0.735041743970315,0.0,0.6862,0.3138,Medium,True
126,0.0,-0.00796299148350954,0.0,1.0,0.0,0.0,Low,False
126,0.50251256281407,0.2121676802635193,0.350130936372,1.0,0.0,0.0,Low,False
126,1.00502512562814,0.2663785219192505,0.523202868804114,1.0,0.0,0.0,Low,False
126,1.95979899497487,0.3287450969219208,0.7003292788557129,1.0,0.0,0.0,Low,False
126,2.51256281407035,0.4649811089038849,0.712438786824801,0.2101,0.7899,0.0,Medium,True
126,2.9145728643216,0.4653860628604889,0.706429531965663,0.2077,0.7923,0.0,Medium,True
126,3.56783919597989,0.5106209516525269,0.708485418372883,0.0,0.9363,0.0637,Medium,True
126,3.96984924623115,0.5455065965652466,0.710524453252176,0.0,0.727,0.273,Medium,True
126,4.57286432160803,0.5455065965652466,0.714589041788419,0.0,0.727,0.273,Medium,True
126,5.0251256281407,0.5665667653083801,0.724679736711727,0.0,0.6006,0.3994,Medium,True
126,5.52763819095477,0.5666985511779785,0.730749657071406,0.0,0.5998,0.4002,Medium,True
126,6.13065326633165,0.6172852516174316,0.746886680215295,0.0,0.2963,0.7037,Medium,True
126,6.98492462311557,0.618452250957489,0.767064699756326,0.0,0.2893,0.7107,Medium,True
126,8.94472361809045,0.6371827125549316,0.765184069239558,0.0,0.1769,0.8231,Medium,True
126,11.1557788944723,0.7258009910583496,0.76935650755454,0.0,0.0,1.0,High,False
126,13.0653266331658,0.7162297964096069,0.769484579166793,0.0,0.0,1.0,High,False
126,15.0251256281407,0.7031702995300293,0.775652238388454,0.0,0.0,1.0,High,False
126,16.9849246231155,0.7513577938079834,0.777795752740901,0.0,0.0,1.0,High,False
126,19.0954773869346,0.8057156801223755,0.779949378010104,0.0,0.0,1.0,High,False
126,21.9095477386934,0.8075407147407532,0.782150187557505,0.0,0.0,1.0,High,False
126,24.0703517587939,0.838214635848999,0.780283038263079,0.0,0.0,1.0,High,False
126,26.0301507537688,0.8393810987472534,0.780414480180917,0.0,0.0,1.0,High,False
126,27.9899497487437,0.8521497249603271,0.780545922098756,0.0,0.0,1.0,High,False
126,30.0,0.8947973251342773,0.786716951626003,0.0,0.0,1.0,High,False
127,0.0,0.034067727625370026,0.0,1.0,0.0,0.0,Low,False
127,0.498958063382406,0.23542486131191254,0.320213570381309,1.0,0.0,0.0,Low,False
127,1.0070752288888,0.2942151427268982,0.462740559557238,1.0,0.0,0.0,Low,False
127,1.52083695733207,0.35815995931625366,0.495763027757759,0.851,0.149,0.0,Medium,True
127,1.98262610628108,0.36723050475120544,0.53705353814695,0.7966,0.2034,0.0,Medium,True
127,2.44579977066744,0.5312680602073669,0.551484449051606,0.0,0.8124,0.1876,Medium,True
127,3.01121457504251,0.5439687967300415,0.582437244175272,0.0,0.7362,0.2638,Medium,True
127,3.52593481417317,0.5622490048408508,0.596864605040346,0.0,0.6265,0.3735,Medium,True
127,3.98836297024711,0.5759822130203247,0.625758377205905,0.0,0.5441,0.4559,Medium,True
127,4.55462978412209,0.5797039270401001,0.640182188031396,0.0,0.5218,0.4782,Medium,True
127,5.01790994969593,0.599730372428894,0.652546975898781,0.0,0.4016,0.5984,Medium,True
127,5.48108361408229,0.6019173264503479,0.666977886803437,0.0,0.3885,0.6115,Medium,True
127,6.04756343033224,0.6299272179603577,0.677269451554384,0.0,0.2204,0.7796,Medium,True
127,6.97476276860486,0.634489893913269,0.689602289065522,0.0,0.1931,0.8069,Medium,True
127,8.98497268244541,0.6137810945510864,0.69152996055906,0.0,0.3173,0.6827,Medium,True
127,10.9438490239166,0.6515762805938721,0.689328936017636,0.0,0.0905,0.9095,Medium,True
127,13.0572585884332,0.6882971525192261,0.689183384394735,0.0,0.0,1.0,High,False
127,15.0159219275294,0.6492863893508911,0.691114605927856,0.0,0.1043,0.8957,Medium,True
127,16.9746917678132,0.6990083456039429,0.690979704423704,0.0,0.0,1.0,High,False
127,18.9850081828412,0.7395030856132507,0.690841252879969,0.0,0.0,1.0,High,False
127,21.9747095180111,0.7466413974761963,0.690635350584158,0.0,0.0,1.0,High,False
127,23.9849194318516,0.7706072330474854,0.692563022077696,0.0,0.0,1.0,High,False
127,25.9950228445047,0.7872594594955444,0.696556816608505,0.0,0.0,1.0,High,False
127,28.0047002524078,0.7935155034065247,0.708815103288401,0.0,0.0,1.0,High,False
127,30.0145906626858,0.8647152781486511,0.716941143893754,0.0,0.0,1.0,High,False
128,0.0,0.06345302611589432,0.0,1.0,0.0,0.0,Low,False
128,2.01005025125628,0.3590677082538605,0.688260214553653,0.8456,0.1544,0.0,Medium,True
128,2.41206030150753,0.3658348619937897,0.696335466736769,0.805,0.195,0.0,Medium,True
128,3.01507537688442,0.3842196464538574,0.748689793703595,0.6947,0.3053,0.0,Medium,True
128,3.46733668341708,0.3627975583076477,0.750732198888473,0.8232,0.1768,0.0,Medium,True
128,4.07035175879396,0.37880295515060425,0.760833004728538,0.7272,0.2728,0.0,Medium,True
128,4.62311557788944,0.3803277015686035,0.770930440263018,0.718,0.282,0.0,Medium,True
128,5.0251256281407,0.42478248476982117,0.793090199488387,0.4513,0.5487,0.0,Medium,True
128,5.57788944723618,0.42478248476982117,0.805199707457475,0.4513,0.5487,0.0,Medium,True
128,5.97989949748743,0.44895103573799133,0.817299104509805,0.3063,0.6937,0.0,Medium,True
128,7.08542713567839,0.46342000365257263,0.825421540971119,0.2195,0.7805,0.0,Medium,True
128,9.04522613065326,0.47458505630493164,0.825552982888958,0.1525,0.8475,0.0,Medium,True
128,11.0050251256281,0.4926099479198456,0.825684424806797,0.0443,0.9557,0.0,Medium,True
128,13.0653266331658,0.5136028528213501,0.827834679770414,0.0,0.9184,0.0816,Medium,True
128,14.9748743718592,0.5332537293434143,0.827962751382667,0.0,0.8005,0.1995,Medium,True
128,16.9849246231155,0.6076714992523193,0.830109636040699,0.0,0.354,0.646,Medium,True
128,18.9949748743718,0.7214287519454956,0.836280665567947,0.0,0.0,1.0,High,False
128,22.0603015075376,0.719700038433075,0.836486254208669,0.0,0.0,1.0,High,False
128,24.0703517587939,0.7577784061431885,0.838633138866701,0.0,0.0,1.0,High,False
128,25.9798994974874,0.8222904205322266,0.840773282913561,0.0,0.0,1.0,High,False
128,28.0402010050251,0.8385589122772217,0.846947682746394,0.0,0.0,1.0,High,False
128,30.1005025125628,0.8510655760765076,0.849097937710012,0.0,0.0,1.0,High,False
129,0.0,0.05674031004309654,0.0,1.0,0.0,0.0,Low,False
129,0.552763819095476,0.34691542387008667,0.340073944504548,0.9185,0.0815,0.0,Medium,True
129,1.05527638190954,0.3791544437408447,0.45479577633304,0.7251,0.2749,0.0,Medium,True
129,1.50753768844221,0.3948306143283844,0.579574600028984,0.631,0.369,0.0,Medium,True
129,2.01005025125628,0.48151320219039917,0.57960830308484,0.1109,0.8891,0.0,Medium,True
129,2.61306532663316,0.48828035593032837,0.593733253794121,0.0703,0.9297,0.0,Medium,True
129,2.9145728643216,0.48828035593032837,0.599789692931458,0.0703,0.9297,0.0,Medium,True
129,3.51758793969849,0.5059939622879028,0.650131947463676,0.0,0.964,0.036,Medium,True
129,4.02010050251256,0.514306902885437,0.678334664604039,0.0,0.9142,0.0858,Medium,True
129,4.57286432160803,0.5158315896987915,0.686420027703911,0.0,0.905,0.095,Medium,True
129,5.12562814070351,0.5253753066062927,0.704565752976822,0.0,0.8477,0.1523,Medium,True
129,5.52763819095477,0.5253753066062927,0.71867722246376,0.0,0.8477,0.1523,Medium,True
129,6.13065326633165,0.5047356486320496,0.730790100738434,0.0,0.9716,0.0284,Medium,True
129,7.13567839195979,0.5120171904563904,0.746954086327007,0.0,0.9279,0.0721,Medium,True
129,8.99497487437186,0.5025719404220581,0.745066715199067,0.0,0.9846,0.0154,Medium,True
129,10.9045226130653,0.48432886600494385,0.747206859245927,0.094,0.906,0.0,Medium,True
129,13.21608040201,0.5251521468162537,0.749373965737473,0.0,0.8491,0.1509,Medium,True
129,15.1256281407035,0.5403875112533569,0.747489964915118,0.0,0.7577,0.2423,Medium,True
129,16.9849246231155,0.6160751581192017,0.749626738656394,0.0,0.3035,0.6965,Medium,True
129,19.1959798994974,0.7236471772193909,0.751787104536768,0.0,0.0,1.0,High,False
129,22.0603015075376,0.7219184637069702,0.747955067085932,0.0,0.0,1.0,High,False
129,24.0201005025125,0.7599968314170837,0.744062364134556,0.0,0.0,1.0,High,False
129,25.9798994974874,0.8198274970054626,0.746205878487002,0.0,0.0,1.0,High,False
129,27.9899497487437,0.8360958695411682,0.746340690710426,0.0,0.0,1.0,High,False
129,30.0502512562814,0.8486027121543884,0.746478873239436,0.0,0.0,1.0,High,False
130,0.0,-0.015977121889591217,0.0,1.0,0.0,0.0,Low,False
130,1.04712041884816,0.16323751211166382,0.0246278042645293,1.0,0.0,0.0,Low,False
130,3.1413612565445,0.2028285264968872,0.0493024072069963,1.0,0.0,0.0,Low,False
130,7.06806282722513,0.26101797819137573,0.123220919009037,1.0,0.0,0.0,Low,False
130,15.0959860383944,0.44110897183418274,0.226373004962609,0.3533,0.6467,0.0,Medium,True
130,18.0628272251308,0.5930050015449524,0.260025154289391,0.0,0.442,0.558,Medium,True
130,21.1169284467713,0.6415642499923706,0.304854387863542,0.0,0.1506,0.8494,Medium,True
130,25.130890052356,0.775557816028595,0.385480710169937,0.0,0.0,1.0,High,False
130,28.2722513089005,0.8090711832046509,0.50852613413671,0.0,0.0,1.0,High,False
130,31.2390924956369,0.8802832365036011,0.573463199664609,0.0,0.0,1.0,High,False
130,34.1186736474694,0.9057251811027527,0.74789357200659,0.0,0.0,1.0,High,False
130,38.1326352530541,0.914339005947113,0.857570173642594,0.0,0.0,1.0,High,False
130,45.0261780104712,0.9070991277694702,0.987487203486501,0.0,0.0,1.0,High,False
131,0.0,0.07943838089704514,0.0,1.0,0.0,0.0,Low,False
131,4.00739353312302,0.6087632775306702,0.20703125,0.0,0.3474,0.6526,Medium,True
131,7.02331427444795,0.7326502203941345,0.701171875,0.0,0.0,1.0,High,False
131,10.0453962933753,0.8551408052444458,0.951171875,0.0,0.0,1.0,High,False
131,14.0067527602523,0.9591032266616821,0.982421875,0.0,0.0,1.0,High,False
132,0.0,-0.053530965000391006,0.0,1.0,0.0,0.0,Low,False
132,0.837111191394642,0.12041815370321274,0.0212608916910428,1.0,0.0,0.0,Low,False
132,1.9708182316128,0.1794927567243576,0.0733040427937112,1.0,0.0,0.0,Low,False
132,3.95002738704301,0.2470788061618805,0.317223536541307,1.0,0.0,0.0,Low,False
132,5.92830421760462,0.24558261036872864,0.542185757960694,1.0,0.0,0.0,Low,False
132,10.0673604717563,0.32184258103370667,0.702996259046464,1.0,0.0,0.0,Low,False
132,14.0064330415933,0.38296934962272644,0.797471845731311,0.7022,0.2978,0.0,Medium,True
132,17.9431747992588,0.4998128414154053,0.844554251595635,0.0011,0.9989,0.0,Medium,True
132,22.0755882387217,0.6229490041732788,0.870294187342912,0.0,0.2623,0.7377,Medium,True
132,26.0599951052944,0.7315642237663269,0.886567140986943,0.0,0.0,1.0,High,False
132,29.9454589951868,0.7689914703369141,0.890999568799748,0.0,0.0,1.0,High,False
133,0.0,-0.03545135632157326,0.0,1.0,0.0,0.0,Low,False
133,0.886058246996166,0.17171171307563782,0.0165176889220382,1.0,0.0,0.0,Low,False
133,1.96907012248417,0.30839505791664124,0.0377591571783186,1.0,0.0,0.0,Low,False
133,3.84211078350251,0.3643951117992401,0.122919264551065,0.8136,0.1864,0.0,Medium,True
133,6.15649072919458,0.3761567175388336,0.181978160289952,0.7431,0.2569,0.0,Medium,True
133,10.1427622455044,0.423881858587265,0.236165658590402,0.4567,0.5433,0.0,Medium,True
133,13.9858053538755,0.46149560809135437,0.378042195469677,0.231,0.769,0.0,Medium,True
133,18.0738168214714,0.5763221979141235,0.500942036585981,0.0,0.5421,0.4579,Medium,True
133,22.0126563100912,0.6476764678955078,0.590678305188776,0.0,0.1139,0.8861,Medium,True
133,25.9985782045753,0.7477179169654846,0.637756826366147,0.0,0.0,1.0,High,False
133,30.1323901313412,0.789341390132904,0.691932670605739,0.0,0.0,1.0,High,False
134,0.0,-0.025270722806453705,0.0,1.0,0.0,0.0,Low,False
134,0.935937627466291,0.22520118951797485,0.0307317584812425,1.0,0.0,0.0,Low,False
134,1.82281165872248,0.31348127126693726,0.0638370606904641,1.0,0.0,0.0,Low,False
134,3.93953873227126,0.41110312938690186,0.103954222848951,0.5334,0.4666,0.0,Medium,True
134,5.96839418695444,0.4018911123275757,0.3573484680737,0.5887,0.4113,0.0,Medium,True
134,10.101739951286,0.4241299331188202,0.402045676149187,0.4552,0.5448,0.0,Medium,True
134,13.9909331406528,0.4595283567905426,0.482307193274829,0.2428,0.7572,0.0,Medium,True
134,18.0274336592585,0.5676528811454773,0.557817738257562,0.0,0.5941,0.4059,Medium,True
134,21.9662731478783,0.6507578492164612,0.647554006860357,0.0,0.0955,0.9045,Medium,True
134,25.951495798711,0.7571504712104797,0.68041457379157,0.0,0.0,1.0,High,False
134,30.0863565909541,0.7930590510368347,0.755917349400398,0.0,0.0,1.0,High,False
135,0.0,-0.11419990658760071,0.0,1.0,0.0,0.0,Low,False
135,3.05810397553516,0.17272880673408508,0.0183712346034921,1.0,0.0,0.0,Low,False
135,7.95107033639143,0.2409912645816803,0.0570073541465288,1.0,0.0,0.0,Low,False
135,13.1498470948012,0.2961265742778778,0.0919353106434454,1.0,0.0,0.0,Low,False
135,17.7370030581039,0.3506956994533539,0.169399741106909,0.8958,0.1042,0.0,Medium,True
135,27.6758409785932,0.4383731186389923,0.194910320111697,0.3698,0.6302,0.0,Medium,True
135,38.3792048929663,0.7021366953849792,0.24811906821098,0.0,0.0,1.0,High,False
135,48.0122324159021,0.7132804989814758,0.299518956287766,0.0,0.0,1.0,High,False
135,58.2568807339449,0.7042989134788513,0.382319523817598,0.0,0.0,1.0,High,False
135,68.1957186544342,0.7248649001121521,0.620399418903717,0.0,0.0,1.0,High,False
135,78.1345565749235,0.7375165820121765,0.875115173509244,0.0,0.0,1.0,High,False
135,88.3792048929663,0.7984427809715271,0.969006314052016,0.0,0.0,1.0,High,False
136,0.0,-0.06711406260728836,0.0,1.0,0.0,0.0,Low,False
136,0.172847907451513,0.03739343211054802,0.00981626403538604,1.0,0.0,0.0,Low,False
136,0.205239877509356,0.04211202263832092,0.0274038788703638,1.0,0.0,0.0,Low,False
136,0.271929227628445,0.07338199019432068,0.0489077917659066,1.0,0.0,0.0,Low,False
136,0.478257910854032,0.1226787194609642,0.0684994896223204,1.0,0.0,0.0,Low,False
136,1.13399115345355,0.24922387301921844,0.113613473970738,1.0,0.0,0.0,Low,False
136,1.44593399115345,0.26953455805778503,0.12542361347397,1.0,0.0,0.0,Low,False
136,2.03661109220823,0.37591251730918884,0.13731541340592,0.7445,0.2555,0.0,Medium,True
136,2.34828172847907,0.37591251730918884,0.15107859816264,0.7445,0.2555,0.0,Medium,True
136,3.17876828853351,0.403654009103775,0.192337529772031,0.5781,0.4219,0.0,Medium,True
136,3.59523647499149,0.403654009103775,0.204178291936032,0.5781,0.4219,0.0,Medium,True
136,3.97822388567539,0.4745793640613556,0.206243620279006,0.1525,0.8475,0.0,Medium,True
136,4.2215719632528,0.4749080240726471,0.210221163661109,0.1506,0.8494,0.0,Medium,True
136,4.4989452194624,0.4749080240726471,0.220068050357264,0.1506,0.8494,0.0,Medium,True
136,5.05478053759782,0.52459716796875,0.231949642735624,0.0,0.8524,0.1476,Medium,True
136,5.26083701939435,0.52459716796875,0.253494385845525,0.0,0.8524,0.1476,Medium,True
136,5.50173528411024,0.5307993292808533,0.275049336509016,0.0,0.8152,0.1848,Medium,True
136,6.05103776794828,0.5541139245033264,0.333804014971078,0.0,0.6753,0.3247,Medium,True
136,6.39564477713508,0.5544508099555969,0.361248724055801,0.0,0.6733,0.3267,Medium,True
136,7.05083361687648,0.5680322647094727,0.410268798911194,0.0,0.5918,0.4082,Medium,True
136,7.18747873426335,0.5697870254516602,0.429840081660428,0.0,0.5813,0.4187,Medium,True
136,7.32521265736645,0.5697870254516602,0.441599183395712,0.0,0.5813,0.4187,Medium,True
136,9.95277305205852,0.6486871242523193,0.588853351480095,0.0,0.1079,0.8921,Medium,True
136,10.1582851309969,0.6563317775726318,0.614304185096971,0.0,0.062,0.938,Medium,True
136,10.8156515821708,0.6745455861091614,0.647699897924463,0.0,0.0,1.0,High,False
136,11.1618917999319,0.8136942386627197,0.663426335488261,0.0,0.0,1.0,High,False
136,11.4030622660768,0.8136942386627197,0.683028240898264,0.0,0.0,1.0,High,False
136,11.6436883293637,0.8136942386627197,0.706536236815243,0.0,0.0,1.0,High,False
136,12.3720993535216,0.8217645883560181,0.730187138482476,0.0,0.0,1.0,High,False
136,12.6843143926505,0.8217645883560181,0.740044232732221,0.0,0.0,1.0,High,False
136,13.3092888737665,0.8231126070022583,0.755852330724736,0.0,0.0,1.0,High,False
136,13.6215039128955,0.8231126070022583,0.76570942497448,0.0,0.0,1.0,High,False
136,16.2643075876148,0.9270211458206177,0.803593058863558,0.0,0.0,1.0,High,False
136,16.5414086423953,0.9270211458206177,0.815392990813201,0.0,0.0,1.0,High,False
136,18.1762504253147,0.9653909206390381,0.835403198366791,0.0,0.0,1.0,High,False
136,18.4884654644436,0.9653916358947754,0.845260292616536,0.0,0.0,1.0,High,False
137,0.0,-0.032641079276800156,0.0,1.0,0.0,0.0,Low,False
137,0.545491663831234,0.1748470962047577,0.0860973120108878,1.0,0.0,0.0,Low,False
137,1.12691391629805,0.2642534375190735,0.164392650561415,1.0,0.0,0.0,Low,False
137,1.36672337529772,0.2845640480518341,0.193759782238856,1.0,0.0,0.0,Low,False
137,2.02599523647499,0.3909420073032379,0.213484178291935,0.6543,0.3457,0.0,Medium,True
137,2.40925484858795,0.3909420073032379,0.213596461381422,0.6543,0.3457,0.0,Medium,True
137,3.16760802994215,0.41675782203674316,0.272412385165021,0.4995,0.5005,0.0,Medium,True
137,3.30425314732902,0.41675782203674316,0.291983667914256,0.4995,0.5005,0.0,Medium,True
137,3.51139843484178,0.41675782203674316,0.305716230010207,0.4995,0.5005,0.0,Medium,True
137,4.05961211296359,0.4771558940410614,0.372283089486219,0.1371,0.8629,0.0,Medium,True
137,4.19734603606669,0.4771558940410614,0.384042191221503,0.1371,0.8629,0.0,Medium,True
137,4.47308608370193,0.4771558940410614,0.405607349438584,0.1371,0.8629,0.0,Medium,True
137,5.05668594760122,0.5268452167510986,0.468278325961211,0.0,0.8389,0.1611,Medium,True
137,5.19414766927526,0.5268452167510986,0.481990472949982,0.0,0.8389,0.1611,Medium,True
137,5.29595100374276,0.5268452167510986,0.501551548145627,0.0,0.8389,0.1611,Medium,True
137,5.39829874106839,0.5268452167510986,0.517206532834297,0.0,0.8389,0.1611,Medium,True
137,6.05049336509016,0.556361973285675,0.587710105478053,0.0,0.6618,0.3382,Medium,True
137,6.32650561415447,0.5566988587379456,0.607322218441646,0.0,0.6598,0.3402,Medium,True
137,6.39346716570262,0.5566988587379456,0.626873086083701,0.0,0.6598,0.3402,Medium,True
137,7.01626403538618,0.5678257942199707,0.658305546104116,0.0,0.593,0.407,Medium,True
137,7.1531813542021,0.5720350742340088,0.675923783599863,0.0,0.5678,0.4322,Medium,True
137,7.32521265736645,0.5720350742340088,0.691599183395712,0.0,0.5678,0.4322,Medium,True
137,9.85913576046274,0.6455106139183044,0.760700918679822,0.0,0.1269,0.8731,Medium,True
137,10.0303504593399,0.6514127850532532,0.782235454236134,0.0,0.0915,0.9085,Medium,True
137,10.2377679482817,0.64446622133255,0.794014971078597,0.0,0.1332,0.8668,Medium,True
137,10.8619258251105,0.6506508588790894,0.815682204831575,0.0,0.0961,0.9039,Medium,True
137,11.1412044913235,0.7938054203987122,0.811857774753317,0.0,0.0,1.0,High,False
137,11.4161279346716,0.7938054203987122,0.83928206873086,0.0,0.0,1.0,High,False
137,12.2498809118747,0.8018757700920105,0.8571044572984,0.0,0.0,1.0,High,False
137,12.6325961211296,0.8018757700920105,0.861122830894862,0.0,0.0,1.0,High,False
137,13.2921401837359,0.8032237887382507,0.878894181694453,0.0,0.0,1.0,High,False
137,13.6046274242939,0.8032237887382507,0.88679823069071,0.0,0.0,1.0,High,False
137,16.1094249744811,0.8793408274650574,0.914875808097992,0.0,0.0,1.0,High,False
137,18.2693433140524,0.9266466498374939,0.917461721674038,0.0,0.0,1.0,High,False
137,19.1755018713848,0.9408544301986694,0.915774072813882,0.0,0.0,1.0,High,False
138,0.0,-0.025958862155675888,0.0,1.0,0.0,0.0,Low,False
138,1.14705682204831,0.263197660446167,0.269867301803334,1.0,0.0,0.0,Low,False
138,1.38877169105137,0.2835082709789276,0.285563116706362,1.0,0.0,0.0,Low,False
138,2.11718271520925,0.3850557506084442,0.309214018373596,0.6897,0.3103,0.0,Medium,True
138,3.11915617556992,0.4108715057373047,0.370054440285811,0.5348,0.4652,0.0,Medium,True
138,3.38972439605307,0.4108715057373047,0.428727458319155,0.5348,0.4652,0.0,Medium,True
138,3.4920721333787,0.4108715057373047,0.444382443007825,0.5348,0.4652,0.0,Medium,True
138,4.14698877169105,0.4596320688724518,0.495355563116706,0.2422,0.7578,0.0,Medium,True
138,4.21177271180673,0.4596320688724518,0.530530792786661,0.2422,0.7578,0.0,Medium,True
138,4.34896223205171,0.4596320688724518,0.546195985028921,0.2422,0.7578,0.0,Medium,True
138,4.41674038788703,0.4596320688724518,0.559887716910513,0.2422,0.7578,0.0,Medium,True
138,5.07329023477373,0.5093212723731995,0.599142565498468,0.0,0.9441,0.0559,Medium,True
138,5.17482136781218,0.5093212723731995,0.620656685947601,0.0,0.9441,0.0559,Medium,True
138,5.27771350799591,0.5093212723731995,0.632405580129295,0.0,0.9441,0.0559,Medium,True
138,5.44974481116025,0.5093212723731995,0.648080979925144,0.0,0.9441,0.0559,Medium,True
138,6.00421912215039,0.5388380289077759,0.669727798570942,0.0,0.767,0.233,Medium,True
138,6.24457298400816,0.5391749143600464,0.695188839741408,0.0,0.765,0.235,Medium,True
138,6.4166042871725,0.5391749143600464,0.710864239537257,0.0,0.765,0.235,Medium,True
138,7.00673698536917,0.5551323890686035,0.726662129976182,0.0,0.6692,0.3308,Medium,True
138,7.38673018033344,0.5593416690826416,0.750210956107519,0.0,0.6439,0.3561,Medium,True
138,9.71486900306226,0.6198126077651978,0.79581490302824,0.0,0.2811,0.7189,Medium,True
138,10.0959510037427,0.6317728161811829,0.811551548145627,0.0,0.2094,0.7906,Medium,True
138,11.1382102756039,0.7903197407722473,0.83334127254168,0.0,0.0,1.0,High,False
138,11.6605648179652,0.7903197407722473,0.835447431099013,0.0,0.0,1.0,High,False
138,12.2858115005103,0.7983900904655457,0.849302483838039,0.0,0.0,1.0,High,False
138,12.5642735624362,0.7983900904655457,0.851337189520244,0.0,0.0,1.0,High,False
138,13.2597482136781,0.7997381091117859,0.861306566859475,0.0,0.0,1.0,High,False
138,13.5730520585233,0.7997381091117859,0.86335148009527,0.0,0.0,1.0,High,False
138,16.1829193603266,0.8758551478385925,0.887553589656345,0.0,0.0,1.0,High,False
139,0.0,0.052847642451524734,0.0,1.0,0.0,0.0,Low,False
139,1.04688669615515,0.3391919434070587,0.238587955086764,0.9648,0.0352,0.0,Medium,True
139,1.27635250085062,0.3634732961654663,0.342170806396733,0.8192,0.1808,0.0,Medium,True
139,1.51616195985029,0.3634732961654663,0.371537938074174,0.8192,0.1808,0.0,Medium,True
139,2.10411704661449,0.4666876494884491,0.402960190541,0.1999,0.8001,0.0,Medium,True
139,2.27397073834637,0.4666876494884491,0.434259952364749,0.1999,0.8001,0.0,Medium,True
139,2.44464103436542,0.4666876494884491,0.459700578428036,0.1999,0.8001,0.0,Medium,True
139,3.0987410683906,0.5013726353645325,0.516532834297379,0.0,0.9918,0.0082,Medium,True
139,3.30506975161619,0.5013726353645325,0.536124532153793,0.0,0.9918,0.0082,Medium,True
139,3.44253147329023,0.5013726353645325,0.549836679142565,0.0,0.9918,0.0082,Medium,True
139,3.92432800272201,0.5339606404304504,0.592946580469547,0.0,0.7962,0.2038,Medium,True
139,4.19843484178292,0.5608842372894287,0.626230010207553,0.0,0.6347,0.3653,Medium,True
139,4.40558012929567,0.5608842372894287,0.639962572303504,0.0,0.6347,0.3653,Medium,True
139,4.8871044572984,0.5608842372894287,0.685025518883974,0.0,0.6347,0.3653,Medium,True
139,5.16393331064988,0.6116755604743958,0.698778496087104,0.0,0.3299,0.6701,Medium,True
139,5.43940115685607,0.6116755604743958,0.722296699557672,0.0,0.3299,0.6701,Medium,True
139,5.96039469207213,0.6506097912788391,0.734168084382442,0.0,0.0963,0.9037,Medium,True
139,6.20156515821708,0.6509466767311096,0.753769989792446,0.0,0.0943,0.9057,Medium,True
139,6.33548826131337,0.6509466767311096,0.792871725076556,0.0,0.0943,0.9057,Medium,True
139,6.84967676080299,0.6509466767311096,0.853569241238516,0.0,0.0943,0.9057,Medium,True
139,7.12841102415787,0.6740961670875549,0.853650901667233,0.0,0.0,1.0,High,False
139,7.47655665192242,0.6740961670875549,0.855706022456617,0.0,0.0,1.0,High,False
139,7.89356924123851,0.672014057636261,0.863640694113643,0.0,0.0,1.0,High,False
139,8.16985369173188,0.6753102540969849,0.881299761823749,0.0,0.0,1.0,High,False
139,9.7018033344675,0.726306140422821,0.889561075195644,0.0,0.0,1.0,High,False
139,10.0502211636611,0.7410351634025574,0.889663150731541,0.0,0.0,1.0,High,False
139,10.6074174889418,0.7473390698432922,0.891779516842463,0.0,0.0,1.0,High,False
139,11.0603606668935,0.8979965448379517,0.891912215039128,0.0,0.0,1.0,High,False
139,11.5476012249064,0.8979965448379517,0.895961211296359,0.0,0.0,1.0,High,False
139,11.8957468526709,0.8979965448379517,0.898016332085743,0.0,0.0,1.0,High,False
139,12.383531813542,0.9060669541358948,0.898159237835998,0.0,0.0,1.0,High,False
139,12.7316774413065,0.9060669541358948,0.900214358625382,0.0,0.0,1.0,High,False
139,13.1486900306226,0.9089610576629639,0.908149030282408,0.0,0.0,1.0,High,False
139,13.671316774413,0.9096550941467285,0.908302143586253,0.0,0.0,1.0,High,False
139,16.6660768969037,0.9773897528648376,0.920898264715889,0.0,0.0,1.0,High,False
139,18.1631847567199,1.0221115350723267,0.929149370534195,0.0,0.0,1.0,High,False
139,19.1738686628104,1.0363197326660156,0.927492344334807,0.0,0.0,1.0,High,False
140,0.0,0.053330644965171814,0.0,1.0,0.0,0.0,Low,False
140,0.405035726437563,0.2532820403575897,0.0938686628104796,1.0,0.0,0.0,Low,False
140,0.504661449472609,0.31620296835899353,0.129054100034025,1.0,0.0,0.0,Low,False
140,0.532153793807417,0.3183324635028839,0.181796529431779,1.0,0.0,0.0,Low,False
140,1.17863218781898,0.38573554158210754,0.293314052398774,0.6856,0.3144,0.0,Medium,True
140,1.27118067369853,0.38573554158210754,0.379278666212997,0.6856,0.3144,0.0,Medium,True
140,1.4385845525689,0.41001689434051514,0.428155835318135,0.5399,0.4601,0.0,Medium,True
140,2.05865940796189,0.524337887763977,0.479118747873426,0.0,0.854,0.146,Medium,True
140,2.29220823409322,0.524337887763977,0.553405920381081,0.0,0.854,0.146,Medium,True
140,2.42776454576386,0.524337887763977,0.580789384144266,0.0,0.854,0.146,Medium,True
140,2.98196665532494,0.540654182434082,0.604389248043552,0.0,0.7561,0.2439,Medium,True
140,3.18829533855052,0.546894907951355,0.623980945899965,0.0,0.7186,0.2814,Medium,True
140,3.39489622320517,0.546894907951355,0.641619598502891,0.0,0.7186,0.2814,Medium,True
140,3.97169105137801,0.6120148301124573,0.753116706362708,0.0,0.3279,0.6721,Medium,True
140,4.21939435182034,0.6060110330581665,0.725845525689009,0.0,0.3639,0.6361,Medium,True
140,6.79224225927186,0.692625880241394,0.765661789724395,0.0,0.0,1.0,High,False
140,7.20898264715889,0.7051847577095032,0.775549506634909,0.0,0.0,1.0,High,False
140,7.52119768628785,0.7031026482582092,0.785406600884654,0.0,0.0,1.0,High,False
140,7.97223545423613,0.7030516266822815,0.799210615855733,0.0,0.0,1.0,High,False
140,8.38788703640694,0.7063988447189331,0.816910513780197,0.0,0.0,1.0,High,False
140,9.22327322218441,0.7594910264015198,0.823014630826811,0.0,0.0,1.0,High,False
140,9.60462742429397,0.7594910264015198,0.83679823069071,0.0,0.0,1.0,High,False
140,10.3700578428036,0.7657207250595093,0.844834977883633,0.0,0.0,1.0,High,False
140,10.7862538278325,0.7657207250595093,0.858628785301122,0.0,0.0,1.0,High,False
140,11.5184756719972,0.9030867218971252,0.85493705341953,0.0,0.0,1.0,High,False
140,14.1283429738006,0.9117643237113953,0.879139162980605,0.0,0.0,1.0,High,False
140,14.5458999659748,0.9077476263046265,0.883167744130656,0.0,0.0,1.0,High,False
140,15.1725076556651,0.9480950832366943,0.887257570602245,0.0,0.0,1.0,High,False
140,15.5557672677781,0.9487087726593018,0.887369853691731,0.0,0.0,1.0,High,False
140,16.4959510037427,0.97638338804245,0.891551548145627,0.0,0.0,1.0,High,False
140,18.2018373596461,1.0228815078735352,0.901816944538958,0.0,0.0,1.0,High,False
140,19.1768628785301,1.0370900630950928,0.906008846546444,0.0,0.0,1.0,High,False
141,0.0,0.056537654250860214,0.0,1.0,0.0,0.0,Low,False
141,0.436611092208234,0.2058183252811432,0.36731541340592,1.0,0.0,0.0,Low,False
141,1.08581150051037,0.33643004298210144,0.45930248383804,0.9814,0.0186,0.0,Medium,True
141,1.33650901667233,0.36071139574050903,0.660547805375977,0.8357,0.1643,0.0,Medium,True
141,2.02245661789724,0.47178196907043457,0.738873766587274,0.1693,0.8307,0.0,Medium,True
141,2.18468866961551,0.47178196907043457,0.824858795508676,0.1693,0.8307,0.0,Medium,True
141,2.28676420551207,0.47178196907043457,0.842466825450833,0.1693,0.8307,0.0,Medium,True
141,3.19265056141544,0.5127354264259338,0.842732221844164,0.0,0.9236,0.0764,Medium,True
141,3.36195985028921,0.5127354264259338,0.877938074174889,0.0,0.9236,0.0764,Medium,True
141,3.98965634569581,0.5828408002853394,0.874215719632527,0.0,0.503,0.497,Medium,True
141,4.23137121469887,0.5768370032310486,0.889911534535556,0.0,0.539,0.461,Medium,True
141,7.04675059544062,0.6852568984031677,0.939564477713507,0.0,0.0,1.0,High,False
141,7.53453555631167,0.6849295496940613,0.939707383463762,0.0,0.0,1.0,High,False
141,8.30132698196665,0.693354606628418,0.937978904389247,0.0,0.0,1.0,High,False
141,8.92820687308608,0.693354606628418,0.940115685607349,0.0,0.0,1.0,High,False
141,9.34494726097311,0.7464467883110046,0.950003402517863,0.0,0.0,1.0,High,False
141,9.79816264035386,0.7564879059791565,0.94818305546104,0.0,0.0,1.0,High,False
141,10.2511058183055,0.7523102164268494,0.948315753657706,0.0,0.0,1.0,High,False
141,10.9128274923443,0.7574287056922913,0.950462742429397,0.0,0.0,1.0,High,False
141,11.3303844845185,0.8827977180480957,0.954491323579448,0.0,0.0,1.0,High,False
141,13.8735624362027,0.8922160863876343,0.957189520244981,0.0,0.0,1.0,High,False
141,14.3267778155835,0.8874586224555969,0.955369173188159,0.0,0.0,1.0,High,False
141,15.3371895202449,0.931622326374054,0.955665192242259,0.0,0.0,1.0,High,False
141,16.2776454576386,0.9642766714096069,0.957893841442667,0.0,0.0,1.0,High,False
141,16.6957468526709,0.9642766714096069,0.958016332085743,0.0,0.0,1.0,High,False
141,18.2287853011228,1.0107756853103638,0.958465464443688,0.0,0.0,1.0,High,False
142,0.0,0.050859156996011734,0.0,1.0,0.0,0.0,Low,False
142,0.262402177611432,0.18015427887439728,0.117264375637971,1.0,0.0,0.0,Low,False
142,0.316842463422933,0.18015427887439728,0.226655324940455,1.0,0.0,0.0,Low,False
142,0.415923783599863,0.20194345712661743,0.265746852670976,1.0,0.0,0.0,Low,False
142,0.439060905069752,0.20194345712661743,0.349738006124532,1.0,0.0,0.0,Low,False
142,0.443960530792787,0.20194345712661743,0.314583191561755,1.0,0.0,0.0,Low,False
142,1.08771691051377,0.3384895324707031,0.445631167063626,0.9691,0.0309,0.0,Medium,True
142,1.26791425654984,0.3384895324707031,0.652715209254848,0.9691,0.0309,0.0,Medium,True
142,1.98462061925825,0.44036710262298584,0.760347056822048,0.3578,0.6422,0.0,Medium,True
142,2.14331405239877,0.4730038344860077,0.871721674038788,0.162,0.838,0.0,Medium,True
142,2.24348417829193,0.4730038344860077,0.903001020755358,0.162,0.838,0.0,Medium,True
142,3.00809799251446,0.516615629196167,0.916896903708744,0.0,0.9003,0.0997,Medium,True
142,3.35542701599183,0.5139572620391846,0.924811160258591,0.0,0.9163,0.0837,Medium,True
142,3.98149030282408,0.5840625762939453,0.932807077237155,0.0,0.4956,0.5044,Medium,True
142,4.4009527050017,0.5780587792396545,0.923164341612793,0.0,0.5316,0.4684,Medium,True
142,6.90411704661449,0.6707750558853149,0.962960190541,0.0,0.0,1.0,High,False
142,7.3581490302824,0.6864160895347595,0.955280707723715,0.0,0.0,1.0,High,False
142,7.84620619258251,0.6843339800834656,0.953470568220482,0.0,0.0,1.0,High,False
142,8.29887716910514,0.6927590370178223,0.955556311670636,0.0,0.0,1.0,High,False
142,9.0305546104117,0.7497079372406006,0.955770670296018,0.0,0.0,1.0,High,False
142,9.34358625382783,0.7497079372406006,0.9597686287853,0.0,0.0,1.0,High,False
142,9.9010547805376,0.7540386915206909,0.959931949642735,0.0,0.0,1.0,High,False
142,10.2492004083021,0.747433066368103,0.961987070432119,0.0,0.0,1.0,High,False
142,11.0151752296699,0.8822445273399353,0.966117727118067,0.0,0.0,1.0,High,False
142,11.2939094930248,0.8779205679893494,0.966199387546784,0.0,0.0,1.0,High,False
142,13.9067710105478,0.8873389363288879,0.968917999319496,0.0,0.0,1.0,High,False
142,14.1855052739026,0.8865981698036194,0.968999659748213,0.0,0.0,1.0,High,False
142,15.3352841102415,0.9267451763153076,0.969336509016672,0.0,0.0,1.0,High,False
142,16.2760122490643,0.9593995213508606,0.969612112963592,0.0,0.0,1.0,High,False
142,16.6941136440966,0.9593995213508606,0.969734603606668,0.0,0.0,1.0,High,False
142,18.2619938754678,1.0058985948562622,0.970193943518203,0.0,0.0,1.0,High,False
143,0.0,-0.03545135632157326,0.0,1.0,0.0,0.0,Low,False
143,1.9667150638255,0.30839505791664124,0.0388548057259714,1.0,0.0,0.0,Low,False
143,3.03089305346907,0.34685397148132324,0.0736196319018402,0.9189,0.0811,0.0,Medium,True
143,4.09423178602301,0.3667518198490143,0.118609406952965,0.7995,0.2005,0.0,Medium,True
143,6.05910048425134,0.3761567175388336,0.179959100204498,0.7431,0.2569,0.0,Medium,True
143,8.02715835942024,0.37975025177001953,0.202453987730061,0.7215,0.2785,0.0,Medium,True
143,9.83088969644071,0.4301684498786926,0.226993865030674,0.419,0.581,0.0,Medium,True
143,12.2049801515698,0.4603171944618225,0.302658486707566,0.2381,0.7619,0.0,Medium,True
143,15.9695517527884,0.528865396976471,0.43762781186094,0.0,0.8268,0.1732,Medium,True
143,20.0647906473189,0.5888229608535767,0.543967280163599,0.0,0.4671,0.5329,Medium,True
143,23.9988921806416,0.7292576432228088,0.613496932515337,0.0,0.0,1.0,High,False
143,27.9345043767257,0.7565829753875732,0.664621676891615,0.0,0.0,1.0,High,False
143,31.9525316190108,0.8012109398841858,0.711656441717791,0.0,0.0,1.0,High,False
143,35.8896544778562,0.8386096954345703,0.744376278118609,0.0,0.0,1.0,High,False
143,39.9916074291037,0.8550905585289001,0.768916155419222,0.0,0.0,1.0,High,False
143,43.8488330130168,0.8481295704841614,0.775051124744376,0.0,0.0,1.0,High,False
143,47.6229721450572,0.8696058988571167,0.793456032719836,0.0,0.0,1.0,High,False
143,52.054753132527,0.8754730820655823,0.799591002044989,0.0,0.0,1.0,High,False
143,55.6657406863444,0.8754730820655823,0.805725971370143,0.0,0.0,1.0,High,False
143,60.0151066276132,0.8867753148078918,0.815950920245398,0.0,0.0,1.0,High,False
144,0.0,0.03301392123103142,0.0,1.0,0.0,0.0,Low,False
144,0.0819165940133679,0.1422494798898697,0.0337837837837839,1.0,0.0,0.0,Low,False
144,0.249200813716942,0.1753672957420349,0.182432432432432,1.0,0.0,0.0,Low,False
144,0.476696454519035,0.2076004147529602,0.324324324324324,1.0,0.0,0.0,Low,False
144,1.00579410055216,0.2580784559249878,0.445945945945946,1.0,0.0,0.0,Low,False
144,2.0392872711421,0.33130326867103577,0.576576576576576,1.0,0.0,0.0,Low,False
144,3.01129758791049,0.347383052110672,0.682432432432432,0.9157,0.0843,0.0,Medium,True
144,4.02226823597791,0.4247061014175415,0.754504504504504,0.4518,0.5482,0.0,Medium,True
144,5.07219921534437,0.46357104182243347,0.792792792792792,0.2186,0.7814,0.0,Medium,True
144,6.06146469049694,0.49233493208885193,0.826576576576576,0.046,0.954,0.0,Medium,True
144,7.03029642545771,0.506417989730835,0.853603603603603,0.0,0.9615,0.0385,Medium,True
144,7.99858326068003,0.5395503640174866,0.867117117117117,0.0,0.7627,0.2373,Medium,True
144,9.02699070037779,0.5754093527793884,0.871621621621621,0.0,0.5475,0.4525,Medium,True
144,9.99491426910781,0.5880618095397949,0.876126126126126,0.0,0.4716,0.5284,Medium,True
145,0.0,-0.025151899084448814,0.0,1.0,0.0,0.0,Low,False
145,2.97477229030316,0.5965080857276917,0.0821114369501465,0.0,0.421,0.579,Medium,True
145,6.051776038531,0.6583033204078674,0.269794721407624,0.0,0.0502,0.9498,Medium,True
145,9.08269406304014,0.7912291288375854,0.46041055718475,0.0,0.0,1.0,High,False
145,11.9715484259385,0.8881903290748596,0.618768328445747,0.0,0.0,1.0,High,False
145,15.1358295624478,0.9181705117225647,0.747800586510263,0.0,0.0,1.0,High,False
145,18.1130488823289,0.9849804043769836,0.859237536656891,0.0,0.0,1.0,High,False
145,21.1344506807014,0.9755764007568359,0.947214076246334,0.0,0.0,1.0,High,False
146,0.0,-0.03867557272315025,0.0,1.0,0.0,0.0,Low,False
146,0.961098398169335,0.22849611937999725,0.0277045687682473,1.0,0.0,0.0,Low,False
146,3.07551487414187,0.29580920934677124,0.300378757989426,1.0,0.0,0.0,Low,False
146,6.98398169336384,0.4736136198043823,0.838791130750414,0.1583,0.8417,0.0,Medium,True
146,13.9679633867276,0.6489681005477905,0.967237433914621,0.0,0.1062,0.8938,Medium,True
147,0.0,-0.03867557272315025,0.0,1.0,0.0,0.0,Low,False
147,1.04064413893528,0.22243018448352814,0.0120005139406398,1.0,0.0,0.0,Low,False
147,2.98119833825859,0.2910178601741791,0.0974431453167159,1.0,0.0,0.0,Low,False
147,6.98933573172298,0.47092121839523315,0.641654888860336,0.1745,0.8255,0.0,Medium,True
147,9.97421731123388,0.5545936226844788,0.902145702171399,0.0,0.6724,0.3276,Medium,True
148,0.0,-0.00457234401255846,0.0,1.0,0.0,0.0,Low,False
148,0.289898505450633,0.11235235631465912,0.0635514018691587,1.0,0.0,0.0,Low,False
148,0.714189793511089,0.17984867095947266,0.183177570093457,1.0,0.0,0.0,Low,False
148,1.76033805591921,0.2751914858818054,0.325233644859812,1.0,0.0,0.0,Low,False
148,2.80586412951897,0.3935755789279938,0.439252336448597,0.6385,0.3615,0.0,Medium,True
148,3.78406937405213,0.48028671741485596,0.519626168224299,0.1183,0.8817,0.0,Medium,True
148,4.69545154056541,0.5245167016983032,0.588785046728971,0.0,0.8529,0.1471,Medium,True
148,5.73927696475559,0.58009272813797,0.626168224299065,0.0,0.5194,0.4806,Medium,True
148,6.80583302007855,0.6020497679710388,0.687850467289719,0.0,0.3877,0.6123,Medium,True
148,7.76110023720948,0.6379302144050598,0.734579439252336,0.0,0.1724,0.8276,Medium,True
148,8.76075025600477,0.6782958507537842,0.781308411214953,0.0,0.0,1.0,High,False
148,9.76048323330784,0.6929455399513245,0.831775700934579,0.0,0.0,1.0,High,False
148,10.7821587359197,0.6887204647064209,0.871028037383177,0.0,0.0,1.0,High,False
148,11.7593269991056,0.6939195990562439,0.904672897196261,0.0,0.0,1.0,High,False
148,12.7809195432097,0.6939195990562439,0.94018691588785,0.0,0.0,1.0,High,False
148,14.734633880773,0.6749660968780518,0.979439252336448,0.0,0.0,1.0,High,False
148,16.7765331121106,0.6903737783432007,0.992523364485981,0.0,0.0,1.0,High,False
149,0.0,0.04793340712785721,0.0,1.0,0.0,0.0,Low,False
149,0.0443786982248521,0.04793340712785721,0.0954446854663775,1.0,0.0,0.0,Low,False
149,0.122041420118343,0.17688965797424316,0.123644251626898,1.0,0.0,0.0,Low,False
149,0.199704142011834,0.18528065085411072,0.199566160520607,1.0,0.0,0.0,Low,False
149,0.266272189349112,0.18709629774093628,0.232104121475054,1.0,0.0,0.0,Low,False
149,0.532544378698224,0.22790734469890594,0.260303687635574,1.0,0.0,0.0,Low,False
149,1.02071005917159,0.29886898398399353,0.338394793926247,1.0,0.0,0.0,Low,False
149,2.00813609467455,0.40815356373786926,0.451193058568329,0.5511,0.4489,0.0,Medium,True
149,2.99556213017751,0.43512260913848877,0.54229934924078,0.3893,0.6107,0.0,Medium,True
149,4.02736686390532,0.529403805732727,0.629067245119305,0.0,0.8236,0.1764,Medium,True
149,4.99260355029585,0.566482424736023,0.655097613882863,0.0,0.6011,0.3989,Medium,True
149,6.00221893491124,0.6421720385551453,0.663774403470715,0.0,0.147,0.853,Medium,True
149,7.04511834319526,0.6625638604164124,0.683297180043383,0.0,0.0246,0.9754,Medium,True
149,7.5,0.6872491240501404,0.694143167028199,0.0,0.0,1.0,High,False
150,0.0,0.030670667067170143,0.0,1.0,0.0,0.0,Low,False
150,1.03641055045871,0.3265509009361267,0.0536931818181818,1.0,0.0,0.0,Low,False
150,1.93364261884904,0.334026962518692,0.0894886363636364,0.9958,0.0042,0.0,Medium,True
150,3.03631932860717,0.40304210782051086,0.1125,0.5817,0.4183,0.0,Medium,True
150,4.00235873644703,0.42261821031570435,0.148295454545454,0.4643,0.5357,0.0,Medium,True
150,4.96800719349458,0.42261821031570435,0.178977272727272,0.4643,0.5357,0.0,Medium,True
150,5.9326782735613,0.4382765293121338,0.196875,0.3703,0.6297,0.0,Medium,True
150,7.03652783569641,0.44908222556114197,0.235227272727272,0.3055,0.6945,0.0,Medium,True
150,8.07157005838198,0.4557929039001465,0.273579545454545,0.2652,0.7348,0.0,Medium,True
150,8.90019026271893,0.4578801393508911,0.311931818181818,0.2527,0.7473,0.0,Medium,True
150,10.0046262510425,0.4684850871562958,0.357954545454545,0.1891,0.8109,0.0,Medium,True
150,10.8334419307756,0.4705159366130829,0.398863636363636,0.1769,0.8231,0.0,Medium,True
150,11.9378779190992,0.5334773659706116,0.444886363636363,0.0,0.7991,0.2009,Medium,True
150,13.0423139074228,0.5339043140411377,0.490909090909091,0.0,0.7966,0.2034,Medium,True
150,14.0083533152627,0.5253265500068665,0.526704545454545,0.0,0.848,0.152,Medium,True
150,15.1131802543786,0.5696613192558289,0.577840909090909,0.0,0.582,0.418,Medium,True
150,16.0096304211843,0.6092420220375061,0.603409090909091,0.0,0.3445,0.6555,Medium,True
150,17.0433043160967,0.6141312122344971,0.623863636363636,0.0,0.3152,0.6848,Medium,True
150,18.0769782110091,0.6783595681190491,0.644318181818182,0.0,0.0,1.0,High,False
150,19.0416492910759,0.67814040184021,0.662215909090909,0.0,0.0,1.0,High,False
150,20.0751277105921,0.6777588129043579,0.680113636363636,0.0,0.0,1.0,High,False
150,21.0392123644703,0.6904706358909607,0.690340909090909,0.0,0.0,1.0,High,False
150,22.0032970183486,0.7035256028175354,0.700568181818182,0.0,0.0,1.0,High,False
150,22.9671861968306,0.7171640992164612,0.708238636363636,0.0,0.0,1.0,High,False
150,24.0686900542118,0.7171640992164612,0.715909090909091,0.0,0.0,1.0,High,False
150,25.1698029608006,0.735505223274231,0.718465909090909,0.0,0.0,1.0,High,False
150,25.9956865095913,0.735505223274231,0.721022727272727,0.0,0.0,1.0,High,False
150,26.8901819224353,0.7364013195037842,0.721022727272727,0.0,0.0,1.0,High,False
150,28.1289095079232,0.7403438091278076,0.723579545454545,0.0,0.0,1.0,High,False
150,29.0920167848206,0.7370214462280273,0.721022727272727,0.0,0.0,1.0,High,False
150,29.8488975187656,0.7412962913513184,0.721022727272727,0.0,0.0,1.0,High,False
151,0.0,-0.0008662832551635802,0.0,1.0,0.0,0.0,Low,False
151,1.03856077981651,0.2675105333328247,0.0818181818181819,1.0,0.0,0.0,Low,False
151,1.86776741034195,0.2701849639415741,0.127840909090909,1.0,0.0,0.0,Low,False
151,3.0404243119266,0.3273169994354248,0.166193181818182,1.0,0.0,0.0,Low,False
151,4.00587729357798,0.3166833221912384,0.194318181818181,1.0,0.0,0.0,Low,False
151,4.90350031276063,0.3166833221912384,0.235227272727272,1.0,0.0,0.0,Low,False
151,5.86836686822352,0.309454083442688,0.255681818181818,1.0,0.0,0.0,Low,False
151,6.90380004170141,0.29799970984458923,0.299147727272727,1.0,0.0,0.0,Low,False
151,8.00706317764804,0.29115626215934753,0.329829545454545,1.0,0.0,0.0,Low,False
151,8.97349353628023,0.2928749620914459,0.370738636363636,1.0,0.0,0.0,Low,False
151,10.0083402835696,0.31528496742248535,0.406534090909091,1.0,0.0,0.0,Low,False
151,11.0435779816513,0.3807784914970398,0.447443181818182,0.7153,0.2847,0.0,Medium,True
151,11.9410055254378,0.38179856538772583,0.485795454545454,0.7092,0.2908,0.0,Medium,True
151,13.182469766472,0.38111552596092224,0.524147727272727,0.7133,0.2867,0.0,Medium,True
151,14.2869057547956,0.37099894881248474,0.570170454545454,0.774,0.226,0.0,Medium,True
151,15.0459367180984,0.39278462529182434,0.598295454545454,0.6433,0.3567,0.0,Medium,True
151,15.942386884904,0.4235506057739258,0.623863636363636,0.4587,0.5413,0.0,Medium,True
151,17.114261884904,0.4562418460845947,0.651988636363636,0.2625,0.7375,0.0,Medium,True
151,18.0101256255212,0.5383795499801636,0.669886363636363,0.0,0.7697,0.2303,Medium,True
151,19.0443859466221,0.5387264490127563,0.698011363636363,0.0,0.7676,0.2324,Medium,True
151,19.8718332985821,0.5441970825195312,0.721022727272727,0.0,0.7348,0.2652,Medium,True
151,20.9741190575479,0.5642374753952026,0.738920454545454,0.0,0.6146,0.3854,Medium,True
151,22.0075974770642,0.5765364170074463,0.756818181818182,0.0,0.5408,0.4592,Medium,True
151,23.0410758965804,0.6170949935913086,0.774715909090909,0.0,0.2974,0.7026,Medium,True
151,24.0047695996663,0.6170949935913086,0.779829545454545,0.0,0.2974,0.7026,Medium,True
151,25.1066644078398,0.6314520239830017,0.792613636363636,0.0,0.2113,0.7887,Medium,True
151,26.0015507714762,0.6407015919685364,0.797727272727273,0.0,0.1558,0.8442,Medium,True
151,26.8960461843202,0.6415976881980896,0.797727272727273,0.0,0.1504,0.8496,Medium,True
151,27.9973545663052,0.6360579133033752,0.802840909090909,0.0,0.1837,0.8163,Medium,True
151,29.0296601334445,0.6329818964004517,0.805397727272727,0.0,0.2021,0.7979,Medium,True
151,29.9929628857381,0.6289997696876526,0.805397727272727,0.0,0.226,0.774,Medium,True
152,0.0,-0.008418286219239235,0.0,1.0,0.0,0.0,Low,False
152,1.04032005838198,0.32968151569366455,0.104829545454545,1.0,0.0,0.0,Low,False
152,1.93872497914929,0.34321117401123047,0.155965909090909,0.9407,0.0593,0.0,Medium,True
152,3.04218359049207,0.41038578748703003,0.189204545454545,0.5377,0.4623,0.0,Medium,True
152,3.9394156588824,0.3879929482936859,0.225,0.672,0.328,0.0,Medium,True
152,4.97387145537948,0.38439783453941345,0.255681818181818,0.6936,0.3064,0.0,Medium,True
152,5.93971538782318,0.36031025648117065,0.288920454545454,0.8381,0.1619,0.0,Medium,True
152,6.90555932026688,0.35106274485588074,0.322159090909091,0.8936,0.1064,0.0,Medium,True
152,8.21583090075062,0.33588293194770813,0.360511363636363,0.9847,0.0153,0.0,Medium,True
152,8.90664095079232,0.33588293194770813,0.396306818181818,0.9847,0.0153,0.0,Medium,True
152,10.0108814637197,0.3391115665435791,0.439772727272727,0.9653,0.0347,0.0,Medium,True
152,10.838719766472,0.33119168877601624,0.467897727272727,1.0,0.0,0.0,Low,False
152,11.9427648040033,0.37564417719841003,0.508806818181818,0.7461,0.2539,0.0,Medium,True
152,12.9080223102585,0.3729199767112732,0.534375,0.7625,0.2375,0.0,Medium,True
152,14.0120673477898,0.3563372790813446,0.575284090909091,0.862,0.138,0.0,Medium,True
152,14.9083220391993,0.36428332328796387,0.598295454545454,0.8143,0.1857,0.0,Medium,True
152,15.7361603419516,0.39084696769714355,0.626420454545454,0.6549,0.3451,0.0,Medium,True
152,17.1138709341117,0.4227522909641266,0.646875,0.4635,0.5365,0.0,Medium,True
152,18.2173295454545,0.4857749044895172,0.680113636363636,0.0854,0.9146,0.0,Medium,True
152,18.8377684528774,0.4857749044895172,0.695454545454545,0.0854,0.9146,0.0,Medium,True
152,19.8020485821517,0.48954054713249207,0.708238636363636,0.0628,0.9372,0.0,Medium,True
152,20.9045298165137,0.503125786781311,0.728693181818182,0.0,0.9812,0.0188,Medium,True
152,22.213042118432,0.5539774894714355,0.744034090909091,0.0,0.6761,0.3239,Medium,True
152,22.9015064637197,0.5539774894714355,0.749147727272727,0.0,0.6761,0.3239,Medium,True
152,24.2098232902418,0.5597274303436279,0.761931818181818,0.0,0.6416,0.3584,Medium,True
152,24.8978966847372,0.5490449666976929,0.761931818181818,0.0,0.7057,0.2943,Medium,True
152,25.9995960175145,0.5651393532752991,0.772159090909091,0.0,0.6092,0.3908,Medium,True
152,27.03209706005,0.5631610751152039,0.777272727272727,0.0,0.621,0.379,Medium,True
152,27.926592472894,0.5640167593955994,0.777272727272727,0.0,0.6159,0.3841,Medium,True
152,28.9588980400333,0.5796759128570557,0.779829545454545,0.0,0.5219,0.4781,Medium,True
152,29.8537844036697,0.5697665810585022,0.784943181818182,0.0,0.5814,0.4186,Medium,True
153,0.0,-0.09280207008123398,0.0,1.0,0.0,0.0,Low,False
153,1.01138484999868,0.1334618479013443,0.394352273026056,1.0,0.0,0.0,Low,False
153,1.15667972550153,0.1443019062280655,0.456619251702469,1.0,0.0,0.0,Low,False
153,3.08858096915836,0.30045217275619507,0.580963899771251,1.0,0.0,0.0,Low,False
153,8.07325217574211,0.571506142616272,0.691115610128046,0.0,0.571,0.429,Medium,True
153,15.1860752504404,0.641517698764801,0.693755422922199,0.0,0.1509,0.8491,Medium,True
153,28.2723950253727,0.7059952020645142,0.702626666316093,0.0,0.0,1.0,High,False
154,0.0,-0.07612766325473785,0.0,1.0,0.0,0.0,Low,False
154,0.527986241400875,0.047670505940914154,0.22560975609756,1.0,0.0,0.0,Low,False
154,1.01751094434021,0.10340332984924316,0.453252032520325,1.0,0.0,0.0,Low,False
154,2.03877423389618,0.18925055861473083,0.506097560975609,1.0,0.0,0.0,Low,False
154,3.02095059412132,0.20688723027706146,0.542682926829268,1.0,0.0,0.0,Low,False
154,4.02462476547842,0.26341724395751953,0.638211382113821,1.0,0.0,0.0,Low,False
154,5.06636960600375,0.31032484769821167,0.723577235772357,1.0,0.0,0.0,Low,False
154,6.04776422764227,0.37141260504722595,0.739837398373983,0.7715,0.2285,0.0,Medium,True
154,7.0483114446529,0.3963173031806946,0.754065040650406,0.6221,0.3779,0.0,Medium,True
154,8.07027829893683,0.4437604248523712,0.82520325203252,0.3374,0.6626,0.0,Medium,True
154,9.05300187617261,0.48881983757019043,0.876016260162601,0.0671,0.9329,0.0,Medium,True
154,10.093574108818,0.4873228073120117,0.930894308943089,0.0761,0.9239,0.0,Medium,True
154,11.114602876798,0.5750370621681213,0.977642276422764,0.0,0.5498,0.4502,Medium,True
155,0.0,-0.06615523993968964,0.0,1.0,0.0,0.0,Low,False
155,0.527126328955597,0.06411920487880707,0.203252032520325,1.0,0.0,0.0,Low,False
155,1.03603814884302,0.11090781539678574,0.434959349593495,1.0,0.0,0.0,Low,False
155,2.0181363352095,0.19453643262386322,0.469512195121951,1.0,0.0,0.0,Low,False
155,3.05863039399624,0.21252654492855072,0.522357723577235,1.0,0.0,0.0,Low,False
155,4.04213570981863,0.2709216773509979,0.593495934959349,1.0,0.0,0.0,Low,False
155,5.02454659161976,0.3178292512893677,0.636178861788617,1.0,0.0,0.0,Low,False
155,6.04690431519699,0.3774108290672302,0.717479674796747,0.7355,0.2645,0.0,Medium,True
155,7.02876797998749,0.40041983127593994,0.745934959349593,0.5975,0.4025,0.0,Medium,True
155,8.06902751719824,0.450198233127594,0.792682926829268,0.2988,0.7012,0.0,Medium,True
155,9.08911819887429,0.4989166557788849,0.815040650406504,0.0065,0.9935,0.0,Medium,True
155,10.0329893683552,0.49376052618026733,0.855691056910569,0.0374,0.9626,0.0,Medium,True
155,11.0560506566604,0.5814747214317322,0.955284552845528,0.0,0.5112,0.4888,Medium,True
156,0.0,-0.06426528096199036,0.0,1.0,0.0,0.0,Low,False
156,0.27353033145716,0.037235844880342484,0.109756097560975,1.0,0.0,0.0,Low,False
156,0.645403377110694,0.06383004039525986,0.278455284552845,1.0,0.0,0.0,Low,False
156,1.01626016260162,0.10592485219240189,0.420731707317073,1.0,0.0,0.0,Low,False
156,2.01751094434021,0.18955343961715698,0.453252032520325,1.0,0.0,0.0,Low,False
156,3.03869606003752,0.2094087153673172,0.504065040650406,1.0,0.0,0.0,Low,False
156,4.00140712945591,0.26654985547065735,0.534552845528455,1.0,0.0,0.0,Low,False
156,5.02360850531582,0.3134574592113495,0.611788617886178,1.0,0.0,0.0,Low,False
156,6.06378986866791,0.36940354108810425,0.65650406504065,0.7836,0.2164,0.0,Medium,True
156,7.04721701063164,0.39241254329681396,0.725609756097561,0.6455,0.3545,0.0,Medium,True
156,8.08716385240775,0.44395139813423157,0.764227642276422,0.3363,0.6637,0.0,Medium,True
156,9.06879299562226,0.48901090025901794,0.786585365853658,0.0659,0.9341,0.0,Medium,True
156,10.0901344590368,0.48751387000083923,0.841463414634146,0.0749,0.9251,0.0,Medium,True
156,11.1131175734834,0.5749589204788208,0.939024390243902,0.0,0.5502,0.4498,Medium,True
157,0.0,-0.04224899038672447,0.0,1.0,0.0,0.0,Low,False
157,0.11749530956848,0.056854914873838425,0.0528455284552844,1.0,0.0,0.0,Low,False
157,0.370544090056285,0.0702366754412651,0.132113821138211,1.0,0.0,0.0,Low,False
157,0.511022514071294,0.09782450646162033,0.284552845528455,1.0,0.0,0.0,Low,False
157,1.03392745465916,0.14485417306423187,0.380081300813008,1.0,0.0,0.0,Low,False
157,2.01672920575359,0.2332708090543747,0.432926829268292,1.0,0.0,0.0,Low,False
157,3.07621951219512,0.24582166969776154,0.479674796747967,1.0,0.0,0.0,Low,False
157,4.07778298936835,0.3104839622974396,0.520325203252032,1.0,0.0,0.0,Low,False
157,5.08137898686679,0.3573915660381317,0.613821138211382,0.8557,0.1443,0.0,Medium,True
157,6.0827861163227,0.42620792984962463,0.65040650406504,0.4428,0.5572,0.0,Medium,True
157,7.06621325828643,0.4559934735298157,0.719512195121951,0.264,0.736,0.0,Medium,True
157,8.10592557848655,0.5011765360832214,0.752032520325203,0.0,0.9929,0.0071,Medium,True
157,9.06848030018761,0.5462361574172974,0.778455284552845,0.0,0.7226,0.2774,Medium,True
157,10.0891963727329,0.546156108379364,0.817073170731707,0.0,0.7231,0.2769,Medium,True
157,11.0741869918699,0.6392698287963867,0.926829268292682,0.0,0.1644,0.8356,Medium,True
158,0.0,-0.045396819710731506,0.0,1.0,0.0,0.0,Low,False
158,0.0215107361963191,-0.045396819710731506,0.0470347648261757,1.0,0.0,0.0,Low,False
158,0.277108895705521,0.05514802783727646,0.257668711656441,1.0,0.0,0.0,Low,False
158,1.00260736196319,0.13461579382419586,0.488752556237218,1.0,0.0,0.0,Low,False
158,1.94263803680981,0.16599920392036438,0.533742331288343,1.0,0.0,0.0,Low,False
158,3.01391871165644,0.23672670125961304,0.578732106339468,1.0,0.0,0.0,Low,False
158,4.01134969325153,0.29139095544815063,0.644171779141104,1.0,0.0,0.0,Low,False
158,5.04513036809815,0.3382985591888428,0.689161554192229,0.9702,0.0298,0.0,Medium,True
158,6.05901073619631,0.39424464106559753,0.713701431492842,0.6345,0.3655,0.0,Medium,True
158,7.01974693251533,0.41725364327430725,0.793456032719836,0.4965,0.5035,0.0,Medium,True
158,8.01395705521472,0.46243634819984436,0.80163599182004,0.2254,0.7746,0.0,Medium,True
158,9.06556748466257,0.5074960589408875,0.830265848670756,0.0,0.955,0.045,Medium,True
158,10.0426380368098,0.5059990286827087,0.867075664621676,0.0,0.964,0.036,Medium,True
158,11.0772239263803,0.6046531200408936,0.926380368098159,0.0,0.3721,0.6279,Medium,True
159,0.0,-0.030850645154714584,0.0,1.0,0.0,0.0,Low,False
159,0.0606211656441719,0.04459688812494278,0.0756646216768915,1.0,0.0,0.0,Low,False
159,0.139992331288344,0.058659493923187256,0.153374233128834,1.0,0.0,0.0,Low,False
159,0.393980061349693,0.06838344782590866,0.335378323108384,1.0,0.0,0.0,Low,False
159,0.641180981595091,0.09368407726287842,0.396728016359918,1.0,0.0,0.0,Low,False
159,0.947967791411043,0.10977382957935333,0.517382413087934,1.0,0.0,0.0,Low,False
159,1.26901840490797,0.15121303498744965,0.558282208588957,1.0,0.0,0.0,Low,False
159,2.00061349693251,0.20964710414409637,0.56441717791411,1.0,0.0,0.0,Low,False
159,3.01644938650306,0.2426801174879074,0.623721881390593,1.0,0.0,0.0,Low,False
159,3.99593558282208,0.29673314094543457,0.703476482617586,1.0,0.0,0.0,Low,False
159,5.04789110429447,0.34425199031829834,0.738241308793456,0.9345,0.0655,0.0,Medium,True
159,6.08121165644171,0.4001980721950531,0.775051124744376,0.5988,0.4012,0.0,Medium,True
159,7.03999233128834,0.4232071340084076,0.820040899795501,0.4608,0.5392,0.0,Medium,True
159,8.07285276073619,0.4683897793292999,0.848670756646216,0.1897,0.8103,0.0,Medium,True
159,9.06740797546012,0.5134497284889221,0.862985685071574,0.0,0.9193,0.0807,Medium,True
159,10.0816334355828,0.5133696794509888,0.893660531697341,0.0,0.9198,0.0802,Medium,True
159,11.07745398773,0.6074512600898743,0.930470347648261,0.0,0.3553,0.6447,Medium,True
160,0.0,-0.007480640895664692,0.0,1.0,0.0,0.0,Low,False
160,0.0796012269938652,0.07530475407838821,0.0797546012269937,1.0,0.0,0.0,Low,False
160,0.127569018404908,0.0872362032532692,0.265848670756646,1.0,0.0,0.0,Low,False
160,0.471280674846626,0.11331871151924133,0.376278118609406,1.0,0.0,0.0,Low,False
160,0.969018404907975,0.16561521589756012,0.558282208588957,1.0,0.0,0.0,Low,False
160,1.9823236196319,0.22327058017253876,0.572597137014314,1.0,0.0,0.0,Low,False
160,3.01587423312883,0.284248948097229,0.613496932515337,1.0,0.0,0.0,Low,False
160,4.05241564417177,0.3355380892753601,0.707566462167689,0.9868,0.0132,0.0,Medium,True
160,4.99267638036809,0.3614072799682617,0.756646216768916,0.8316,0.1684,0.0,Medium,True
160,6.06280674846625,0.4326342046260834,0.781186094069529,0.4042,0.5958,0.0,Medium,True
160,6.98431748466257,0.4580397307872772,0.830265848670756,0.2518,0.7482,0.0,Medium,True
160,8.0930981595092,0.5044563412666321,0.875255623721881,0.0,0.9733,0.0267,Medium,True
160,9.07005368098159,0.5471428036689758,0.91002044989775,0.0,0.7171,0.2829,Medium,True
160,10.0641487730061,0.5455756187438965,0.916155419222903,0.0,0.7265,0.2735,Medium,True
160,11.0968941717791,0.6312736868858337,0.942740286298568,0.0,0.2124,0.7876,Medium,True
161,0.0,-0.08770199120044708,0.0,1.0,0.0,0.0,Low,False
161,0.202575704838148,0.007196397520601749,0.178018891702773,1.0,0.0,0.0,Low,False
161,0.321867085948846,0.008443057537078857,0.248391684770215,1.0,0.0,0.0,Low,False
161,0.542266284191701,0.032942935824394226,0.411914735288116,1.0,0.0,0.0,Low,False
161,1.0082336137883,0.07270428538322449,0.515354009385839,1.0,0.0,0.0,Low,False
161,1.98020812079167,0.11727882921695709,0.571086933038875,1.0,0.0,0.0,Low,False
161,2.98502106412856,0.16417282819747925,0.682714812103172,1.0,0.0,0.0,Low,False
161,3.99134630387556,0.22883479297161102,0.750864169377198,1.0,0.0,0.0,Low,False
161,4.98028013490644,0.24522945284843445,0.819016527239339,1.0,0.0,0.0,Low,False
161,6.00385275514,0.3322996497154236,0.891303695524323,1.0,0.0,0.0,Low,False
161,6.99437089669575,0.3553086519241333,0.913907125796656,0.8681,0.1319,0.0,Medium,True
161,7.98445695356289,0.3871259093284607,0.94893299086621,0.6772,0.3228,0.0,Medium,True
161,8.94048033414549,0.4088667035102844,0.963260799116627,0.5468,0.4532,0.0,Medium,True
161,10.0880972670643,0.44405388832092285,0.969273977699629,0.3357,0.6643,0.0,Medium,True
161,10.9223087725194,0.4874565899372101,0.98569319586639,0.0753,0.9247,0.0,Medium,True
162,0.0,-0.060484498739242554,0.0,1.0,0.0,0.0,Low,False
162,0.167360802717332,0.028522953391075134,0.190447327676224,1.0,0.0,0.0,Low,False
162,0.354489479938067,0.07983741164207458,0.310497857580085,1.0,0.0,0.0,Low,False
162,0.541690171273569,0.10742537677288055,0.42847798168441,1.0,0.0,0.0,Low,False
162,0.989761993350696,0.15001708269119263,0.546413096967005,1.0,0.0,0.0,Low,False
162,2.01103016191173,0.23773835599422455,0.684953250837164,1.0,0.0,0.0,Low,False
162,3.00198038815607,0.23924969136714935,0.695134246312277,1.0,0.0,0.0,Low,False
162,3.95620341586951,0.2939048409461975,0.761222199551112,1.0,0.0,0.0,Low,False
162,4.97984805021784,0.3102995455265045,0.831438962036559,1.0,0.0,0.0,Low,False
162,5.98631731819436,0.3842049241065979,0.895447507711511,0.6948,0.3052,0.0,Medium,True
162,6.99401082612192,0.4043577313423157,0.92425915479434,0.5739,0.4261,0.0,Medium,True
162,7.96713755896155,0.43617498874664307,0.946865585654788,0.383,0.617,0.0,Medium,True
162,8.95758368640253,0.4579158127307892,0.971539421726658,0.2525,0.7475,0.0,Medium,True
162,9.98367680065293,0.4982590675354004,0.971362387027857,0.0104,0.9896,0.0,Medium,True
162,10.9397001812355,0.5426952838897705,0.985690195278274,0.0,0.7438,0.2562,Medium,True
163,0.0,-0.05224163085222244,0.0,1.0,0.0,0.0,Low,False
163,0.116338802405271,0.045228756964206696,0.157329836647983,1.0,0.0,0.0,Low,False
163,0.13084964653072,0.045228756964206696,0.240143068041336,1.0,0.0,0.0,Low,False
163,0.320426803653516,0.11040633916854858,0.289799800760949,1.0,0.0,0.0,Low,False
163,0.559657692907809,0.19075588881969452,0.411911734700001,1.0,0.0,0.0,Low,False
163,0.991346303875559,0.255105584859848,0.500864169377198,1.0,0.0,0.0,Low,False
163,1.94268876699833,0.28989914059638977,0.649768354597501,1.0,0.0,0.0,Low,False
163,2.96532520373993,0.33974525332450867,0.748970798276462,0.9615,0.0385,0.0,Medium,True
163,3.97093030233926,0.37017160654067993,0.837824213545855,0.779,0.221,0.0,Medium,True
163,4.99579917663862,0.4000694751739502,0.872844077439178,0.5996,0.4004,0.0,Medium,True
163,5.98487703589903,0.4604716897010803,0.936855623702245,0.2372,0.7628,0.0,Medium,True
163,6.92358102188029,0.4649207890033722,0.949116026741241,0.2105,0.7895,0.0,Medium,True
163,8.00105620701657,0.5258071422576904,0.971704454072998,0.0,0.8452,0.1548,Medium,True
163,8.99193441914615,0.5708667039871216,0.983955855347648,0.0,0.5748,0.4252,Medium,True
163,9.94831787030258,0.5745257139205933,0.987931634600381,0.0,0.5528,0.4472,Medium,True
163,10.9570195758368,0.6189619898796082,0.987757600489696,0.0,0.2862,0.7138,Medium,True
164,0.0,-0.058801740407943726,0.0,1.0,0.0,0.0,Low,False
164,0.0526393696483875,-0.058801740407943726,0.0881763527054108,1.0,0.0,0.0,Low,False
164,0.548563035161231,0.07341770827770233,0.182364729458917,1.0,0.0,0.0,Low,False
164,1.01200127527782,0.11760671436786652,0.370741482965931,1.0,0.0,0.0,Low,False
164,2.0030971032975,0.1936974823474884,0.51503006012024,1.0,0.0,0.0,Low,False
164,2.99251912916742,0.21184971928596497,0.561122244488978,1.0,0.0,0.0,Low,False
164,4.00007970486427,0.27464592456817627,0.671342685370741,1.0,0.0,0.0,Low,False
164,4.95575241391874,0.27464592456817627,0.737474949899799,1.0,0.0,0.0,Low,False
164,6.06589314993623,0.37749961018562317,0.865731462925851,0.735,0.265,0.0,Medium,True
164,7.05470030971032,0.404138445854187,0.875751503006011,0.5752,0.4248,0.0,Medium,True
164,7.99302013117143,0.44756069779396057,0.923847695390781,0.3146,0.6854,0.0,Medium,True
164,9.01602067771907,0.49438080191612244,0.939879759519038,0.0337,0.9663,0.0,Medium,True
164,10.022214884314,0.49288374185562134,0.969939879759518,0.0427,0.9573,0.0,Medium,True
164,11.0452154308617,0.5798138976097107,0.985971943887775,0.0,0.5211,0.4789,Medium,True
165,0.0,-0.01592269539833069,0.0,1.0,0.0,0.0,Low,False
165,0.224426124977227,0.08746220171451569,0.166332665330661,1.0,0.0,0.0,Low,False
165,0.499305429039897,0.15797343850135803,0.292585170340681,1.0,0.0,0.0,Low,False
165,0.996458826744397,0.2106177806854248,0.458917835671342,1.0,0.0,0.0,Low,False
165,2.02256786299872,0.29552048444747925,0.657314629258517,1.0,0.0,0.0,Low,False
165,2.99460284204773,0.29831668734550476,0.683366733466933,1.0,0.0,0.0,Low,False
165,4.01838905082892,0.3522982597351074,0.745490981963927,0.8862,0.1138,0.0,Medium,True
165,4.99243942430315,0.38158488273620605,0.889779559118236,0.7105,0.2895,0.0,Medium,True
165,6.03248542539624,0.44673869013786316,0.905811623246492,0.3196,0.6804,0.0,Medium,True
165,7.05545181271634,0.46576979756355286,0.919839679358717,0.2054,0.7946,0.0,Medium,True
165,8.06164601931134,0.5109525918960571,0.949899799599198,0.0,0.9343,0.0657,Medium,True
165,9.01673802149753,0.5560121536254883,0.981963927855711,0.0,0.6639,0.3361,Medium,True
165,10.022590635817,0.5545151233673096,0.991983967935871,0.0,0.6729,0.3271,Medium,True
165,11.011329477136,0.6568562388420105,0.997995991983967,0.0,0.0589,0.9411,Medium,True
166,0.0,-0.027528276666998863,0.0,1.0,0.0,0.0,Low,False
166,0.173153124430679,0.07768639922142029,0.158316633266533,1.0,0.0,0.0,Low,False
166,0.276211513936964,0.13059478998184204,0.20440881763527,1.0,0.0,0.0,Low,False
166,0.517614775004554,0.21546924114227295,0.366733466933867,1.0,0.0,0.0,Low,False
166,0.980199034432501,0.2754250764846802,0.50501002004008,1.0,0.0,0.0,Low,False
166,2.02185051922025,0.36948564648628235,0.615230460921843,0.7831,0.2169,0.0,Medium,True
166,2.99508107123337,0.37228184938430786,0.711422845691382,0.7663,0.2337,0.0,Medium,True
166,3.98590362543268,0.4027082026004791,0.839679358717434,0.5838,0.4162,0.0,Medium,True
166,4.95865594826015,0.40331944823265076,0.907815631262525,0.5801,0.4199,0.0,Medium,True
166,6.06705456367279,0.4977596402168274,0.933867735470941,0.0134,0.9866,0.0,Medium,True
166,7.00486199672071,0.5131610631942749,0.95190380761523,0.0,0.921,0.079,Medium,True
166,8.01098788486063,0.558343768119812,0.977955911823647,0.0,0.6499,0.3501,Medium,True
166,8.96560165786117,0.5667190551757812,0.981963927855711,0.0,0.5997,0.4003,Medium,True
166,10.03967024959,0.6019062995910645,0.993987975951903,0.0,0.3886,0.6114,Medium,True
166,10.9942157041355,0.7002132534980774,0.993987975951903,0.0,0.0,1.0,High,False
167,0.0,-0.0557333379983902,0.0,1.0,0.0,0.0,Low,False
167,0.138272368726316,0.0361301451921463,0.156224295385999,1.0,0.0,0.0,Low,False
167,0.521031207598372,0.07026773691177368,0.283385240542459,1.0,0.0,0.0,Low,False
167,0.981657890481646,0.10074089467525482,0.470799558495792,1.0,0.0,0.0,Low,False
167,1.96542487749664,0.15903149545192719,0.499634423267552,1.0,0.0,0.0,Low,False
167,2.9302099957115,0.2088550627231598,0.526240676035742,1.0,0.0,0.0,Low,False
167,4.02829001483397,0.2750817835330963,0.579607848651232,1.0,0.0,0.0,Low,False
167,4.9743463558327,0.2908652424812317,0.610681870909231,1.0,0.0,0.0,Low,False
167,6.01489022152543,0.3779354691505432,0.641738317362785,0.7324,0.2676,0.0,Medium,True
167,7.01873580753791,0.40094447135925293,0.701819447276101,0.5943,0.4057,0.0,Medium,True
167,7.9841114727821,0.4327617287635803,0.744050590195513,0.4034,0.5966,0.0,Medium,True
167,8.98736651176524,0.4949476718902588,0.788506829957607,0.0303,0.9697,0.0,Medium,True
167,9.93595376860398,0.4986068308353424,0.886544667149415,0.0084,0.9916,0.0,Medium,True
167,11.0905575748201,0.580895721912384,0.935437039953318,0.0,0.5146,0.4854,Medium,True
168,0.0,-0.011802657507359982,0.0,1.0,0.0,0.0,Low,False
168,0.34597619533046,0.19145835936069489,0.1517213742873,1.0,0.0,0.0,Low,False
168,0.481380192771423,0.21904624998569489,0.23428547324611,1.0,0.0,0.0,Low,False
168,0.998108843441763,0.3073142468929291,0.406064355565554,1.0,0.0,0.0,Low,False
168,2.05873130813197,0.39086484909057617,0.468367067160663,0.6548,0.3452,0.0,Medium,True
168,2.98799924072524,0.3953256607055664,0.555247783691059,0.628,0.372,0.0,Medium,True
168,3.9714287722949,0.4282290041446686,0.575154139804978,0.4306,0.5694,0.0,Medium,True
168,4.97426199197137,0.4446237087249756,0.608449743744771,0.3323,0.6677,0.0,Medium,True
168,6.01404658291209,0.523280680179596,0.619417045718182,0.0,0.8603,0.1397,Medium,True
168,7.02033872090325,0.5386819839477539,0.744229863400847,0.0,0.7679,0.2321,Medium,True
168,8.00393698019558,0.5876257419586182,0.768600473843687,0.0,0.4742,0.5258,Medium,True
168,9.04642121469899,0.6326853036880493,0.850995845079829,0.0,0.2039,0.7961,Medium,True
168,10.0877243551437,0.631188154220581,0.902141436013526,0.0,0.2129,0.7871,Medium,True
168,11.0157268298169,0.7300097346305847,0.955540245077017,0.0,0.0,1.0,High,False
169,0.0,-0.01262238435447216,0.0,1.0,0.0,0.0,Low,False
169,0.157169873665117,0.084225594997406,0.15622078022511,1.0,0.0,0.0,Low,False
169,0.311724467628883,0.09484585374593735,0.245477745516412,1.0,0.0,0.0,Low,False
169,0.486104569006123,0.12243366241455078,0.359284594455888,1.0,0.0,0.0,Low,False
169,0.983345167708325,0.15984320640563965,0.515442101784998,1.0,0.0,0.0,Low,False
169,1.98584093193945,0.21307072043418884,0.539809197066949,1.0,0.0,0.0,Low,False
169,3.06536090156846,0.2640509307384491,0.60210839350117,1.0,0.0,0.0,Low,False
169,3.97530950991626,0.3247269093990326,0.677831989370153,1.0,0.0,0.0,Low,False
169,5.07296770973207,0.36882832646369934,0.720038526163342,0.787,0.213,0.0,Medium,True
169,6.07740384277388,0.4224342703819275,0.79574454622788,0.4654,0.5346,0.0,Medium,True
169,7.08006833472767,0.4478069245815277,0.824575895838752,0.3132,0.6868,0.0,Medium,True
169,8.04586581927854,0.49298983812332153,0.877967674580465,0.0421,0.9579,0.0,Medium,True
169,9.04895213053901,0.5356765389442444,0.917959660013638,0.0,0.7859,0.2141,Medium,True
169,10.0892429046477,0.5341094732284546,0.942319724973811,0.0,0.7953,0.2047,Medium,True
169,11.016739196153,0.6137459874153137,0.98232577105054,0.0,0.3175,0.6825,Medium,True
170,0.0,0.0390092134475708,0.0,1.0,0.0,0.0,Low,False
170,0.80857741458895,0.3038783669471741,0.530516765022578,1.0,0.0,0.0,Low,False
170,1.05304124270677,0.377446711063385,0.528400791299049,0.7353,0.2647,0.0,Medium,True
170,1.72564543458844,0.43130603432655334,0.511823577038972,0.4122,0.5878,0.0,Medium,True
170,2.0005968131015,0.48680055141448975,0.511748453711509,0.0792,0.9208,0.0,Medium,True
170,2.82401108486431,0.5166941285133362,0.558654624675509,0.0,0.8998,0.1002,Medium,True
170,4.98944099897331,0.6705991625785828,0.676915436174386,0.0,0.0,1.0,High,False
170,5.99709523133811,0.7773822546005249,0.693033563433303,0.0,0.0,1.0,High,False
170,7.00531288865888,0.7843919992446899,0.690708913800155,0.0,0.0,1.0,High,False
171,0.0,-0.013894664123654366,0.0,1.0,0.0,0.0,Low,False
171,0.87612580653239,0.221428781747818,0.319432735407293,1.0,0.0,0.0,Low,False
171,1.05792425899184,0.2807067930698395,0.368563391567823,1.0,0.0,0.0,Low,False
171,1.75869969867198,0.3345661163330078,0.429847332704523,0.9926,0.0074,0.0,Medium,True
171,2.03233641895445,0.3926975429058075,0.472805355458544,0.6438,0.3562,0.0,Medium,True
171,2.82532574309491,0.4175226092338562,0.515621478594025,0.4949,0.5051,0.0,Medium,True
171,4.98981661561062,0.5616761445999146,0.664620251579676,0.0,0.6299,0.3701,Medium,True
171,5.99765865629408,0.656022846698761,0.674590786541238,0.0,0.0639,0.9361,Medium,True
171,7.03705249451182,0.6778141260147095,0.651765815547189,0.0,0.0,1.0,High,False
172,0.0,0.01397327333688736,0.0,1.0,0.0,0.0,Low,False
172,0.812145772643423,0.262168824672699,0.413712511372837,1.0,0.0,0.0,Low,False
172,1.05629658689682,0.32449012994766235,0.421842524811565,1.0,0.0,0.0,Low,False
172,1.76020216522123,0.3783494532108307,0.380666594325684,0.7299,0.2701,0.0,Medium,True
172,2.03502833818852,0.43815624713897705,0.384689865863125,0.3711,0.6289,0.0,Medium,True
172,2.79909518125589,0.4583780765533447,0.374235202791249,0.2497,0.7503,0.0,Medium,True
172,4.9955134679432,0.6377727389335632,0.47814328522658,0.0,0.1734,0.8266,Medium,True
172,6.00210345316895,0.7309051752090454,0.529097768837174,0.0,0.0,1.0,High,False
172,6.94809395424154,0.7309051752090454,0.563675367060925,0.0,0.0,1.0,High,False
172,7.95499695333171,0.7750911712646484,0.604383863509261,0.0,0.0,1.0,High,False
172,9.02337587539544,0.7878776788711548,0.632780481290118,0.0,0.0,1.0,High,False
172,11.9870537465672,0.8084304332733154,0.621724831598541,0.0,0.0,1.0,High,False
173,0.0,0.022316357120871544,0.0,1.0,0.0,0.0,Low,False
173,0.146287229163315,0.23802201449871063,0.0809766569574083,1.0,0.0,0.0,Low,False
173,0.956966292944259,0.2860240340232849,0.166037926140797,1.0,0.0,0.0,Low,False
173,2.95379177362459,0.4911808669567108,0.249134931478889,0.0529,0.9471,0.0,Medium,True
173,6.94504143444089,0.719180703163147,0.364721533182371,0.0,0.0,1.0,High,False
173,11.0781599314188,0.8626528978347778,0.470193856992947,0.0,0.0,1.0,High,False
173,13.9759533763486,0.8629364371299744,0.541190708887933,0.0,0.0,1.0,High,False
173,18.1561373639963,0.9019009470939636,0.638568248563422,0.0,0.0,1.0,High,False
173,21.195703593066,0.9143747687339783,0.697426526206593,0.0,0.0,1.0,High,False
173,25.092726220521,0.9456952214241028,0.827178399821343,0.0,0.0,1.0,High,False
173,28.1344055940697,0.9636392593383789,0.93057119736049,0.0,0.0,1.0,High,False
173,32.1212368618844,0.9533851146697998,0.953040166554205,0.0,0.0,1.0,High,False
173,35.1116244558052,0.9666965007781982,0.975458708436489,0.0,0.0,1.0,High,False
174,0.0,0.019758570939302444,0.0,1.0,0.0,0.0,Low,False
174,0.909708698230963,0.23152771592140198,0.170084117558069,1.0,0.0,0.0,Low,False
174,3.04869117113828,0.38276249170303345,0.249139734079977,0.7034,0.2966,0.0,Medium,True
174,7.08681421858078,0.6419116854667664,0.352582958930557,0.0,0.1485,0.8515,Medium,True
174,11.0293655043571,0.8227177858352661,0.441851306667691,0.0,0.0,1.0,High,False
174,14.0697962016228,0.8277478814125061,0.518928251541034,0.0,0.0,1.0,High,False
174,18.059797186156,0.8813266158103943,0.608199000578713,0.0,0.0,1.0,High,False
174,21.2906990426014,0.8921448588371277,0.69945562516659,0.0,0.0,1.0,High,False
174,25.0491186026351,0.9313568472862244,0.908147852877118,0.0,0.0,1.0,High,False
174,28.1831039691096,0.9491281509399414,0.956889451326838,0.0,0.0,1.0,High,False
174,31.9800403898751,0.928895890712738,0.977324518959468,0.0,0.0,1.0,High,False
174,35.0179737345746,0.9511522054672241,1.0017697585012,0.0,0.0,1.0,High,False
175,0.0,0.06953942775726318,0.0,1.0,0.0,0.0,Low,False
175,1.0124843615302,0.3820708692073822,0.336081221589613,0.7076,0.2924,0.0,Medium,True
175,2.91709990130654,0.5574015974998474,0.475853722376039,0.0,0.6556,0.3444,Medium,True
175,7.10026150162928,0.8081546425819397,0.635984449177674,0.0,0.0,1.0,High,False
175,11.0917993185109,0.8696950078010559,0.757643939957881,0.0,0.0,1.0,High,False
175,14.037234566241,0.8787662982940674,0.832691785871228,0.0,0.0,1.0,High,False
175,18.0737247293134,0.9158336520195007,0.901721972620371,0.0,0.0,1.0,High,False
175,21.1603564490528,0.9078221917152405,0.952485466128455,0.0,0.0,1.0,High,False
175,25.1477640289981,0.9190745949745178,0.987100213475618,0.0,0.0,1.0,High,False
175,28.1845447494363,0.9368458986282349,0.987253896710458,0.0,0.0,1.0,High,False
175,32.2180572998335,0.9567679762840271,0.993530896333454,0.0,0.0,1.0,High,False
175,35.1604188828669,0.9542602300643921,1.00380125876174,0.0,0.0,1.0,High,False
176,0.0,0.015061096288263798,0.0,1.0,0.0,0.0,Low,False
176,0.340120209105252,0.20247668027877808,0.166006709233721,1.0,0.0,0.0,Low,False
176,1.057820915808,0.23874488472938538,0.291549102994181,1.0,0.0,0.0,Low,False
176,2.96234040356257,0.38144928216934204,0.429297307421699,0.7113,0.2887,0.0,Medium,True
176,7.05319601095953,0.6400974988937378,0.644079233312762,0.0,0.1594,0.8406,Medium,True
176,11.0989071681222,0.7798736691474915,0.907441870517072,0.0,0.0,1.0,High,False
176,14.0421332193516,0.7849037647247314,0.935930900175535,0.0,0.0,1.0,High,False
176,18.029060539188,0.8399670720100403,0.960424165728158,0.0,0.0,1.0,High,False
176,20.9241645275081,0.849300742149353,0.974740719573721,0.0,0.0,1.0,High,False
176,25.24256737449,0.889881432056427,0.985080719717799,0.0,0.0,1.0,High,False
176,28.0899335079879,0.909466564655304,0.993321983186093,0.0,0.0,1.0,High,False
176,32.1230618502981,0.9221569895744324,0.991501797373457,0.0,0.0,1.0,High,False
176,35.1128731320883,0.9354684352874756,1.00177456110229,0.0,0.0,1.0,High,False
177,0.0,0.013483964838087559,0.0,1.0,0.0,0.0,Low,False
177,0.0250626566416165,0.013483964838087559,0.0280226428139314,1.0,0.0,0.0,Low,False
177,0.116959064327543,0.13781128823757172,0.088397178290554,1.0,0.0,0.0,Low,False
177,0.250626566416165,0.22839407622814178,0.157405907008901,1.0,0.0,0.0,Low,False
177,0.509607351712869,0.2506442964076996,0.22214480165932,1.0,0.0,0.0,Low,False
177,0.985797827903584,0.2969697117805481,0.289109087373606,1.0,0.0,0.0,Low,False
177,1.50375939849699,0.31332457065582275,0.36686273874341,1.0,0.0,0.0,Low,False
177,1.99665831244878,0.3663909137248993,0.395039322444041,0.8017,0.1983,0.0,Medium,True
177,2.48955722640057,0.40490618348121643,0.468474526834327,0.5706,0.4294,0.0,Medium,True
177,2.99916457811344,0.4765208065509796,0.552690994728199,0.1409,0.8591,0.0,Medium,True
177,4.0016708437781,0.5646039247512817,0.634911632529599,0.0,0.6124,0.3876,Medium,True
177,5.5054302422751,0.6490235328674316,0.66125983061101,0.0,0.1059,0.8941,Medium,True
177,5.98997493734635,0.6902225613594055,0.708830265318468,0.0,0.0,1.0,High,False
178,0.0,0.015574174001812935,0.0,1.0,0.0,0.0,Low,False
178,0.183317559412688,0.21122649312019348,0.195009073622242,1.0,0.0,0.0,Low,False
178,0.971615625732618,0.3867495357990265,0.389896586755116,0.6795,0.3205,0.0,Medium,True
178,1.95234828816782,0.4862520098686218,0.529508808794033,0.0825,0.9175,0.0,Medium,True
178,2.90234351257716,0.5758906006813049,0.636325747379937,0.0,0.5447,0.4553,Medium,True
178,3.91622311559534,0.6231504082679749,0.732914239074751,0.0,0.2611,0.7389,Medium,True
178,4.89936528058765,0.6521607637405396,0.796707447316552,0.0,0.087,0.913,Medium,True
178,5.94652206757026,0.6651972532272339,0.846173883597148,0.0,0.0088,0.9912,Medium,True
178,6.9309015446865,0.6690622568130493,0.871033003672863,0.0,0.0,1.0,High,False
178,7.97890491364863,0.673130452632904,0.893860326997716,0.0,0.0,1.0,High,False
178,8.99545450598685,0.7016671299934387,0.906433154755185,0.0,0.0,1.0,High,False
178,10.9653856506525,0.766704797744751,0.919266469275586,0.0,0.0,1.0,High,False
178,12.9356424037718,0.764961838722229,0.9218539711207,0.0,0.0,1.0,High,False
178,17.9565898809575,0.877307653427124,0.929373355677308,0.0,0.0,1.0,High,False
179,0.0,0.06379611045122147,0.0,1.0,0.0,0.0,Low,False
179,0.992706237424549,0.5312875509262085,0.232380952380952,0.0,0.8123,0.1877,Medium,True
179,1.95900402414486,0.597090482711792,0.35047619047619,0.0,0.4175,0.5825,Medium,True
179,3.02515090543259,0.7045068144798279,0.424761904761904,0.0,0.0,1.0,High,False
179,3.97811871227364,0.7372729778289795,0.441904761904761,0.0,0.0,1.0,High,False
179,4.82746478873239,0.7476480007171631,0.474285714285714,0.0,0.0,1.0,High,False
179,6.04778672032193,0.7391867637634277,0.516190476190476,0.0,0.0,1.0,High,False
179,7.0553319919517,0.7373706698417664,0.546666666666666,0.0,0.0,1.0,High,False
179,8.0077967806841,0.7368429899215698,0.559999999999999,0.0,0.0,1.0,High,False
179,9.06614688128772,0.725456953048706,0.575238095238095,0.0,0.0,1.0,High,False
179,9.96579476861166,0.7267664074897766,0.588571428571428,0.0,0.0,1.0,High,False
179,12.0829979879275,0.7307463884353638,0.622857142857142,0.0,0.0,1.0,High,False
179,14.1453722334004,0.7412889003753662,0.641904761904761,0.0,0.0,1.0,High,False
179,16.1549295774647,0.7978215217590332,0.660952380952381,0.0,0.0,1.0,High,False
179,18.1114185110664,0.8336030840873718,0.678095238095238,0.0,0.0,1.0,High,False
179,20.1730382293762,0.8611457347869873,0.691428571428571,0.0,0.0,1.0,High,False
179,23.0271629778672,0.9374130964279175,0.706666666666666,0.0,0.0,1.0,High,False
179,26.0907947686116,0.9600244164466858,0.708571428571428,0.0,0.0,1.0,High,False
179,30.1068913480885,0.9957523345947266,0.723809523809523,0.0,0.0,1.0,High,False
180,0.0,0.007461667526513338,0.0,1.0,0.0,0.0,Low,False
180,0.953470824949699,0.35082757472991943,0.335238095238095,0.895,0.105,0.0,Medium,True
180,2.04099597585513,0.5611299872398376,0.571428571428571,0.0,0.6332,0.3668,Medium,True
180,3.06237424547283,0.5680636763572693,0.706666666666666,0.0,0.5916,0.4084,Medium,True
180,3.91197183098591,0.5995976328849792,0.74095238095238,0.0,0.4024,0.5976,Medium,True
180,4.97208249496982,0.628607988357544,0.769523809523809,0.0,0.2284,0.7716,Medium,True
180,6.13556338028169,0.6416444778442383,0.78095238095238,0.0,0.1501,0.8499,Medium,True
180,6.93058350100603,0.6455094814300537,0.801904761904761,0.0,0.1269,0.8731,Medium,True
180,8.0407444668008,0.638873279094696,0.809523809523809,0.0,0.1668,0.8332,Medium,True
180,9.09808853118712,0.6628774404525757,0.817142857142857,0.0,0.0227,0.9773,Medium,True
180,10.260814889336,0.6818791031837463,0.822857142857142,0.0,0.0,1.0,High,False
180,12.0573440643863,0.7335044741630554,0.828571428571428,0.0,0.0,1.0,High,False
180,14.1174547283702,0.7380480170249939,0.83047619047619,0.0,0.0,1.0,High,False
180,16.0188631790744,0.8022385835647583,0.83047619047619,0.0,0.0,1.0,High,False
180,18.078722334004,0.8304616808891296,0.83047619047619,0.0,0.0,1.0,High,False
180,20.0855130784708,0.8454727530479431,0.828571428571428,0.0,0.0,1.0,High,False
180,23.0430080482897,0.9085397720336914,0.826666666666666,0.0,0.0,1.0,High,False
180,26.1066398390342,0.9103736281394958,0.828571428571428,0.0,0.0,1.0,High,False
180,30.1207243460764,0.9318544268608093,0.828571428571428,0.0,0.0,1.0,High,False
181,0.0,0.05254467576742172,0.0,1.0,0.0,0.0,Low,False
181,1.00276659959758,0.5832350254058838,0.308571428571428,0.0,0.5006,0.4994,Medium,True
181,2.08501006036217,0.7436069846153259,0.504761904761904,0.0,0.0,1.0,High,False
181,3.05281690140845,0.7716777920722961,0.634285714285714,0.0,0.0,1.0,High,False
181,3.96353118712273,0.8130053877830505,0.731428571428571,0.0,0.0,1.0,High,False
181,5.12676056338028,0.8327946662902832,0.74095238095238,0.0,0.0,1.0,High,False
181,6.18838028169014,0.8247617483139038,0.78095238095238,0.0,0.0,1.0,High,False
181,7.14361167002012,0.8247330784797668,0.815238095238095,0.0,0.0,1.0,High,False
181,8.09582494969818,0.8255683779716492,0.826666666666666,0.0,0.0,1.0,High,False
181,9.15342052313883,0.8445892333984375,0.836190476190476,0.0,0.0,1.0,High,False
181,10.0520623742454,0.849703311920166,0.841904761904761,0.0,0.0,1.0,High,False
181,12.1129275653923,0.8799620866775513,0.849523809523809,0.0,0.0,1.0,High,False
181,14.1197183098591,0.8959623575210571,0.847619047619047,0.0,0.0,1.0,High,False
181,16.0739436619718,0.9536060094833374,0.847619047619047,0.0,0.0,1.0,High,False
181,18.0284205231388,0.989763617515564,0.849523809523809,0.0,0.0,1.0,High,False
181,20.088782696177,1.0060466527938843,0.853333333333333,0.0,0.0,1.0,High,False
181,23.099597585513,1.0756343603134155,0.855238095238095,0.0,0.0,1.0,High,False
181,26.1104124748491,1.0906352996826172,0.857142857142857,0.0,0.0,1.0,High,False
181,30.1244969818913,1.0958315134048462,0.857142857142857,0.0,0.0,1.0,High,False
182,0.0,-0.030468884855508804,0.0,1.0,0.0,0.0,Low,False
182,0.246535610699323,0.09692103415727615,0.160812117305833,1.0,0.0,0.0,Low,False
182,0.778847794354609,0.14323750138282776,0.303880495156489,1.0,0.0,0.0,Low,False
182,1.11623476332202,0.15587708353996277,0.366514378874334,1.0,0.0,0.0,Low,False
182,1.79171958825425,0.18237143754959106,0.506663380788989,1.0,0.0,0.0,Low,False
182,2.22436541487365,0.2576172351837158,0.563382684688441,1.0,0.0,0.0,Low,False
182,2.70748421830865,0.26798686385154724,0.676669636594566,1.0,0.0,0.0,Low,False
182,3.13956133533013,0.2875480055809021,0.721483952910845,1.0,0.0,0.0,Low,False
182,3.85897897670186,0.2875480055809021,0.781293245625675,1.0,0.0,0.0,Low,False
182,4.1939489298781,0.38948702812194824,0.79333093211503,0.6631,0.3369,0.0,Medium,True
182,6.77589050444541,0.5439513325691223,0.841974559723986,0.0,0.7363,0.2637,Medium,True
182,7.2064036700726,0.5768523812294006,0.854050160186536,0.0,0.5389,0.4611,Medium,True
182,7.78008947697674,0.5930249094963074,0.863206384713086,0.0,0.4419,0.5581,Medium,True
182,8.25737900703304,0.6241642236709595,0.854467213891679,0.0,0.255,0.745,Medium,True
182,8.78286667551325,0.6241642236709595,0.854675740744251,0.0,0.255,0.745,Medium,True
182,9.83327330287577,0.7160338163375854,0.84318780686622,0.0,0.0,1.0,High,False
182,10.167958901253,0.714989423751831,0.849272999563989,0.0,0.0,1.0,High,False
182,10.7412181759587,0.7159739136695862,0.849500483403158,0.0,0.0,1.0,High,False
182,11.075619419537,0.7825656533241272,0.84963318230934,0.0,0.0,1.0,High,False
182,13.8463725806145,0.780582845211029,0.850732687531989,0.0,0.0,1.0,High,False
183,0.0,0.07919563353061676,0.0,1.0,0.0,0.0,Low,False
183,0.21238168823643,0.20164307951927185,0.386227544910179,1.0,0.0,0.0,Low,False
183,0.808528105080164,0.3145085573196411,0.706586826347305,1.0,0.0,0.0,Low,False
183,1.1002994011976,0.38019034266471863,0.736526946107784,0.7189,0.2811,0.0,Medium,True
183,1.87579679350975,0.4086266756057739,0.763473053892215,0.5482,0.4518,0.0,Medium,True
183,5.74951709484256,0.6811597943305969,0.820359281437125,0.0,0.0,1.0,High,False
183,6.28192003090593,0.7232348322868347,0.823353293413173,0.0,0.0,1.0,High,False
183,6.8628549352907,0.7232348322868347,0.829341317365269,0.0,0.0,1.0,High,False
183,7.97590303264438,0.7674363851547241,0.832335329341317,0.0,0.0,1.0,High,False
183,8.94378983967548,0.776923418045044,0.835329341317365,0.0,0.0,1.0,High,False
183,11.9924666795441,0.8914351463317871,0.841317365269461,0.0,0.0,1.0,High,False
183,12.9118215182538,0.891845166683197,0.841317365269461,0.0,0.0,1.0,High,False
183,13.8797083252849,0.8931931853294373,0.844311377245509,0.0,0.0,1.0,High,False
184,0.0,0.02563151903450489,0.0,1.0,0.0,0.0,Low,False
184,0.3125,0.18763376772403717,0.055282925041876,1.0,0.0,0.0,Low,False
184,2.5,0.2936442494392395,0.075429229480737,1.0,0.0,0.0,Low,False
184,5.3125,0.4403058588504791,0.0905634945561137,0.3582,0.6418,0.0,Medium,True
184,7.5,0.5452491641044617,0.115734924623115,0.0,0.7285,0.2715,Medium,True
184,8.75,0.6019373536109924,0.133349036850921,0.0,0.3884,0.6116,Medium,True
184,9.0625,0.630392849445343,0.168531459380234,0.0,0.2176,0.7824,Medium,True
184,10.3125,0.6378197073936462,0.196195822864321,0.0,0.1731,0.8269,Medium,True
184,12.8125,0.6815373301506042,0.21383610762144,0.0,0.0,1.0,High,False
184,14.6875,0.6884809732437134,0.236488431742043,0.0,0.0,1.0,High,False
184,17.8125,0.7615330815315247,0.254141802763819,0.0,0.0,1.0,High,False
184,19.3749999999999,0.7844540476799011,0.271762458123953,0.0,0.0,1.0,High,False
184,21.5624999999999,0.786128044128418,0.289396199748743,0.0,0.0,1.0,High,False
184,23.1249999999999,0.8203021883964539,0.304504292294807,0.0,0.0,1.0,High,False
184,26.875,0.8612265586853027,0.32719587520938,0.0,0.0,1.0,High,False
184,28.4374999999999,0.8675385117530823,0.344816530569514,0.0,0.0,1.0,High,False
184,30.9374999999999,0.8657243251800537,0.354919126884422,0.0,0.0,1.0,High,False
184,33.4374999999999,0.863731861114502,0.385122225711892,0.0,0.0,1.0,High,False
184,36.5624999999999,0.8739151954650879,0.390212782663316,0.0,0.0,1.0,High,False
184,38.4374999999999,0.8739151954650879,0.405327418341708,0.0,0.0,1.0,High,False
184,40.9374999999999,0.8783280253410339,0.415430014656616,0.0,0.0,1.0,High,False
184,42.1874999999999,0.8783280253410339,0.430531564070351,0.0,0.0,1.0,High,False
184,44.3749999999999,0.8783280253410339,0.445652742881071,0.0,0.0,1.0,High,False
184,49.6874999999999,0.9011338353157043,0.463351915829145,0.0,0.0,1.0,High,False
184,51.8749999999999,0.939264178276062,0.475960531825795,0.0,0.0,1.0,High,False
184,54.9999999999999,0.939264178276062,0.48858877721943,0.0,0.0,1.0,High,False
184,55.9374999999999,0.939264178276062,0.496146095058626,0.0,0.0,1.0,High,False
184,57.8124999999999,0.939264178276062,0.511260730737018,0.0,0.0,1.0,High,False
184,62.1874999999999,0.9525606632232666,0.526427711474036,0.0,0.0,1.0,High,False
184,64.0625,0.9525606632232666,0.539029784338358,0.0,0.0,1.0,High,False
184,66.5624999999999,0.9525606632232666,0.549132380653266,0.0,0.0,1.0,High,False
184,68.7499999999999,0.9525606632232666,0.559228433835845,0.0,0.0,1.0,High,False
184,70.9374999999999,1.017913579940796,0.569324487018425,0.0,0.0,1.0,High,False
184,72.8124999999999,1.017913579940796,0.579413997068676,0.0,0.0,1.0,High,False
184,74.6874999999999,1.017913579940796,0.584478381490787,0.0,0.0,1.0,High,False
184,76.8749999999999,1.017913579940796,0.592061871859296,0.0,0.0,1.0,High,False
184,79.6875,1.017913579940796,0.607196136934673,0.0,0.0,1.0,High,False
184,81.5624999999999,1.0565038919448853,0.607235395728643,0.0,0.0,1.0,High,False
184,84.3749999999999,1.0565038919448853,0.607294283919597,0.0,0.0,1.0,High,False
184,87.4999999999999,1.0565038919448853,0.609872278056951,0.0,0.0,1.0,High,False
184,89.9999999999999,1.0565038919448853,0.609924623115577,0.0,0.0,1.0,High,False
184,92.8124999999999,1.0565038919448853,0.620033762562813,0.0,0.0,1.0,High,False
184,95.6249999999999,1.0565038919448853,0.617580087939698,0.0,0.0,1.0,High,False
184,99.9999999999999,1.069205403327942,0.620184254606365,0.0,0.0,1.0,High,False
184,103.749999999999,1.069205403327942,0.620262772194304,0.0,0.0,1.0,High,False
184,108.124999999999,1.069205403327942,0.6203543760469,0.0,0.0,1.0,High,False
184,111.562499999999,1.069205403327942,0.620426350502512,0.0,0.0,1.0,High,False
184,117.812499999999,1.069205403327942,0.623069775963148,0.0,0.0,1.0,High,False
185,0.0,-0.031791675835847855,0.0,1.0,0.0,0.0,Low,False
185,1.01724707047367,0.2788712680339813,0.195180722891566,1.0,0.0,0.0,Low,False
185,3.01287341145403,0.4706782102584839,0.346987951807228,0.1759,0.8241,0.0,Medium,True
185,6.95832645651097,0.6493983268737793,0.542168674698795,0.0,0.1036,0.8964,Medium,True
185,10.0894124442977,0.7469204664230347,0.590361445783132,0.0,0.0,1.0,High,False
185,14.0915580128734,0.8117157816886902,0.681927710843373,0.0,0.0,1.0,High,False
185,21.1281152005281,0.8071643710136414,0.703614457831325,0.0,0.0,1.0,High,False
185,28.1119409143423,0.8492194414138794,0.751807228915662,0.0,0.0,1.0,High,False
186,0.0,-0.03643825650215149,0.0,1.0,0.0,0.0,Low,False
186,1.1192018743194,0.09665430337190628,0.0545851528384278,1.0,0.0,0.0,Low,False
186,3.24761035275482,0.1578887701034546,0.104803493449781,1.0,0.0,0.0,Low,False
186,5.62680804725396,0.2725222408771515,0.159388646288209,1.0,0.0,0.0,Low,False
186,7.2514381881579,0.3080076575279236,0.209606986899563,1.0,0.0,0.0,Low,False
186,10.0084696358056,0.3787187337875366,0.264192139737991,0.7277,0.2723,0.0,Medium,True
186,15.3993378284733,0.45378577709198,0.362445414847161,0.2773,0.7227,0.0,Medium,True
186,19.9168435757262,0.6024369597434998,0.427947598253275,0.0,0.3854,0.6146,Medium,True
186,25.9385346430103,0.6993919014930725,0.521834061135371,0.0,0.0,1.0,High,False
186,45.8905767052016,0.8447557687759399,0.812227074235808,0.0,0.0,1.0,High,False
187,0.0,-0.02089795470237732,0.0,1.0,0.0,0.0,Low,False
187,0.867626212114622,0.1843252032995224,0.193103448275862,1.0,0.0,0.0,Low,False
187,2.8843762229856,0.29725468158721924,0.232183908045977,1.0,0.0,0.0,Low,False
187,6.69823020393964,0.4867343604564667,0.236781609195402,0.0796,0.9204,0.0,Medium,True
187,14.0096186459103,0.6939123272895813,0.259770114942528,0.0,0.0,1.0,High,False
187,21.111588468061,0.7624289989471436,0.305747126436781,0.0,0.0,1.0,High,False
187,28.00560073053,0.8810937404632568,0.388505747126436,0.0,0.0,1.0,High,False
187,34.9015610731834,0.8600460886955261,0.489655172413793,0.0,0.0,1.0,High,False
187,41.9051528460233,0.8618311882019043,0.606896551724137,0.0,0.0,1.0,High,False
187,48.9055789885637,0.8870502710342407,0.694252873563218,0.0,0.0,1.0,High,False
187,55.9120928816802,0.9147087931632996,0.839080459770114,0.0,0.0,1.0,High,False
187,63.1175544636257,0.9236844778060913,0.862068965517241,0.0,0.0,1.0,High,False
187,69.7950863156064,0.9236844778060913,0.901149425287356,0.0,0.0,1.0,High,False
187,76.9978692872983,0.9728289246559143,0.898850574712643,0.0,0.0,1.0,High,False
187,84.1987041788059,0.9976567029953003,0.878160919540229,0.0,0.0,1.0,High,False
188,0.0,-0.033636193722486496,0.0,1.0,0.0,0.0,Low,False
188,0.978823683825875,0.26160550117492676,0.130133369924798,1.0,0.0,0.0,Low,False
188,3.00817640268111,0.4185280501842499,0.236748768766798,0.4888,0.5112,0.0,Medium,True
188,4.96105693651877,0.5000981092453003,0.379828358186694,0.0,0.9994,0.0006,Medium,False
188,7.03148556377206,0.5961687564849854,0.541128110896003,0.0,0.423,0.577,Medium,True
188,10.0011216079562,0.6856236457824707,0.790900657154874,0.0,0.0,1.0,High,False
188,14.0168241193438,0.767966091632843,0.899968081901244,0.0,0.0,1.0,High,False
188,17.95179472188,0.8060944080352783,0.936125023491124,0.0,0.0,1.0,High,False
188,20.9512488329012,0.7697268724441528,0.951520285890708,0.0,0.0,1.0,High,False
188,23.9502972559384,0.79039067029953,0.956498912696542,0.0,0.0,1.0,High,False
188,27.0661838184188,0.8288014531135559,0.961468590502725,0.0,0.0,1.0,High,False
188,29.9871373045016,0.8386330604553223,0.96124486551145,0.0,0.0,1.0,High,False
188,32.0904266584733,0.8745835423469543,0.966292101314608,0.0,0.0,1.0,High,False
188,33.9596340455742,0.9002200961112976,0.960940599523316,0.0,0.0,1.0,High,False
189,0.0,-0.00803255382925272,0.0,1.0,0.0,0.0,Low,False
189,0.379403793658535,0.13658225536346436,0.0614215172826575,1.0,0.0,0.0,Low,False
189,0.542005419512194,0.18712157011032104,0.0909052820589557,1.0,0.0,0.0,Low,False
189,0.650406503414633,0.19992834329605103,0.184180757144994,1.0,0.0,0.0,Low,False
189,0.975609755121951,0.22462858259677887,0.225970372587161,1.0,0.0,0.0,Low,False
189,2.16802167804877,0.32754313945770264,0.290037408349543,1.0,0.0,0.0,Low,False
189,3.19783197512195,0.3393602967262268,0.341798593446057,0.9638,0.0362,0.0,Medium,True
189,4.11924118829268,0.3894652724266052,0.415621726769415,0.6632,0.3368,0.0,Medium,True
189,5.20325202731707,0.40668871998786926,0.457578931617537,0.5599,0.4401,0.0,Medium,True
189,6.01626015658536,0.40758728981018066,0.50193027083645,0.5545,0.4455,0.0,Medium,True
189,8.13008129268292,0.4147508442401886,0.595648660781086,0.5115,0.4885,0.0,Medium,True
189,10.0813008029268,0.45771846175193787,0.662337273679485,0.2537,0.7463,0.0,Medium,True
189,14.0379403653658,0.5234819054603577,0.722106838246296,0.0,0.8591,0.1409,Medium,True
189,17.9945799278048,0.6876875758171082,0.776968427352985,0.0,0.0,1.0,High,False
189,24.0650406263414,0.803501546382904,0.849474786772407,0.0,0.0,1.0,High,False
189,31.9783197512195,0.8421128392219543,0.892940296274128,0.0,0.0,1.0,High,False
190,0.0,0.03052116185426712,0.0,1.0,0.0,0.0,Low,False
190,0.119658119658119,0.20520655810832977,0.407619658119658,1.0,0.0,0.0,Low,False
190,0.256410256410256,0.29953262209892273,0.46775641025641,1.0,0.0,0.0,Low,False
190,0.495726495726495,0.3141562044620514,0.525495726495726,1.0,0.0,0.0,Low,False
190,1.0,0.34848707914352417,0.6185,0.9091,0.0909,0.0,Medium,True
190,1.51282051282051,0.34972578287124634,0.67151282051282,0.9016,0.0984,0.0,Medium,True
190,1.99999999999999,0.41742509603500366,0.732,0.4954,0.5046,0.0,Medium,True
190,2.52991452991453,0.4282304346561432,0.740029914529914,0.4306,0.5694,0.0,Medium,True
190,3.01709401709401,0.4607454836368561,0.775517094017093,0.2355,0.7645,0.0,Medium,True
190,3.52991452991453,0.4725349545478821,0.803529914529914,0.1648,0.8352,0.0,Medium,True
190,4.02564102564102,0.5502013564109802,0.826525641025641,0.0,0.6988,0.3012,Medium,True
190,4.52136752136752,0.5529404282569885,0.852021367521367,0.0,0.6824,0.3176,Medium,True
190,5.01709401709401,0.6215552687644958,0.870017094017093,0.0,0.2707,0.7293,Medium,True
191,0.0,0.07678607851266861,0.0,1.0,0.0,0.0,Low,False
191,0.119658119658119,0.24717628955841064,0.365119658119658,1.0,0.0,0.0,Low,False
191,0.239316239316239,0.29416319727897644,0.445239316239316,1.0,0.0,0.0,Low,False
191,0.487179487179487,0.29736194014549255,0.510487179487179,1.0,0.0,0.0,Low,False
191,0.991452991452991,0.3273179531097412,0.583491452991453,1.0,0.0,0.0,Low,False
191,1.5042735042735,0.34088611602783203,0.649004273504273,0.9547,0.0453,0.0,Medium,True
191,2.008547008547,0.42084619402885437,0.704508547008547,0.4749,0.5251,0.0,Medium,True
191,2.52136752136752,0.4249434471130371,0.752521367521367,0.4503,0.5497,0.0,Medium,True
191,3.008547008547,0.46356624364852905,0.778008547008547,0.2186,0.7814,0.0,Medium,True
191,3.49572649572649,0.4631311297416687,0.808495726495726,0.2212,0.7788,0.0,Medium,True
191,4.0,0.5295079350471497,0.828999999999999,0.0,0.823,0.177,Medium,True
191,4.5042735042735,0.5378689765930176,0.842004273504273,0.0,0.7728,0.2272,Medium,True
191,5.01709401709401,0.6210894584655762,0.860017094017093,0.0,0.2735,0.7265,Medium,True
192,0.0,0.08537200093269348,0.0,1.0,0.0,0.0,Low,False
192,0.111111111111111,0.24418899416923523,0.475111111111111,1.0,0.0,0.0,Low,False
192,0.247863247863247,0.29902008175849915,0.585247863247863,1.0,0.0,0.0,Low,False
192,0.495726495726495,0.30732765793800354,0.650495726495726,1.0,0.0,0.0,Low,False
192,0.982905982905983,0.3364546298980713,0.693482905982906,0.9813,0.0187,0.0,Medium,True
192,1.49572649572649,0.3627322316169739,0.711495726495726,0.8236,0.1764,0.0,Medium,True
192,2.01709401709401,0.44188040494918823,0.729517094017094,0.3487,0.6513,0.0,Medium,True
192,2.52136752136752,0.44597765803337097,0.767521367521367,0.3241,0.6759,0.0,Medium,True
192,3.01709401709401,0.4760037660598755,0.790517094017094,0.144,0.856,0.0,Medium,True
192,3.5042735042735,0.47556865215301514,0.803504273504273,0.1466,0.8534,0.0,Medium,True
192,4.01709401709401,0.5456452965736389,0.826517094017094,0.0,0.7261,0.2739,Medium,True
192,4.51282051282051,0.5492805242538452,0.84451282051282,0.0,0.7043,0.2957,Medium,True
192,5.01709401709401,0.6325010061264038,0.860017094017093,0.0,0.205,0.795,Medium,True
193,0.0,0.01968397945165634,0.0,1.0,0.0,0.0,Low,False
193,0.111111111111111,0.14383947849273682,0.525111111111111,1.0,0.0,0.0,Low,False
193,0.247863247863247,0.1973637342453003,0.685247863247863,1.0,0.0,0.0,Low,False
193,0.495726495726495,0.2236451804637909,0.762995726495726,1.0,0.0,0.0,Low,False
193,1.008547008547,0.27197694778442383,0.803508547008546,1.0,0.0,0.0,Low,False
193,1.51282051282051,0.2814115881919861,0.81401282051282,1.0,0.0,0.0,Low,False
193,2.008547008547,0.3609722852706909,0.847008547008547,0.8342,0.1658,0.0,Medium,True
193,2.51282051282051,0.3609722852706909,0.86001282051282,0.8342,0.1658,0.0,Medium,True
193,3.0,0.3933420181274414,0.863,0.6399,0.3601,0.0,Medium,True
193,3.5042735042735,0.39499878883361816,0.876004273504273,0.63,0.37,0.0,Medium,True
193,4.0,0.47263726592063904,0.8815,0.1642,0.8358,0.0,Medium,True
193,4.5042735042735,0.4706895351409912,0.889504273504273,0.1759,0.8241,0.0,Medium,True
193,5.01709401709401,0.5506594181060791,0.895017094017094,0.0,0.696,0.304,Medium,True
194,0.0,0.0015098198782652617,0.0,1.0,0.0,0.0,Low,False
194,0.119658119658119,0.1463051289319992,0.560119658119658,1.0,0.0,0.0,Low,False
194,0.247863247863247,0.19489417970180511,0.737747863247863,1.0,0.0,0.0,Low,False
194,0.504273504273504,0.234523743391037,0.835504273504273,1.0,0.0,0.0,Low,False
194,0.991452991452991,0.2927093207836151,0.938491452991453,1.0,0.0,0.0,Low,False
194,1.51282051282051,0.3069619834423065,0.96151282051282,1.0,0.0,0.0,Low,False
194,2.008547008547,0.4156211316585541,0.989508547008547,0.5063,0.4937,0.0,Medium,True
194,2.5042735042735,0.4156211316585541,0.997504273504273,0.5063,0.4937,0.0,Medium,True
194,2.98290598290598,0.44216015934944153,1.0079829059829,0.347,0.653,0.0,Medium,True
194,3.5042735042735,0.45394667983055115,1.02350427350427,0.2763,0.7237,0.0,Medium,True
194,4.008547008547,0.518445611000061,1.03150854700854,0.0,0.8893,0.1107,Medium,True
194,4.5042735042735,0.5133746862411499,1.03950427350427,0.0,0.9198,0.0802,Medium,True
194,5.008547008547,0.5825727581977844,1.03500854700854,0.0,0.5046,0.4954,Medium,True
195,0.0,-0.07367376983165741,0.0,1.0,0.0,0.0,Low,False
195,1.01722637375829,0.11476516723632812,0.399477806788511,1.0,0.0,0.0,Low,False
195,2.02469913868131,0.22649633884429932,0.45953002610966,1.0,0.0,0.0,Low,False
195,3.03322229224813,0.2684894800186157,0.556135770234987,1.0,0.0,0.0,Low,False
195,7.05921190840611,0.4947966933250427,0.660574412532637,0.0312,0.9688,0.0,Medium,True
195,18.0089883256805,0.6546507477760315,0.712793733681462,0.0,0.0721,0.9279,Medium,True
196,0.0,0.014016358181834221,0.0,1.0,0.0,0.0,Low,False
196,0.926829268292683,0.1356751024723053,0.578494623655914,1.0,0.0,0.0,Low,False
196,4.0,0.31413137912750244,0.772043010752688,1.0,0.0,0.0,Low,False
196,6.92682926829268,0.33406203985214233,0.881720430107526,0.9956,0.0044,0.0,Medium,True
196,14.0487804878048,0.4945598244667053,0.941935483870967,0.0326,0.9674,0.0,Medium,True
196,20.9268292682926,0.7070990204811096,0.956989247311828,0.0,0.0,1.0,High,False
196,28.1463414634146,0.7951538562774658,0.976344086021505,0.0,0.0,1.0,High,False
197,0.0,0.014016358181834221,0.0,1.0,0.0,0.0,Low,False
197,1.07317073170731,0.1906469762325287,0.41505376344086,1.0,0.0,0.0,Low,False
197,3.95121951219512,0.29570668935775757,0.735483870967741,1.0,0.0,0.0,Low,False
197,6.97560975609756,0.3452390730381012,0.782795698924731,0.9286,0.0714,0.0,Medium,True
197,13.9512195121951,0.4967401921749115,0.834408602150537,0.0196,0.9804,0.0,Medium,True
197,20.8780487804878,0.7070990204811096,0.834408602150537,0.0,0.0,1.0,High,False
197,28.0,0.7951538562774658,0.881720430107526,0.0,0.0,1.0,High,False
198,0.0,0.01653047651052475,0.0,1.0,0.0,0.0,Low,False
198,0.926829268292683,0.17842207849025726,0.129032258064516,1.0,0.0,0.0,Low,False
198,3.90243902439024,0.39331457018852234,0.498924731182795,0.6401,0.3599,0.0,Medium,True
198,6.92682926829268,0.4604279100894928,0.604301075268817,0.2374,0.7626,0.0,Medium,True
198,13.9024390243902,0.6062859892845154,0.606451612903225,0.0,0.3623,0.6377,Medium,True
198,20.9268292682926,0.7599446177482605,0.634408602150537,0.0,0.0,1.0,High,False
198,28.0487804878048,0.8411691188812256,0.744086021505376,0.0,0.0,1.0,High,False
199,0.0,-0.0007011693669483066,0.0,1.0,0.0,0.0,Low,False
199,1.10388944703011,0.1799912303686142,0.184166102830117,1.0,0.0,0.0,Low,False
199,4.03870994197609,0.2146344929933548,0.531209207279984,1.0,0.0,0.0,Low,False
199,6.93816250794497,0.28500670194625854,0.609189510589875,1.0,0.0,0.0,Low,False
199,13.8998011194718,0.5489293336868286,0.735324872367908,0.0,0.7064,0.2936,Medium,True
199,20.8660529391261,0.7905054092407227,0.766120599512025,0.0,0.0,1.0,High,False
199,28.0745494433395,0.8485150933265686,0.790526179101825,0.0,0.0,1.0,High,False
200,0.0,0.019113026559352875,0.0,1.0,0.0,0.0,Low,False
200,0.909212064051832,0.13767428696155548,0.207498684381385,1.0,0.0,0.0,Low,False
200,3.90400426465462,0.29451698064804077,0.31512653859034,1.0,0.0,0.0,Low,False
200,6.89807885510425,0.34604817628860474,0.437585002631237,0.9237,0.0763,0.0,Medium,True
200,13.7641728005248,0.5244578719139099,0.538310130605048,0.0,0.8533,0.1467,Medium,True
200,21.1132183790211,0.7601990103721619,0.658034841681531,0.0,0.0,1.0,High,False
200,27.9859758472925,0.8327955007553101,0.621047164073018,0.0,0.0,1.0,High,False
201,0.0,0.026182882487773895,0.0,1.0,0.0,0.0,Low,False
201,1.00926742254936,0.2704826593399048,0.139687942099112,1.0,0.0,0.0,Low,False
201,4.10021938367539,0.4180043935775757,0.260014078827766,0.492,0.508,0.0,Medium,True
201,7.04406126340393,0.49913090467453003,0.420615231104641,0.0052,0.9948,0.0,Medium,True
201,13.9607979824903,0.63702791929245,0.474723036652793,0.0,0.1778,0.8222,Medium,True
201,20.8754843868533,0.8043361902236938,0.571204013149351,0.0,0.0,1.0,High,False
201,27.9376909355586,0.8757309317588806,0.618935339908009,0.0,0.0,1.0,High,False
202,0.0,0.009522640146315098,0.0,1.0,0.0,0.0,Low,False
202,0.97297481770231,0.1742241233587265,0.392367575848352,1.0,0.0,0.0,Low,False
202,3.95173614139399,0.25430187582969666,0.769009961435933,1.0,0.0,0.0,Low,False
202,6.96360113303275,0.4586934447288513,0.805518794768634,0.2478,0.7522,0.0,Medium,True
202,14.0898766480735,0.6528072953224182,0.855944061247473,0.0,0.0832,0.9168,Medium,True
202,21.1149072680183,0.6860025525093079,0.888221085481785,0.0,0.0,1.0,High,False
202,28.0386929928673,0.7717426419258118,0.90234986747157,0.0,0.0,1.0,High,False
203,0.0,0.04341564327478409,0.0,1.0,0.0,0.0,Low,False
203,1.02041203259554,0.4145776331424713,0.337949392720226,0.5125,0.4875,0.0,Medium,True
203,3.90179624370063,0.5765246748924255,0.77354133408161,0.0,0.5409,0.4591,Medium,True
203,6.86508643735519,0.6842983961105347,0.841792527595869,0.0,0.0,1.0,High,False
203,13.992727052105,0.7340819835662842,0.91942878161059,0.0,0.0,1.0,High,False
203,21.017871430359,0.7956962585449219,0.953973388139558,0.0,0.0,1.0,High,False
203,28.0919318815245,0.8619492053985596,0.963578381370939,0.0,0.0,1.0,High,False
204,0.0,-0.06677333265542984,0.0,1.0,0.0,0.0,Low,False
204,1.003256003256,0.2169918715953827,0.261904761904762,1.0,0.0,0.0,Low,False
204,2.91932347487903,0.33556312322616577,0.343915343915344,0.9866,0.0134,0.0,Medium,True
204,4.96608329941663,0.4553672671318054,0.396825396825396,0.2678,0.7322,0.0,Medium,True
204,7.008547008547,0.6129721999168396,0.5,0.0,0.3222,0.6778,Medium,True
204,10.0323339212228,0.6952806711196899,0.621693121693121,0.0,0.0,1.0,High,False
204,14.0026228915117,0.7642207145690918,0.669312169312169,0.0,0.0,1.0,High,False
204,20.8791208791208,0.7455862760543823,0.714285714285714,0.0,0.0,1.0,High,False
204,27.8858589969701,0.7507836222648621,0.735449735449735,0.0,0.0,1.0,High,False
205,0.0,0.025849131867289543,0.0,1.0,0.0,0.0,Low,False
205,0.96232985121874,0.31144580245018005,0.24074074074074,1.0,0.0,0.0,Low,False
205,3.04662415773526,0.4892593324184418,0.354497354497354,0.0644,0.9356,0.0,Medium,True
205,5.09112286890064,0.6750955581665039,0.433862433862434,0.0,0.0,1.0,High,False
205,6.96287251842807,0.7312319874763489,0.534391534391534,0.0,0.0,1.0,High,False
205,9.90819879708768,0.8278658986091614,0.574074074074074,0.0,0.0,1.0,High,False
205,13.8310043865599,0.8582585453987122,0.677248677248677,0.0,0.0,1.0,High,False
205,20.9236648125537,0.8133906722068787,0.693121693121693,0.0,0.0,1.0,High,False
205,27.8433500655722,0.8353098034858704,0.732804232804232,0.0,0.0,1.0,High,False
206,0.0,-5.5382442951668054e-05,0.0,1.0,0.0,0.0,Low,False
206,0.160583986438346,0.09654855728149414,0.401985111662531,1.0,0.0,0.0,Low,False
206,0.895603518168194,0.17906688153743744,0.524069478908188,1.0,0.0,0.0,Low,False
206,2.04419821634768,0.35184162855148315,0.562779156327543,0.889,0.111,0.0,Medium,True
206,2.97075768370881,0.36914685368537903,0.589578163771712,0.7851,0.2149,0.0,Medium,True
206,4.0096245976955,0.412024587392807,0.601488833746898,0.5279,0.4721,0.0,Medium,True
206,6.82882711348057,0.5085046291351318,0.643176178660049,0.0,0.949,0.051,Medium,True
206,10.0553399012357,0.6266860961914062,0.70272952853598,0.0,0.2399,0.7601,Medium,True
206,15.0566604427192,0.7483325600624084,0.881389578163771,0.0,0.0,1.0,High,False
206,19.9127828415595,0.8362957239151001,1.00645161290322,0.0,0.0,1.0,High,False
206,27.9303736825295,0.9156336784362793,1.04218362282878,0.0,0.0,1.0,High,False
207,0.0,0.0003926089557353407,0.0,1.0,0.0,0.0,Low,False
207,1.05462128098665,0.25608694553375244,0.354342431761786,1.0,0.0,0.0,Low,False
207,2.01720389160504,0.35243040323257446,0.399007444168734,0.8854,0.1146,0.0,Medium,True
207,2.90571333808318,0.35548409819602966,0.440694789081885,0.8671,0.1329,0.0,Medium,True
207,4.05578212908139,0.40429922938346863,0.455583126550868,0.5742,0.4258,0.0,Medium,True
207,6.98600226027565,0.5260114073753357,0.503225806451612,0.0,0.8439,0.1561,Medium,True
207,9.98697884676805,0.6126249432563782,0.607444168734491,0.0,0.3243,0.6757,Medium,True
207,15.0235854850993,0.7401562333106995,0.815880893300248,0.0,0.0,1.0,High,False
207,19.9125985799572,0.8356689214706421,1.00942928039702,0.0,0.0,1.0,High,False
207,27.8917708768395,0.8990486860275269,1.06600496277915,0.0,0.0,1.0,High,False
208,0.0,-0.01644238829612732,0.0,1.0,0.0,0.0,Low,False
208,0.914213940004422,0.1466248333454132,0.223325062034739,1.0,0.0,0.0,Low,False
208,1.98781416603198,0.2750592529773712,0.27394540942928,1.0,0.0,0.0,Low,False
208,2.98844679753335,0.32177498936653137,0.303722084367245,1.0,0.0,0.0,Low,False
208,3.98981647544407,0.3794032633304596,0.321588089330024,0.7236,0.2764,0.0,Medium,True
208,6.99503107879026,0.49479973316192627,0.357320099255583,0.0312,0.9688,0.0,Medium,True
208,9.99656045008967,0.5661559104919434,0.452605459057071,0.0,0.6031,0.3969,Medium,True
208,14.9234393042281,0.6974347233772278,0.63424317617866,0.0,0.0,1.0,High,False
208,19.9593088961501,0.8341259360313416,0.854590570719603,0.0,0.0,1.0,High,False
208,28.0108960027516,0.9130534529685974,0.940942928039702,0.0,0.0,1.0,High,False
209,0.0,0.004109295550733805,0.0,1.0,0.0,0.0,Low,False
209,0.233581849341882,0.12908333539962769,0.169396862956615,1.0,0.0,0.0,Low,False
209,0.92815074511305,0.18822632730007172,0.209654716439464,1.0,0.0,0.0,Low,False
209,1.91023845357506,0.2906673550605774,0.212619509521613,1.0,0.0,0.0,Low,False
209,2.96557603806905,0.3636709451675415,0.221332938955536,0.818,0.182,0.0,Medium,True
209,3.87467485580561,0.39676350355148315,0.221419934057712,0.6194,0.3806,0.0,Medium,True
209,6.89418785722364,0.5172748565673828,0.236062949655934,0.0,0.8964,0.1036,Medium,True
209,10.0685521405144,0.6369497776031494,0.354070065855292,0.0,0.1783,0.8217,Medium,True
209,14.9200949986515,0.7580825686454773,0.521041505363248,0.0,0.0,1.0,High,False
209,20.0295783347397,0.8521533608436584,0.725358202333208,0.0,0.0,1.0,High,False
209,28.0003305813882,0.9201146960258484,0.803632915466859,0.0,0.0,1.0,High,False
210,0.0,0.007792623247951269,0.0,1.0,0.0,0.0,Low,False
210,0.245587173442134,0.13018864393234253,0.3014554280594,1.0,0.0,0.0,Low,False
210,1.04689905958294,0.2595307230949402,0.315886175608313,1.0,0.0,0.0,Low,False
210,1.9559978773195,0.3072938024997711,0.315973170710489,1.0,0.0,0.0,Low,False
210,3.04874335574907,0.37589019536972046,0.336173433435697,0.7447,0.2553,0.0,Medium,True
210,3.99472809680814,0.4192984104156494,0.342005585085559,0.4842,0.5158,0.0,Medium,True
210,6.97918207204934,0.543389618396759,0.370999312738692,0.0,0.7397,0.2603,Medium,True
210,9.89586686269563,0.6299077868461609,0.454532009847845,0.0,0.2206,0.7794,Medium,True
210,15.076251207057,0.7559722661972046,0.638759797823382,0.0,0.0,1.0,High,False
210,20.1148335348719,0.8550792932510376,0.863165403787766,0.0,0.0,1.0,High,False
210,28.0871516933596,0.9184963703155518,0.958665147152215,0.0,0.0,1.0,High,False
211,0.0,-0.011918682605028152,0.0,1.0,0.0,0.0,Low,False
211,0.187816163042399,0.09203723073005676,0.256144138256968,1.0,0.0,0.0,Low,False
211,0.364342351698747,0.12905701994895935,0.305098867501794,1.0,0.0,0.0,Low,False
211,0.942319024919627,0.24063973128795624,0.354130613626153,1.0,0.0,0.0,Low,False
211,1.95859175802696,0.3139920234680176,0.400368747483823,1.0,0.0,0.0,Low,False
211,3.12329702259745,0.3599088490009308,0.426491472714436,0.8405,0.1595,0.0,Medium,True
211,4.1079753312601,0.42125651240348816,0.432435775507465,0.4725,0.5275,0.0,Medium,True
211,7.02306422157522,0.5304750204086304,0.470405097117118,0.0,0.8171,0.1829,Medium,True
211,9.92940119376163,0.5960039496421814,0.580315185744875,0.0,0.424,0.576,Medium,True
211,15.0806051659655,0.7340087294578552,0.837418534228751,0.0,0.0,1.0,High,False
211,20.0247387552438,0.8447757363319397,0.996640430360987,0.0,0.0,1.0,High,False
211,27.9035655314456,0.9384276866912842,1.03268432998232,0.0,0.0,1.0,High,False
212,0.0,-0.01719050481915474,0.0,1.0,0.0,0.0,Low,False
212,1.53709938094765,0.2542482912540436,0.26503608707575,1.0,0.0,0.0,Low,False
212,7.04056805783267,0.5293960571289062,0.326523563080908,0.0,0.8236,0.1764,Medium,True
212,10.0549912189088,0.6309287548065186,0.447965179035071,0.0,0.2144,0.7856,Medium,True
212,15.1679493088901,0.7698641419410706,0.719449679388066,0.0,0.0,1.0,High,False
212,19.881907451383,0.8685056567192078,0.970713748096457,0.0,0.0,1.0,High,False
212,28.0134021039611,0.9513500928878784,1.0298277039051,0.0,0.0,1.0,High,False
213,0.0,-0.02241557464003563,0.0,1.0,0.0,0.0,Low,False
213,0.592067261408124,0.14195643365383148,0.233200109690707,1.0,0.0,0.0,Low,False
213,1.16899370445355,0.22659187018871307,0.290864747857238,1.0,0.0,0.0,Low,False
213,2.0062897118285,0.3288756310939789,0.308291567235152,1.0,0.0,0.0,Low,False
213,3.06080832715836,0.32915356755256653,0.340148549223704,1.0,0.0,0.0,Low,False
213,4.08128198096749,0.3905012309551239,0.351855114912685,0.657,0.343,0.0,Medium,True
213,7.10900805759929,0.513616681098938,0.363946764999329,0.0,0.9183,0.0817,Medium,True
213,10.0848352597277,0.5990076661109924,0.502647163503334,0.0,0.406,0.594,Medium,True
213,15.012515242924,0.752167820930481,0.797117701629607,0.0,0.0,1.0,High,False
213,19.9513976813251,0.8557303547859192,0.999504057972705,0.0,0.0,1.0,High,False
213,28.0141022574114,0.9286816120147705,1.02407244254365,0.0,0.0,1.0,High,False
214,0.0,-0.029160788282752037,0.0,1.0,0.0,0.0,Low,False
214,1.16304240012602,0.22357383370399475,0.33978446942955,1.0,0.0,0.0,Low,False
214,2.21511047837984,0.32504963874816895,0.391784866183171,1.0,0.0,0.0,Low,False
214,3.12574755967349,0.3235524892807007,0.406348057949367,1.0,0.0,0.0,Low,False
214,4.1079753312601,0.38490015268325806,0.432435775507465,0.6906,0.3094,0.0,Medium,True
214,7.09640529549393,0.49867114424705505,0.4675414695054,0.008,0.992,0.0,Medium,True
214,10.0427385335285,0.589626133441925,0.548682252860418,0.0,0.4622,0.5378,Medium,True
214,15.0956584651469,0.7293674349784851,0.713680414957611,0.0,0.0,1.0,High,False
214,20.0380416707995,0.8458225727081299,0.887290464493468,0.0,0.0,1.0,High,False
214,27.9758563751888,0.9355646371841431,1.03845359441277,0.0,0.0,1.0,High,False
215,0.0,0.009484907612204552,0.0,1.0,0.0,0.0,Low,False
215,2.92112294920347,0.30257683992385864,0.268607600100627,1.0,0.0,0.0,Low,False
215,6.01888806543511,0.44121643900871277,0.39138682458848,0.3527,0.6473,0.0,Medium,True
215,8.96397805231273,0.5039419531822205,0.489546292078299,0.0,0.9763,0.0237,Medium,True
215,12.0084037612951,0.6411937475204468,0.587692161248869,0.0,0.1528,0.8472,Medium,True
215,15.002855647042,0.685642421245575,0.683791483372655,0.0,0.0,1.0,High,False
215,18.0978671036259,0.7288500666618347,0.788090592002828,0.0,0.0,1.0,High,False
215,21.0374497712082,0.7581706047058105,0.849289827777286,0.0,0.0,1.0,High,False
215,24.2235359709539,0.8414216041564941,0.898134990515172,0.0,0.0,1.0,High,False
216,0.0,-0.00985824503004551,0.0,1.0,0.0,0.0,Low,False
216,0.494953096714027,0.15855787694454193,0.601610071863514,1.0,0.0,0.0,Low,False
216,3.98389928136485,0.3778841495513916,0.70929562784574,0.7327,0.2673,0.0,Medium,True
216,14.0857973558615,0.6817049384117126,0.799272450490976,0.0,0.0,1.0,High,False
216,21.2085139064128,0.7234335541725159,0.813453151571671,0.0,0.0,1.0,High,False
216,28.0230676394755,0.9221450090408325,0.819655493993088,0.0,0.0,1.0,High,False
216,55.6984749574853,1.0870516300201416,0.824558395962477,0.0,0.0,1.0,High,False
217,0.0,0.06406068801879883,0.0,1.0,0.0,0.0,Low,False
217,0.560370837676229,0.36807841062545776,0.284879176038181,0.7915,0.2085,0.0,Medium,True
217,3.9139557847386,0.7022398710250854,0.547938724011191,0.0,0.0,1.0,High,False
217,7.07005321191507,0.8388515710830688,0.767167014098414,0.0,0.0,1.0,High,False
217,13.7578857863843,0.8851953148841858,0.886910966043118,0.0,0.0,1.0,High,False
217,20.8711393932744,0.8810997605323792,0.946908086016786,0.0,0.0,1.0,High,False
217,28.0971254594327,0.944461464881897,0.961092215700257,0.0,0.0,1.0,High,False
217,56.0761698392671,1.0670844316482544,0.995885676669043,0.0,0.0,1.0,High,False
218,0.0,0.08750738203525543,0.0,1.0,0.0,0.0,Low,False
218,0.914329118130512,0.4268164038658142,0.435089634873632,0.4391,0.5609,0.0,Medium,True
218,3.14945079724894,0.593274712562561,0.567133286255986,0.0,0.4404,0.5596,Medium,True
218,6.08384910721173,0.8254080414772034,0.680541429054635,0.0,0.0,1.0,High,False
218,9.97658396482253,0.8894329071044922,0.858593495018306,0.0,0.0,1.0,High,False
218,13.102678068088,0.9219622015953064,0.985467341573847,0.0,0.0,1.0,High,False
218,16.9233489796281,0.9361404180526733,1.00511402410439,0.0,0.0,1.0,High,False
218,20.1062682103289,0.932549774646759,1.00314152281372,0.0,0.0,1.0,High,False
219,0.0,-0.08506987243890762,0.0,1.0,0.0,0.0,Low,False
219,0.184458340173412,0.040607620030641556,0.119177100899905,1.0,0.0,0.0,Low,False
219,1.14816362469592,0.0861189216375351,0.1885056785112,1.0,0.0,0.0,Low,False
219,2.01337173728117,0.12626978754997253,0.277229244705776,1.0,0.0,0.0,Low,False
219,4.04241347918874,0.20171232521533966,0.35769247989016,1.0,0.0,0.0,Low,False
219,6.94852776575581,0.3510039448738098,0.379997612189771,0.894,0.106,0.0,Medium,True
219,9.95157222379751,0.4732019901275635,0.40230722163356,0.1608,0.8392,0.0,Medium,True
219,14.0221917113137,0.5206609964370728,0.408037966182637,0.0,0.876,0.124,Medium,True
219,17.2190965123046,0.5630396604537964,0.430356529914784,0.0,0.6218,0.3782,Medium,True
219,21.0922739415284,0.5737768411636353,0.480419956123986,0.0,0.5573,0.4427,Medium,True
219,23.1269121136597,0.6019869446754456,0.491599385138865,0.0,0.3881,0.6119,Medium,True
219,24.8703120569492,0.6317412853240967,0.508308087214768,0.0,0.2096,0.7904,Medium,True
219,28.0643067142238,0.6563113331794739,0.566654230155058,0.0,0.0621,0.9379,Medium,True
219,29.9030698285253,0.667849600315094,0.602766875102601,0.0,0.0,1.0,High,False
219,31.935917142985,0.6955732107162476,0.636117122091721,0.0,0.0,1.0,High,False
219,35.0338770576208,0.7434490919113159,0.683373378900711,0.0,0.0,1.0,High,False
219,36.7754861432387,0.7536513209342957,0.722252898950855,0.0,0.0,1.0,High,False
219,38.8074380288626,0.7536513209342957,0.766688554927097,0.0,0.0,1.0,High,False
219,42.1961884579223,0.7580641508102417,0.813958243168624,0.0,0.0,1.0,High,False
219,43.9380214007491,0.7580641508102417,0.850066410971987,0.0,0.0,1.0,High,False
219,46.0673511722655,0.7785339951515198,0.888963839598847,0.0,0.0,1.0,High,False
219,48.971674601161,0.7785339951515198,0.933439789872699,0.0,0.0,1.0,High,False
219,51.0049696300386,0.8253011703491211,0.961247332368259,0.0,0.0,1.0,High,False
219,52.9402152013968,0.8253011703491211,1.00290715895354,0.0,0.0,1.0,High,False
220,0.0,0.04158162325620651,0.0,1.0,0.0,0.0,Low,False
220,0.0773870490497325,0.10865899175405502,0.264851485148514,1.0,0.0,0.0,Low,False
220,0.133691817457607,0.13674376904964447,0.366336633663366,1.0,0.0,0.0,Low,False
220,0.134147035393194,0.13674376904964447,0.326732673267326,1.0,0.0,0.0,Low,False
220,0.19093547285763,0.15056684613227844,0.386138613861386,1.0,0.0,0.0,Low,False
220,0.282548082394446,0.16254101693630219,0.415841584158415,1.0,0.0,0.0,Low,False
220,1.00452372823489,0.228852316737175,0.603960396039603,1.0,0.0,0.0,Low,False
220,1.28010128599066,0.2427258938550949,0.628712871287128,1.0,0.0,0.0,Low,False
220,2.01499374075338,0.28657016158103943,0.693069306930693,1.0,0.0,0.0,Low,False
220,2.27930465460339,0.28657016158103943,0.698019801980198,1.0,0.0,0.0,Low,False
220,3.19847501991578,0.2938116192817688,0.73019801980198,1.0,0.0,0.0,Low,False
221,0.0,0.04308982565999031,0.0,1.0,0.0,0.0,Low,False
221,5.0973907349501,0.5469895601272583,0.0967596524775918,0.0,0.7181,0.2819,Medium,True
221,9.90894381468002,0.6003003716468811,0.197438659258169,0.0,0.3982,0.6018,Medium,True
221,15.1597872350521,0.767210841178894,0.365828544856677,0.0,0.0,1.0,High,False
221,20.1202378184475,0.8358240723609924,0.506308452234648,0.0,0.0,1.0,High,False
221,30.1669758812616,0.9175143241882324,0.666029257552823,0.0,0.0,1.0,High,False
222,0.0,-0.06527481973171234,0.0,1.0,0.0,0.0,Low,False
222,1.06964453062338,0.256827712059021,0.61869063667039,1.0,0.0,0.0,Low,False
222,3.1895714723935,0.3550756871700287,0.806066422201146,0.8695,0.1305,0.0,Medium,True
222,6.26623477132717,0.5762752890586853,0.897292398960974,0.0,0.5423,0.4577,Medium,True
222,10.1351689823348,0.6942750811576843,0.927534453597048,0.0,0.0,1.0,High,False
222,13.318098797466,0.7464166879653931,0.981254203803193,0.0,0.0,1.0,High,False
222,17.2429805281243,0.780609667301178,1.00446173026428,0.0,0.0,1.0,High,False
223,0.0,-0.07235296815633774,0.0,1.0,0.0,0.0,Low,False
223,0.967868338557994,0.1876380294561386,0.357758620689655,1.0,0.0,0.0,Low,False
223,2.01186744290192,0.28511565923690796,0.474137931034482,1.0,0.0,0.0,Low,False
223,3.91802881027019,0.41029298305511475,0.506465517241379,0.5382,0.4618,0.0,Medium,True
223,6.0423197492163,0.5616698861122131,0.577586206896551,0.0,0.63,0.37,Medium,True
223,7.99158456486042,0.625359058380127,0.605603448275862,0.0,0.2478,0.7522,Medium,True
223,10.02789595462,0.6727117896080017,0.644396551724138,0.0,0.0,1.0,High,False
223,11.9763210927004,0.7352709174156189,0.65301724137931,0.0,0.0,1.0,High,False
223,14.0116995073891,0.746452271938324,0.670258620689655,0.0,0.0,1.0,High,False
223,16.1335647111509,0.7970880270004272,0.685344827586207,0.0,0.0,1.0,High,False
223,18.1691297208538,0.8339051604270935,0.706896551724138,0.0,0.0,1.0,High,False
223,20.0743581131512,0.8414598703384399,0.717672413793103,0.0,0.0,1.0,High,False
223,22.1095499328257,0.8490093946456909,0.730603448275862,0.0,0.0,1.0,High,False
223,24.0591879384982,0.8641130924224854,0.767241379310344,0.0,0.0,1.0,High,False
223,26.0516494999253,0.8879059553146362,0.793103448275862,0.0,0.0,1.0,High,False
223,28.0002612330198,0.8822156190872192,0.80603448275862,0.0,0.0,1.0,High,False
223,30.0369458128078,0.8843787908554077,0.853448275862069,0.0,0.0,1.0,High,False
224,0.0,-0.005791223607957363,0.0,1.0,0.0,0.0,Low,False
224,0.418760469011724,0.3140004277229309,0.0164835164835162,1.0,0.0,0.0,Low,False
224,0.753768844221105,0.343822181224823,0.0247252747252746,0.9371,0.0629,0.0,Medium,True
224,1.29815745393634,0.4301294982433319,0.0219780219780219,0.4192,0.5808,0.0,Medium,True
224,1.59128978224455,0.4301294982433319,0.0274725274725271,0.4192,0.5808,0.0,Medium,True
224,2.01005025125628,0.5176706314086914,0.0384615384615381,0.0,0.894,0.106,Medium,True
224,2.38693467336683,0.5140383839607239,0.0467032967032967,0.0,0.9158,0.0842,Medium,True
224,2.72194304857621,0.5171193480491638,0.0631868131868129,0.0,0.8973,0.1027,Medium,True
224,3.14070351758793,0.539257824420929,0.0906593406593405,0.0,0.7645,0.2355,Medium,True
224,3.51758793969849,0.539257824420929,0.107142857142857,0.0,0.7645,0.2355,Medium,True
224,3.89447236180904,0.5449718236923218,0.123626373626373,0.0,0.7302,0.2698,Medium,True
224,4.1038525963149,0.6106656193733215,0.134615384615384,0.0,0.336,0.664,Medium,True
224,4.35510887772194,0.6129895448684692,0.156593406593406,0.0,0.3221,0.6779,Medium,True
224,4.60636515912897,0.6129895448684692,0.178571428571428,0.0,0.3221,0.6779,Medium,True
224,4.81574539363484,0.6129895448684692,0.197802197802197,0.0,0.3221,0.6779,Medium,True
224,5.06700167504187,0.6674262881278992,0.228021978021977,0.0,0.0,1.0,High,False
224,6.03015075376884,0.7147870659828186,0.313186813186812,0.0,0.0,1.0,High,False
224,7.03517587939698,0.7343454360961914,0.357142857142857,0.0,0.0,1.0,High,False
224,8.08207705192629,0.7625707983970642,0.467032967032966,0.0,0.0,1.0,High,False
224,9.08710217755443,0.8080135583877563,0.486263736263736,0.0,0.0,1.0,High,False
224,10.0502512562814,0.816080629825592,0.494505494505494,0.0,0.0,1.0,High,False
224,11.0134003350083,0.8499611616134644,0.505494505494505,0.0,0.0,1.0,High,False
224,12.0603015075376,0.8511863946914673,0.508241758241758,0.0,0.0,1.0,High,False
224,13.0653266331658,0.8511447310447693,0.516483516483516,0.0,0.0,1.0,High,False
224,14.1541038525963,0.8479955196380615,0.516483516483516,0.0,0.0,1.0,High,False
224,14.9916247906197,0.8775845170021057,0.521978021978021,0.0,0.0,1.0,High,False
224,16.1222780569514,0.9057285189628601,0.524725274725274,0.0,0.0,1.0,High,False
224,17.1691792294807,0.8955570459365845,0.535714285714285,0.0,0.0,1.0,High,False
224,18.0485762144053,0.9090771675109863,0.549450549450549,0.0,0.0,1.0,High,False
224,19.1373534338358,0.9107380509376526,0.56043956043956,0.0,0.0,1.0,High,False
224,20.1005025125628,0.9223585724830627,0.582417582417582,0.0,0.0,1.0,High,False
224,21.1055276381909,0.9159612655639648,0.596153846153846,0.0,0.0,1.0,High,False
224,22.110552763819,0.931106448173523,0.598901098901098,0.0,0.0,1.0,High,False
224,23.0318257956448,0.9413663744926453,0.601648351648351,0.0,0.0,1.0,High,False
224,24.0787269681742,0.9413663744926453,0.609890109890109,0.0,0.0,1.0,High,False
224,25.1675041876046,0.9445133805274963,0.612637362637362,0.0,0.0,1.0,High,False
225,0.0,-0.049924056977033615,0.0,1.0,0.0,0.0,Low,False
225,2.79475982532751,0.1942208707332611,0.326496711413014,1.0,0.0,0.0,Low,False
225,4.71615720524017,0.25327104330062866,0.328885654213165,1.0,0.0,0.0,Low,False
225,6.89956331877729,0.3946762681007385,0.470173594263841,0.6319,0.3681,0.0,Medium,True
225,9.17030567685589,0.5161869525909424,0.451742681546175,0.0,0.9029,0.0971,Medium,True
225,13.1004366812227,0.6092963218688965,0.627820232896652,0.0,0.3442,0.6558,Medium,True
225,19.9126637554585,0.6715213656425476,0.713731198447355,0.0,0.0,1.0,High,False
225,24.0174672489083,0.7105077505111694,0.841204377594479,0.0,0.0,1.0,High,False
225,25.9388646288209,0.7415454387664795,0.836648875950186,0.0,0.0,1.0,High,False
225,31.17903930131,0.7690988779067993,0.84611030244218,0.0,0.0,1.0,High,False
226,0.0,-0.053027648478746414,0.0,1.0,0.0,0.0,Low,False
226,1.39737991266375,0.08698341995477676,0.173665022373173,1.0,0.0,0.0,Low,False
226,2.18340611353712,0.13714171946048737,0.169065717828454,1.0,0.0,0.0,Low,False
226,4.62882096069869,0.2089102566242218,0.21082672920373,1.0,0.0,0.0,Low,False
226,7.07423580786026,0.3689501881599426,0.21555070354197,0.7863,0.2137,0.0,Medium,True
226,9.25764192139738,0.45920610427856445,0.227209013963016,0.2448,0.7552,0.0,Medium,True
226,13.1004366812227,0.5585266947746277,0.292172084748504,0.0,0.6488,0.3512,Medium,True
226,20.0873362445414,0.6594294309616089,0.401237937355113,0.0,0.0434,0.9566,Medium,True
226,24.1921397379912,0.7289883494377136,0.5541740794652,0.0,0.0,1.0,High,False
226,28.2096069868995,0.7519199848175049,0.614514259528815,0.0,0.0,1.0,High,False
226,32.0524017467249,0.7988871932029724,0.760495848832821,0.0,0.0,1.0,High,False
226,35.0218340611353,0.7927994728088379,0.834684484338778,0.0,0.0,1.0,High,False
226,40.2620087336244,0.7935892343521118,0.844145910830772,0.0,0.0,1.0,High,False
226,44.0174672489083,0.7935892343521118,0.844290797347566,0.0,0.0,1.0,High,False
226,48.0349344978166,0.8072096705436707,0.849075421855625,0.0,0.0,1.0,High,False
226,53.1877729257641,0.8351582288742065,0.842329775190037,0.0,0.0,1.0,High,False
227,0.0,0.014272657223045826,0.0,1.0,0.0,0.0,Low,False
227,0.338852959343094,0.15696655213832855,0.09265886712931,1.0,0.0,0.0,Low,False
227,0.624704792355485,0.20660214126110077,0.109308578279984,1.0,0.0,0.0,Low,False
227,1.08250372415797,0.24982264637947083,0.128347200523198,1.0,0.0,0.0,Low,False
227,3.1450514115467,0.3783285915851593,0.171265850379682,0.73,0.27,0.0,Medium,True
227,5.09423936344148,0.4531550109386444,0.190422555680703,0.2811,0.7189,0.0,Medium,True
227,7.21455691603386,0.48663580417633057,0.226219888820259,0.0802,0.9198,0.0,Medium,True
227,8.93416415361697,0.5124748349189758,0.247733713621334,0.0,0.9252,0.0748,Medium,True
227,11.1697489372524,0.584069550037384,0.2740389855757,0.0,0.4956,0.5044,Medium,True
227,13.117029393598,0.6043793559074402,0.326449696617374,0.0,0.3737,0.6263,Medium,True
227,15.1769883370272,0.6412264108657837,0.414498782836173,0.0,0.1526,0.8474,Medium,True
227,17.1208625513207,0.6678337454795837,0.526291646986156,0.0,0.0,1.0,High,False
227,19.0071031500926,0.7264776825904846,0.642830541728735,0.0,0.0,1.0,High,False
227,21.0103822257748,0.7276932597160339,0.718998655669803,0.0,0.0,1.0,High,False
227,23.0738836609381,0.7484105825424194,0.74529030265596,0.0,0.0,1.0,High,False
227,24.9638030011263,0.7534478902816772,0.797696472041565,0.0,0.0,1.0,High,False
227,27.0292119318388,0.7538976073265076,0.790734113287068,0.0,0.0,1.0,High,False
227,28.9209025178941,0.7728157043457031,0.812261563056352,0.0,0.0,1.0,High,False
227,30.986992697017,0.8034756779670715,0.793422773680194,0.0,0.0,1.0,High,False
227,32.9369981470043,0.8045809864997864,0.798327762235221,0.0,0.0,1.0,High,False
228,0.0,0.013180993497371674,0.0,1.0,0.0,0.0,Low,False
228,1.31658067797841,0.308628112077713,0.0476056389201757,1.0,0.0,0.0,Low,False
228,3.20745376594121,0.4001947045326233,0.083384805435454,0.5988,0.4012,0.0,Medium,True
228,5.09955310104276,0.46631407737731934,0.0977863968317408,0.2021,0.7979,0.0,Medium,True
228,7.21973440395305,0.5070607662200928,0.135959016095629,0.0,0.9576,0.0424,Medium,True
228,8.9972477564219,0.5519163012504578,0.147976238055444,0.0,0.6885,0.3115,Medium,True
228,11.2332412891036,0.6208916902542114,0.167155651636812,0.0,0.2746,0.7254,Medium,True
228,13.0652545144061,0.6247367858886719,0.229058423863677,0.0,0.2516,0.7484,Medium,True
228,14.9434563819351,0.635759174823761,0.485739199941866,0.0,0.1854,0.8146,Medium,True
228,16.9347454855938,0.6914137005805969,0.770932492824183,0.0,0.0,1.0,High,False
228,18.9918431856992,0.7522312998771667,0.908862587653962,0.0,0.0,1.0,High,False
228,20.7678577916651,0.755617618560791,0.947007956981433,0.0,0.0,1.0,High,False
228,22.8918540856738,0.7741641998291016,0.918672564764015,0.0,0.0,1.0,High,False
228,25.0695327544235,0.7796512246131897,0.95447443955964,0.0,0.0,1.0,High,False
228,26.906450968281,0.7796512246131897,0.93086691131054,0.0,0.0,1.0,High,False
228,29.0275860189659,0.8145198225975037,0.952412527704101,0.0,0.0,1.0,High,False
228,30.8635504850488,0.8317729830741882,0.945432002325327,0.0,0.0,1.0,High,False
228,32.9285506667151,0.8420009016990662,0.945595501943828,0.0,0.0,1.0,High,False
229,0.0,0.017458144575357437,0.0,1.0,0.0,0.0,Low,False
229,1.20403844057697,0.3338526487350464,0.00959197761871899,0.9969,0.0031,0.0,Medium,True
229,3.15309014278966,0.40781375765800476,0.0311239690440723,0.5531,0.4469,0.0,Medium,True
229,5.21713657668132,0.4842415750026703,0.0479144715328996,0.0946,0.9054,0.0,Medium,True
229,7.16618827889401,0.5330161452293396,0.069446462958253,0.0,0.8019,0.1981,Medium,True
229,9.17300984631035,0.5739542841911316,0.0838571376666788,0.0,0.5563,0.4437,Medium,True
229,11.1221977982051,0.6316670179367065,0.103013842967699,0.0,0.21,0.79,Medium,True
229,13.0685245067761,0.638508677482605,0.1720515568797,0.0,0.1689,0.8311,Medium,True
229,15.1215347164189,0.6424079537391663,0.38124023543945,0.0,0.1456,0.8544,Medium,True
229,17.1727736801947,0.696448564529419,0.621307633615521,0.0,0.0,1.0,High,False
229,19.0038331577226,0.755788266658783,0.699837408712712,0.0,0.0,1.0,High,False
229,21.0061584856302,0.7570038437843323,0.792632525524106,0.0,0.0,1.0,High,False
229,22.9549376884787,0.7720238566398621,0.818915089198125,0.0,0.0,1.0,High,False
229,24.9605330087563,0.7739150524139404,0.854703339025542,0.0,0.0,1.0,High,False
229,27.0249881916942,0.7743647694587708,0.864367983141372,0.0,0.0,1.0,High,False
229,29.0906696217708,0.8055580854415894,0.852655052138211,0.0,0.0,1.0,High,False
229,30.925407840715,0.8232977986335754,0.867052101878428,0.0,0.0,1.0,High,False
229,32.8770482868873,0.82335364818573,0.843453656941467,0.0,0.0,1.0,High,False
230,0.0,-0.004494801163673401,0.0,1.0,0.0,0.0,Low,False
230,0.865217247739313,0.19092601537704468,0.0411664536093172,1.0,0.0,0.0,Low,False
230,3.0937813984424,0.35503458976745605,0.0869981555994773,0.8698,0.1302,0.0,Medium,True
230,4.82775374658597,0.39452481269836426,0.112244272216535,0.6329,0.3671,0.0,Medium,True
230,6.93249305401593,0.45921462774276733,0.15578344567981,0.2447,0.7553,0.0,Medium,True
230,8.85269796644228,0.4868776500225067,0.176477525201303,0.0787,0.9213,0.0,Medium,True
230,11.0197034807753,0.5784979462623596,0.21545522729524,0.0,0.529,0.471,Medium,True
230,12.9970800922671,0.5824457406997681,0.313779228559433,0.0,0.5053,0.4947,Medium,True
230,15.0341756567433,0.5969051718711853,0.448637455010307,0.0,0.4186,0.5814,Medium,True
230,17.0088635002099,0.6503065824508667,0.59034024708363,0.0,0.0982,0.9018,Medium,True
230,19.0499214596708,0.7161818146705627,0.661271834447364,0.0,0.0,1.0,High,False
230,20.8982372059454,0.7173973917961121,0.84177779454982,0.0,0.0,1.0,High,False
230,23.0649596920653,0.7398808598518372,0.885321685149981,0.0,0.0,1.0,High,False
230,25.1106876170439,0.7453678846359253,0.880911162161015,0.0,0.0,1.0,High,False
230,27.0299019307241,0.7453678846359253,0.917586901454293,0.0,0.0,1.0,High,False
230,28.9520880406428,0.7642859816551208,0.906317661432217,0.0,0.0,1.0,High,False
230,30.8105928025925,0.7979761958122253,0.9224408353106,0.0,0.0,1.0,High,False
230,32.9177378498346,0.7980320453643799,0.927167406470968,0.0,0.0,1.0,High,False
231,0.0,0.027160989120602608,0.0,1.0,0.0,0.0,Low,False
231,0.92875708160175,0.2374611794948578,0.0160571339619703,1.0,0.0,0.0,Low,False
231,2.91094517271796,0.3814968466758728,0.0367559306203506,0.711,0.289,0.0,Medium,True
231,5.01780719174689,0.42573282122612,0.0460486902869432,0.4456,0.5544,0.0,Medium,True
231,6.99999528286311,0.4686182737350464,0.0667474869453236,0.1883,0.8117,0.0,Medium,True
231,9.04430806677579,0.5294423699378967,0.0851679064874784,0.0,0.8233,0.1767,Medium,True
231,10.9642299509889,0.6168922185897827,0.110428174515196,0.0,0.2986,0.7014,Medium,True
231,13.0054294245564,0.6141262650489807,0.179076667625817,0.0,0.3152,0.6848,Medium,True
231,15.1622459232144,0.6518561244010925,0.382437155943828,0.0,0.0889,0.9111,Medium,True
231,16.9448991240276,0.6776074767112732,0.622298849490313,0.0,0.0,1.0,High,False
231,18.9855325411688,0.7375863790512085,0.700079719613383,0.0,0.0,1.0,High,False
231,21.0875830805734,0.7346608638763428,0.786997683885788,0.0,0.0,1.0,High,False
231,22.9438236168175,0.7576258182525635,0.839650365813965,0.0,0.0,1.0,High,False
231,24.8640285292438,0.7628984451293945,0.860344445335459,0.0,0.0,1.0,High,False
231,27.0337228116022,0.7633481621742249,0.855943356620265,0.0,0.0,1.0,High,False
231,29.1408678588443,0.8040236830711365,0.860669927780634,0.0,0.0,1.0,High,False
231,30.8151212540036,0.8217633962631226,0.849381819211011,0.0,0.0,1.0,High,False
231,32.9843909940422,0.8218192458152771,0.851830013255154,0.0,0.0,1.0,High,False
232,0.0,0.02329901047050953,0.0,1.0,0.0,0.0,Low,False
232,0.990598746185016,0.1505984514951706,0.0183449453519692,1.0,0.0,0.0,Low,False
232,3.09675319468095,0.22953946888446808,0.0390531762841224,1.0,0.0,0.0,Low,False
232,4.8318576556773,0.29281753301620483,0.0460345388762835,1.0,0.0,0.0,Low,False
232,6.93772907596005,0.39348411560058594,0.0713089583146613,0.6391,0.3609,0.0,Medium,True
232,8.92005868118287,0.4586198925971985,0.0897246607199294,0.2483,0.7517,0.0,Medium,True
232,11.0259301014656,0.5854929685592651,0.114999080158307,0.0,0.487,0.513,Medium,True
232,13.006278509196,0.5894126892089844,0.165378102107145,0.0,0.4635,0.5365,Medium,True
232,15.0477610109767,0.6046404242515564,0.229460406711542,0.0,0.3722,0.6278,Medium,True
232,16.9635789860985,0.6593477725982666,0.320930408079512,0.0,0.0439,0.9561,Medium,True
232,19.0609595599854,0.7295384407043457,0.483190482704617,0.0,0.0,1.0,High,False
232,20.8429051902657,0.73292475938797,0.734467647516663,0.0,0.0,1.0,High,False
232,22.8841046638332,0.7541082501411438,0.803116140627285,0.0,0.0,1.0,High,False
232,24.9898345700093,0.7568876147270203,0.830673654318774,0.0,0.0,1.0,High,False
232,27.0306095012571,0.7561479210853577,0.906171430188732,0.0,0.0,1.0,High,False
232,29.0152033321854,0.7643429040908813,0.888057624544206,0.0,0.0,1.0,High,False
232,31.1202256678286,0.773276686668396,0.927030609501257,0.0,0.0,1.0,High,False
232,32.9798625426311,0.7733325362205505,0.924889029354743,0.0,0.0,1.0,High,False
233,0.0,0.018361011520028114,0.0,1.0,0.0,0.0,Low,False
233,0.928332539281957,0.14289596676826477,0.0229064167213068,1.0,0.0,0.0,Low,False
233,2.91094517271796,0.22375577688217163,0.0367559306203506,1.0,0.0,0.0,Low,False
233,4.89341629204737,0.28787943720817566,0.0528885387725064,1.0,0.0,0.0,Low,False
233,6.87588741137678,0.3905445635318756,0.0690211469246626,0.6567,0.3433,0.0,Medium,True
233,8.98260791629912,0.4761914610862732,0.0805970008443676,0.1429,0.8571,0.0,Medium,True
233,11.0262131296788,0.5825535655021667,0.110432891652082,0.0,0.5047,0.4953,Medium,True
233,12.8191968602736,0.586473286151886,0.183628704721382,0.0,0.4812,0.5188,Medium,True
233,15.1073384498544,0.6005180478096008,0.268277726151335,0.0,0.3969,0.6031,Medium,True
233,16.8977749265305,0.6577752828598022,0.382569235776653,0.0,0.0533,0.9467,Medium,True
233,18.8680758326925,0.721917450428009,0.595047949696452,0.0,0.0,1.0,High,False
233,20.9646073219398,0.7231330275535583,0.77100658984023,0.0,0.0,1.0,High,False
233,23.0060898237205,0.7465097308158875,0.835088894444628,0.0,0.0,1.0,High,False
233,24.9254456515073,0.7516089677810669,0.869481539484794,0.0,0.0,1.0,High,False
233,26.7823937582844,0.7516323328018188,0.91071875014741,0.0,0.0,1.0,High,False
233,28.8902463760595,0.7560172080993652,0.904029850042218,0.0,0.0,1.0,High,False
233,30.9347006740788,0.7888220548629761,0.920167175331261,0.0,0.0,1.0,High,False
233,32.8571698122107,0.7898350358009338,0.90433174680296,0.0,0.0,1.0,High,False
234,0.0,0.018700022250413895,0.0,1.0,0.0,0.0,Low,False
234,1.05328949540786,0.145999476313591,0.00693419122329497,1.0,0.0,0.0,Low,False
234,2.9744850065804,0.22624841332435608,0.0116466109730037,1.0,0.0,0.0,Low,False
234,5.14347171840579,0.30670276284217834,0.018660993523371,1.0,0.0,0.0,Low,False
234,7.00254253678187,0.3914014995098114,0.0256517903893052,0.6516,0.3484,0.0,Medium,True
234,8.98586274075087,0.4730178117752075,0.0280858330227884,0.1619,0.8381,0.0,Medium,True
234,10.9693244588264,0.5793800354003906,0.0282367814031594,0.0,0.5237,0.4763,Medium,True
234,13.074205280363,0.5886784791946411,0.0694928606133221,0.0,0.4679,0.5321,Medium,True
234,15.1776709608336,0.6297433972358704,0.133579882354606,0.0,0.2215,0.7785,Medium,True
234,16.9696640926823,0.6530672907829285,0.22275735519569,0.0,0.0816,0.9184,Medium,True
234,19.0712900897671,0.7187439203262329,0.316524602227432,0.0,0.0,1.0,High,False
234,20.8563490303925,0.7221302390098572,0.517573693471011,0.0,0.0,1.0,High,False
234,22.9555692876651,0.7433362007141113,0.650153542805658,0.0,0.0,1.0,High,False
234,25.0557801436839,0.7484588027000427,0.766751732368521,0.0,0.0,1.0,High,False
234,27.2174081219662,0.7382032871246338,0.892487016080719,0.0,0.0,1.0,High,False
234,28.9549183227748,0.7528436779975891,0.860655776369974,0.0,0.0,1.0,High,False
234,30.9402197242361,0.7856485247612,0.831126499459887,0.0,0.0,1.0,High,False
234,33.1693499313656,0.7866615056991577,0.867825824437599,0.0,0.0,1.0,High,False
235,0.0,0.020232178270816803,0.0,1.0,0.0,0.0,Low,False
235,0.8683977664540941,0.14222675561904907,0.0297500991669972,1.0,0.0,0.0,Low,False
235,2.80139138925335,0.22308656573295593,0.0594188305414009,1.0,0.0,0.0,Low,False
235,4.73346962438592,0.2872103750705719,0.0822068979546171,1.0,0.0,0.0,Low,False
235,6.93345131663259,0.3858132064342499,0.11873595134206,0.6851,0.3149,0.0,Medium,True
235,8.59671070698441,0.4491855800151825,0.120902368819862,0.3049,0.6951,0.0,Medium,True
235,11.1945809050132,0.5672484636306763,0.148226690670165,0.0,0.5965,0.4035,Medium,True
235,13.0018612882555,0.5692272782325745,0.232950904708143,0.0,0.5846,0.4154,Medium,True
235,15.0151038965001,0.5807662010192871,0.365824510013324,0.0,0.5154,0.4846,Medium,True
235,17.0979159674121,0.6354735493659973,0.521628576368758,0.0,0.1872,0.8128,Medium,True
235,19.2383974613248,0.7056642174720764,0.61091447227901,0.0,0.0,1.0,High,False
235,20.9974674274555,0.7068797945976257,0.833257051027776,0.0,0.0,1.0,High,False
235,23.2657980654807,0.7322360873222351,0.883542346850557,0.0,0.0,1.0,High,False
235,25.1951301376132,0.734275758266449,0.885688422380211,0.0,0.0,1.0,High,False
235,27.3969426051933,0.725898027420044,0.935978803690029,0.0,0.0,1.0,High,False
235,29.1840844597687,0.7425929307937622,0.869328410581881,0.0,0.0,1.0,High,False
235,31.251029811125,0.751872718334198,0.905867634943398,0.0,0.0,1.0,High,False
235,33.381136911482,0.7515825629234314,0.917172672626857,0.0,0.0,1.0,High,False
236,0.0,-0.0007468689582310617,0.0,1.0,0.0,0.0,Low,False
236,0.934610807677051,0.14661571383476257,0.0274514590262309,1.0,0.0,0.0,Low,False
236,2.99880999603332,0.2359922230243683,0.0433486915041854,1.0,0.0,0.0,Low,False
236,4.86345467305404,0.3085063695907593,0.059261180443251,1.0,0.0,0.0,Low,False
236,6.86083056174289,0.41897764801979065,0.0728699437545135,0.4861,0.5139,0.0,Medium,True
236,8.92564000854361,0.46132227778434753,0.093354285539926,0.2321,0.7679,0.0,Medium,True
236,10.9901443261221,0.5655410289764404,0.111545072671609,0.0,0.6068,0.3932,Medium,True
236,12.8611967168095,0.5627750754356384,0.175622209338988,0.0,0.6233,0.3767,Medium,True
236,15.0685015103896,0.5688965916633606,0.267196574415931,0.0,0.5866,0.4134,Medium,True
236,17.2095932627467,0.6223464608192444,0.361069579633641,0.0,0.2659,0.7341,Medium,True
236,19.2155127696579,0.6816861629486084,0.438897873249321,0.0,0.0,1.0,High,False
236,21.2479785189027,0.6847439408302307,0.71626542173944,0.0,0.0,1.0,High,False
236,23.1873798553687,0.7057251334190369,0.794098800842156,0.0,0.0,1.0,High,False
236,25.1810941933909,0.7114474773406982,0.780184908308668,0.0,0.0,1.0,High,False
236,27.2486498031916,0.7030697464942932,0.821311241977644,0.0,0.0,1.0,High,False
236,29.3747902236597,0.7204924821853638,0.802800069162623,0.0,0.0,1.0,High,False
236,31.2418759344582,0.7359235286712646,0.837060995331522,0.0,0.0,1.0,High,False
236,33.0351203734781,0.735633373260498,0.816281695297958,0.0,0.0,1.0,High,False
237,0.0,0.01977962628006935,0.0,1.0,0.0,0.0,Low,False
237,0.93339029078815,0.25798460841178894,0.0182772404113142,1.0,0.0,0.0,Low,False
237,2.59848045647331,0.40928953886032104,0.0342049858114912,0.5443,0.4557,0.0,Medium,True
237,4.92875232661032,0.4858371615409851,0.0500818763412973,0.085,0.915,0.0,Medium,True
237,6.92673847374362,0.5319633483886719,0.0682777489600179,0.0,0.8082,0.1918,Medium,True
237,8.99215817898879,0.570328414440155,0.093349200052889,0.0,0.578,0.422,Medium,True
237,10.7899795563421,0.5945808291435242,0.106973219825262,0.0,0.4325,0.5675,Medium,True
237,12.8608915875873,0.6336458325386047,0.173328654685259,0.0,0.1981,0.8019,Medium,True
237,14.9510267598327,0.6424079537391663,0.384178032730194,0.0,0.1456,0.8544,Medium,True
237,17.1113416531901,0.69427490234375,0.622544981132843,0.0,0.0,1.0,High,False
237,19.0507429896561,0.755788266658783,0.700378360235559,0.0,0.0,1.0,High,False
237,20.9910597137887,0.7570038437843323,0.785092403299464,0.0,0.0,1.0,High,False
237,23.3246880053702,0.7720238566398621,0.826198395020291,0.0,0.0,1.0,High,False
237,25.2576816281695,0.7743647694587708,0.855867126394694,0.0,0.0,1.0,High,False
237,27.0536722301894,0.7743647694587708,0.855729818244693,0.0,0.0,1.0,High,False
237,29.1816434259909,0.8055580854415894,0.850979973352047,0.0,0.0,1.0,High,False
237,31.3111402679034,0.8236438035964966,0.857697901728048,0.0,0.0,1.0,High,False
237,33.3045494767033,0.82335364818573,0.841490454540831,0.0,0.0,1.0,High,False
238,0.0,0.01739337295293808,0.0,1.0,0.0,0.0,Low,False
238,0.800964208342234,0.2181420475244522,0.0228745206928466,1.0,0.0,0.0,Low,False
238,2.79864522625331,0.3616100549697876,0.0387768386578384,0.8303,0.1697,0.0,Medium,True
238,4.86345467305404,0.4198579490184784,0.059261180443251,0.4809,0.5191,0.0,Medium,True
238,6.99661306563329,0.4704943001270294,0.0935017646640018,0.177,0.823,0.0,Medium,True
238,8.92625026698807,0.50113844871521,0.0979413948473846,0.0,0.9932,0.0068,Medium,True
238,10.7936411070088,0.5544012784957886,0.134495875670012,0.0,0.6736,0.3264,Medium,True
238,12.9994202544777,0.5934662818908691,0.21460246747831,0.0,0.4392,0.5608,Medium,True
238,15.0770451286119,0.6022284030914307,0.331416104720349,0.0,0.3866,0.6134,Medium,True
238,16.9590821712995,0.6540953516960144,0.478061208921978,0.0,0.0754,0.9246,Medium,True
238,19.0998687944344,0.7156087160110474,0.569640659485959,0.0,0.0,1.0,High,False
238,21.1244011839013,0.7126832008361816,0.787375786979118,0.0,0.0,1.0,High,False
238,23.1312360784792,0.7429243922233582,0.872084744555986,0.0,0.0,1.0,High,False
238,25.1914685869465,0.7516880035400391,0.858165766535461,0.0,0.0,1.0,High,False
238,27.1262929850791,0.7577213048934937,0.901595825832239,0.0,0.0,1.0,High,False
238,28.9872761114331,0.7853879332542419,0.889985658926555,0.0,0.0,1.0,High,False
238,30.9214902511213,0.803127646446228,0.928828608915875,0.0,0.0,1.0,High,False
238,33.3133982241479,0.8031834959983826,0.908003539498977,0.0,0.0,1.0,High,False
239,0.0,0.0006911242962814867,0.0,1.0,0.0,0.0,Low,False
239,0.760371759372845,0.2014397531747818,0.035598705501618,1.0,0.0,0.0,Low,False
239,2.90981739160912,0.34490787982940674,0.0582524271844659,0.9306,0.0694,0.0,Medium,True
239,4.68040610797612,0.40315577387809753,0.0841423948220063,0.5811,0.4189,0.0,Medium,True
239,6.76483474115874,0.45437175035476685,0.0776699029126213,0.2738,0.7262,0.0,Medium,True
239,8.97847954856121,0.5030372738838196,0.116504854368932,0.0,0.9818,0.0182,Medium,True
239,10.8756265115137,0.5460023880004883,0.145631067961165,0.0,0.724,0.276,Medium,True
239,12.9649620880212,0.5753465294837952,0.216828478964401,0.0,0.5479,0.4521,Medium,True
239,14.8042480109354,0.581809937953949,0.33009708737864,0.0,0.5091,0.4909,Medium,True
239,16.8984905307677,0.6375100612640381,0.478964401294498,0.0,0.1749,0.8251,Medium,True
239,18.7997266131576,0.7007297277450562,0.572815533980582,0.0,0.0,1.0,High,False
239,20.9003072681177,0.7019453048706055,0.822006472491909,0.0,0.0,1.0,High,False
239,22.9272837732057,0.7280454039573669,0.906148867313915,0.0,0.0,1.0,High,False
239,24.6330599464909,0.7365685701370239,0.906148867313915,0.0,0.0,1.0,High,False
239,27.0397111913357,0.7368090152740479,1.0,0.0,0.0,1.0,High,False
239,29.1229130886871,0.7846941351890564,0.974110032362459,0.0,0.0,1.0,High,False
239,31.0206734195553,0.8024338483810425,1.01294498381877,0.0,0.0,1.0,High,False
239,32.9781348942086,0.802489697933197,0.996763754045307,0.0,0.0,1.0,High,False
240,0.0,-0.010766257531940937,0.0,1.0,0.0,0.0,Low,False
240,0.822935286764104,0.1332758516073227,0.0258899676375403,1.0,0.0,0.0,Low,False
240,2.71967333777294,0.21320012211799622,0.0485436893203883,1.0,0.0,0.0,Low,False
240,4.74194735550804,0.28786787390708923,0.0582524271844659,1.0,0.0,0.0,Low,False
240,6.76524365310247,0.38726547360420227,0.0841423948220063,0.6764,0.3236,0.0,Medium,True
240,8.85028565420069,0.42044797539711,0.0873786407766989,0.4773,0.5227,0.0,Medium,True
240,10.9363499351582,0.49681806564331055,0.106796116504854,0.0191,0.9809,0.0,Medium,True
240,12.8355414578294,0.5263679623603821,0.168284789644012,0.0,0.8418,0.1582,Medium,True
240,14.8631313308331,0.5301907658576965,0.262135922330096,0.0,0.8189,0.1811,Medium,True
240,16.9545114670592,0.5837656855583191,0.365695792880259,0.0,0.4974,0.5026,Medium,True
240,18.7915483742829,0.645279049873352,0.44336569579288,0.0,0.1283,0.8717,Medium,True
240,20.8933557650742,0.6624447703361511,0.711974110032362,0.0,0.0253,0.9747,Medium,True
240,22.9843269893566,0.6852681636810303,0.809061488673139,0.0,0.0,1.0,High,False
240,25.0665066068487,0.6909905076026917,0.766990291262135,0.0,0.0,1.0,High,False
240,27.1550243594686,0.6826127767562866,0.825242718446602,0.0,0.0,1.0,High,False
240,28.8597782528945,0.6954975724220276,0.809061488673139,0.0,0.0,1.0,High,False
240,30.9468648137114,0.7182250618934631,0.844660194174757,0.0,0.0,1.0,High,False
240,32.9670942717278,0.7182809114456177,0.822006472491909,0.0,0.0,1.0,High,False
241,0.0,0.008350853808224201,0.0,1.0,0.0,0.0,Low,False
241,0.25577442080544,0.1561712622642517,0.0485436893203883,1.0,0.0,0.0,Low,False
241,0.762211863119647,0.20526571571826935,0.064724919093851,1.0,0.0,0.0,Low,False
241,2.72274017735095,0.3267732262611389,0.0970873786407766,1.0,0.0,0.0,Low,False
241,4.80900891428037,0.36965084075927734,0.119741100323624,0.7821,0.2179,0.0,Medium,True
241,6.96029465026345,0.42765378952026367,0.171521035598705,0.4341,0.5659,0.0,Medium,True
241,8.79692264554344,0.4656069278717041,0.242718446601941,0.2064,0.7936,0.0,Medium,True
241,11.0823314990711,0.5672076344490051,0.417475728155339,0.0,0.5968,0.4032,Medium,True
241,12.8641652938908,0.5691864490509033,0.62135922330097,0.0,0.5849,0.4151,Medium,True
241,15.0177000455644,0.5695597529411316,0.708737864077669,0.0,0.5826,0.4174,Medium,True
241,17.0477433902305,0.6227443814277649,0.841423948220064,0.0,0.2635,0.7365,Medium,True
241,18.9489794726204,0.6842577457427979,0.935275080906149,0.0,0.0,1.0,High,False
241,20.781518348463,0.6876440644264221,0.941747572815534,0.0,0.0,1.0,High,False
241,22.9947542439218,0.7082967162132263,0.974110032362459,0.0,0.0,1.0,High,False
241,25.0139614220789,0.7135693430900574,0.935275080906149,0.0,0.0,1.0,High,False
241,27.0368488077296,0.7140190601348877,0.954692556634304,0.0,0.0,1.0,High,False
241,29.060145105324,0.7406542301177979,0.980582524271844,0.0,0.0,1.0,High,False
241,30.7679658383279,0.7583939433097839,1.01294498381877,0.0,0.0,1.0,High,False
241,33.0411073335436,0.7584497928619385,0.993527508090615,0.0,0.0,1.0,High,False
242,0.0,-0.001441255328245461,0.0,1.0,0.0,0.0,Low,False
242,1.03601123595505,0.12416041642427444,0.00995543280396726,1.0,0.0,0.0,Low,False
242,2.99897003745318,0.2130502462387085,0.013093967735861,1.0,0.0,0.0,Low,False
242,4.96192883895131,0.28975623846054077,0.0329922792040677,1.0,0.0,0.0,Low,False
242,6.86715355805243,0.40342772006988525,0.0461929571276129,0.5794,0.4206,0.0,Medium,True
242,8.77237827715355,0.4682917892932892,0.0560416797438954,0.1902,0.8098,0.0,Medium,True
242,10.8508052434456,0.5394812226295471,0.0524637499215365,0.0,0.7631,0.2369,Medium,True
242,12.6405617977528,0.5669423341751099,0.0958445797501728,0.0,0.5983,0.4017,Medium,True
242,14.6035205992509,0.5858374238014221,0.139206578369217,0.0,0.485,0.515,Medium,True
242,16.508745318352,0.6443779468536377,0.192630719979913,0.0,0.1337,0.8663,Medium,True
242,18.4139700374531,0.7014049887657166,0.316445923043123,0.0,0.0,1.0,High,False
242,20.5501310861423,0.7149314284324646,0.436884062519616,0.0,0.0,1.0,High,False
242,22.1666853932584,0.719103217124939,0.56743456154667,0.0,0.0,1.0,High,False
242,24.3605805243445,0.7383418083190918,0.748201619484025,0.0,0.0,1.0,High,False
242,26.3235393258427,0.7381559014320374,0.811675349946645,0.0,0.0,1.0,High,False
242,28.1132958801498,0.7443220615386963,0.818184671395392,0.0,0.0,1.0,High,False
242,29.9030524344569,0.789643406867981,0.807934216307827,0.0,0.0,1.0,High,False
242,31.981479400749,0.7925308346748352,0.807708241792731,0.0,0.0,1.0,High,False
242,34.0021722846442,0.7954534292221069,0.814192454962024,0.0,0.0,1.0,High,False
243,0.0,-0.005110227968543768,0.0,1.0,0.0,0.0,Low,False
243,1.03601123595505,0.13206572830677032,0.0133073881112297,1.0,0.0,0.0,Low,False
243,2.82576779026217,0.22440026700496674,0.0131127989454522,1.0,0.0,0.0,Low,False
243,4.96192883895131,0.3303946554660797,0.029640323896805,1.0,0.0,0.0,Low,False
243,6.86715355805243,0.44973599910736084,0.0562488230494004,0.3016,0.6984,0.0,Medium,True
243,8.71464419475655,0.5040566325187683,0.0627518674282845,0.0,0.9757,0.0243,Medium,True
243,10.7930711610486,0.5610274076461792,0.096045445985814,0.0,0.6338,0.3662,Medium,True
243,12.8137640449438,0.6032659411430359,0.112585525076894,0.0,0.3804,0.6196,Medium,True
243,14.7189887640449,0.6146371960639954,0.145897934844014,0.0,0.3122,0.6878,Medium,True
243,16.566479400749,0.6731777191162109,0.236199861904463,0.0,0.0,1.0,High,False
243,18.5294382022471,0.7403448820114136,0.363360743205071,0.0,0.0,1.0,High,False
243,20.2037265917603,0.7437312006950378,0.5173686523131,0.0,0.0,1.0,High,False
243,22.5130898876404,0.7551284432411194,0.691419245496202,0.0,0.0,1.0,High,False
243,24.1873782771535,0.7438743114471436,0.801851735609817,0.0,0.0,1.0,High,False
243,26.3235393258427,0.7436650395393372,0.861954679555583,0.0,0.0,1.0,High,False
243,28.3442322097378,0.752968430519104,0.858383026803088,0.0,0.0,1.0,High,False
243,29.9607865168539,0.8004235029220581,0.848151402925114,0.0,0.0,1.0,High,False
243,31.808277153558,0.7918558120727539,0.854654447303998,0.0,0.0,1.0,High,False
243,33.9444382022472,0.7947784066200256,0.854422195719038,0.0,0.0,1.0,High,False
244,0.0,0.002303130691871047,0.0,1.0,0.0,0.0,Low,False
244,1.03601123595505,0.13285763561725616,0.0166593434184922,1.0,0.0,0.0,Low,False
244,2.99897003745318,0.20117051899433136,0.0197978783503862,1.0,0.0,0.0,Low,False
244,4.96192883895131,0.2778765559196472,0.0262883685895425,1.0,0.0,0.0,Low,False
244,6.92488764044943,0.3915480375289917,0.0428347247504863,0.6507,0.3493,0.0,Medium,True
244,8.83011235955056,0.4370400905609131,0.0493314920595067,0.3778,0.6222,0.0,Medium,True
244,10.7930711610486,0.49061620235443115,0.0759337141422384,0.0563,0.9437,0.0,Medium,True
244,12.6405617977528,0.5328553915023804,0.0991965350574353,0.0,0.8029,0.1971,Medium,True
244,14.8344569288389,0.5406355857849121,0.145885380704287,0.0,0.7562,0.2438,Medium,True
244,16.451011235955,0.5991761088371277,0.20939677358609,0.0,0.4049,0.5951,Medium,True
244,18.5871722846441,0.6663432717323303,0.326482957755319,0.0,0.0019,0.9981,Medium,True
244,20.3191947565543,0.6697295904159546,0.440261126106333,0.0,0.0,1.0,High,False
244,22.3976217228464,0.663324236869812,0.570761408574477,0.0,0.0201,0.9799,Medium,True
244,24.2451123595505,0.6673963069915771,0.694582888707551,0.0,0.0,1.0,High,False
244,26.2658052434456,0.6608043313026428,0.828441403552821,0.0,0.0352,0.9648,Medium,True
244,28.1132958801498,0.6716033816337585,0.891927688155169,0.0,0.0,1.0,High,False
244,30.0185205992509,0.6978244781494141,0.885016634235139,0.0,0.0,1.0,High,False
244,31.981479400749,0.7108904123306274,0.888155169167033,0.0,0.0,1.0,High,False
244,33.7712359550561,0.7138130068778992,0.89466449061578,0.0,0.0,1.0,High,False
245,0.0,-0.02446102723479271,0.0,1.0,0.0,0.0,Low,False
245,1.09374531835206,0.1421000361442566,0.0133011110413658,1.0,0.0,0.0,Low,False
245,2.88350187265917,0.22108545899391174,0.0131065218755885,1.0,0.0,0.0,Low,False
245,4.96192883895131,0.27300867438316345,0.02293641328228,1.0,0.0,0.0,Low,False
245,6.98262172284644,0.356350302696228,0.0394764923733601,0.8619,0.1381,0.0,Medium,True
245,8.83011235955056,0.3833177089691162,0.0493314920595067,0.7001,0.2999,0.0,Medium,True
245,10.7930711610486,0.4365374445915222,0.0558219822986629,0.3808,0.6192,0.0,Medium,True
245,12.8137640449438,0.478776216506958,0.058954240160693,0.1273,0.8727,0.0,Medium,True
245,14.6612546816479,0.47873830795288086,0.0788651057686271,0.1276,0.8724,0.0,Medium,True
245,16.451011235955,0.5372795462608337,0.10548615906095,0.0,0.7763,0.2237,Medium,True
245,18.5294382022471,0.6143346428871155,0.145483648233004,0.0,0.314,0.686,Medium,True
245,20.3769288389513,0.6177209615707397,0.215673843449877,0.0,0.2937,0.7063,Medium,True
245,22.3976217228464,0.6185103058815002,0.322716715837047,0.0,0.2889,0.7111,Medium,True
245,24.3605805243445,0.6648809909820557,0.469989328981231,0.0,0.0107,0.9893,Medium,True
245,26.2080711610486,0.6646717190742493,0.684313602410395,0.0,0.012,0.988,Medium,True
245,28.0555617977528,0.6753073334693909,0.814838993157994,0.0,0.0,1.0,High,False
245,29.9607865168539,0.7110456228256226,0.817983805159751,0.0,0.0,1.0,High,False
245,32.270149812734,0.7103873491287231,0.83114054359425,0.0,0.0,1.0,High,False
245,34.0599063670412,0.7103873491287231,0.844353775657523,0.0,0.0,1.0,High,False
246,0.0,-0.02005591057240963,0.0,1.0,0.0,0.0,Low,False
246,3.21158560407607,0.39610743522644043,0.0382222942378496,0.6234,0.3766,0.0,Medium,True
246,7.37686011864574,0.5298059582710266,0.0879400829980103,0.0,0.8212,0.1788,Medium,True
246,15.7059703655693,0.7172379493713379,0.183558832266601,0.0,0.0,1.0,High,False
246,21.3949152466085,0.7373515963554382,0.275297739609495,0.0,0.0,1.0,High,False
246,31.2275529089812,0.7662911415100098,0.35950201193659,0.0,0.0,1.0,High,False
246,45.6556609684301,0.8217366337776184,0.634655720291303,0.0,0.0,1.0,High,False
246,60.7858947491605,0.8190255165100098,0.772421615490561,0.0,0.0,1.0,High,False
246,70.6545019669268,0.8220692276954651,0.952046594110922,0.0,0.0,1.0,High,False
246,77.8340252234734,0.8365945816040039,0.998019570246743,0.0,0.0,1.0,High,False
246,82.3503625986839,0.8601369857788086,0.979043452429177,0.0,0.0,1.0,High,False
246,100.44448774384,0.8763728737831116,0.979475546193523,0.0,0.0,1.0,High,False
247,0.0,-0.07009182870388031,0.0,1.0,0.0,0.0,Low,False
247,3.25331028833256,0.32674509286880493,0.148910313538037,1.0,0.0,0.0,Low,False
247,7.414268456255,0.4557361900806427,0.187177617543006,0.2656,0.7344,0.0,Medium,True
247,14.5794038906442,0.6469570398330688,0.194982311161521,0.0,0.1183,0.8817,Medium,True
247,21.392037682177,0.8221681118011475,0.267664083106033,0.0,0.0,1.0,High,False
247,30.1470274649598,0.8743138909339905,0.49306399488689,0.0,0.0,1.0,High,False
247,45.6556609684301,0.9262017011642456,0.634655720291303,0.0,0.0,1.0,High,False
247,60.400301115342,0.9473536610603333,0.749511644026753,0.0,0.0,1.0,High,False
247,69.8228858462286,0.9908375144004822,0.74591986461062,0.0,0.0,1.0,High,False
247,80.4080066074338,1.0034615993499756,0.826325312592832,0.0,0.0,1.0,High,False
247,89.8593669826352,1.0255471467971802,0.899070098211311,0.0,0.0,1.0,High,False
247,101.546594921097,1.0705225467681885,0.903165987019183,0.0,0.0,1.0,High,False
247,112.488533671806,1.0705225467681885,0.93014484143059,0.0,0.0,1.0,High,False
247,119.65223032398,1.0705225467681885,0.934132706797374,0.0,0.0,1.0,High,False
247,140.387959617236,1.0705225467681885,0.94226147073915,0.0,0.0,1.0,High,False
247,150.183188942,1.0705225467681885,0.927228208521249,0.0,0.0,1.0,High,False
247,159.971224355685,1.0705225467681885,0.893110805044694,0.0,0.0,1.0,High,False
248,0.0,-0.059513065963983536,0.0,1.0,0.0,0.0,Low,False
248,3.64178148658258,0.35196107625961304,0.179453941505306,0.8882,0.1118,0.0,Medium,True
248,7.05313412010405,0.45777764916419983,0.229153726358619,0.2533,0.7467,0.0,Medium,True
248,15.7217969699424,0.7270127534866333,0.225543943035638,0.0,0.0,1.0,High,False
248,21.7618047116224,0.8309719562530518,0.248588943800804,0.0,0.0,1.0,High,False
248,30.0880373941145,0.8839685320854187,0.336574036565934,0.0,0.0,1.0,High,False
248,45.6139362841736,0.9342098832130432,0.523967700991115,0.0,0.0,1.0,High,False
248,60.0075135704447,0.94167560338974,0.707517531304293,0.0,0.0,1.0,High,False
248,70.1854589645953,0.9851594567298889,0.707760584046738,0.0,0.0,1.0,High,False
248,80.3979351319236,0.9977836012840271,0.799607514830718,0.0,0.0,1.0,High,False
248,90.2032359321972,1.0307708978652954,0.811292050374931,0.0,0.0,1.0,High,False
248,101.886147524012,1.0757461786270142,0.80393745442761,0.0,0.0,1.0,High,False
248,112.06840926481,1.0757461786270142,0.815630991925247,0.0,0.0,1.0,High,False
248,119.986027798032,1.0757461786270142,0.81963686119888,0.0,0.0,1.0,High,False
248,139.973590339103,1.0757461786270142,0.84301493424073,0.0,0.0,1.0,High,False
248,150.148658168822,1.0757461786270142,0.835624330479714,0.0,0.0,1.0,High,False
248,159.562610206414,1.0757461786270142,0.809131581553196,0.0,0.0,1.0,High,False
249,0.0,0.004265717230737209,0.0,1.0,0.0,0.0,Low,False
249,0.60472829314077,0.2247561663389206,0.0483651617599178,1.0,0.0,0.0,Low,False
249,2.17832225563621,0.41491514444351196,0.0966728599613078,0.5105,0.4895,0.0,Medium,True
249,6.41845384718524,0.6573784947395325,0.152910529239373,0.0,0.0557,0.9443,Medium,True
249,14.5145029402187,0.7265720367431641,0.261372995958396,0.0,0.0,1.0,High,False
249,21.0553268718754,0.7115512490272522,0.337655869902503,0.0,0.0,1.0,High,False
249,30.3086104353822,0.7012321352958679,0.462188978489474,0.0,0.0,1.0,High,False
249,45.5945144329304,0.744414210319519,0.550127377554734,0.0,0.0,1.0,High,False
249,60.5191653418123,0.7405962944030762,0.654213036565977,0.0,0.0,1.0,High,False
249,70.4444408795755,0.7464447021484375,0.702099335338173,0.0,0.0,1.0,High,False
249,80.9008809163522,0.7609700560569763,0.883023349359281,0.0,0.0,1.0,High,False
249,89.668921983642,0.7808077335357666,0.914839006263527,0.0,0.0,1.0,High,False
249,97.2889129810178,0.7996786236763,0.938648074013063,0.0,0.0,1.0,High,False
249,102.228589748501,0.7996786236763,0.942431091616066,0.0,0.0,1.0,High,False
249,111.348699503897,0.7996786236763,0.950035435861091,0.0,0.0,1.0,High,False
249,120.459624858735,0.7996786236763,0.949575727392878,0.0,0.0,1.0,High,False
249,129.950172103357,0.7996786236763,0.949096864405156,0.0,0.0,1.0,High,False
249,142.834355354645,0.7996786236763,0.92828547895876,0.0,0.0,1.0,High,False
250,0.0,-0.02768203802406788,0.0,1.0,0.0,0.0,Low,False
250,0.486861819296262,0.08816292881965637,0.2782098186067,1.0,0.0,0.0,Low,False
250,2.83347616220047,0.22615008056163788,0.338575286838929,1.0,0.0,0.0,Low,False
250,6.62969506004941,0.3522276282310486,0.338383741643841,0.8866,0.1134,0.0,Medium,True
250,14.6660455494473,0.6173825860023499,0.394429865726818,0.0,0.2957,0.7043,Medium,True
250,21.6691509759227,0.8212652802467346,0.543270059570555,0.0,0.0,1.0,High,False
250,30.6346566552378,0.8448055386543274,0.748462849809412,0.0,0.0,1.0,High,False
250,45.435318156569,0.8709673285484314,0.743683797191947,0.0,0.0,1.0,High,False
250,60.3783378665696,0.8738538026809692,0.863897561629666,0.0,0.0,1.0,High,False
250,70.6189444902024,0.8723108172416687,0.855316336889689,0.0,0.0,1.0,High,False
250,80.8962887160725,0.8865782618522644,0.878991323002662,0.0,0.0,1.0,High,False
250,91.1460797402647,0.9503559470176697,0.878474150975922,0.0,0.0,1.0,High,False
250,104.483360085812,0.9978286623954773,0.922156032715919,0.0,0.0,1.0,High,False
250,110.566494722929,0.9978286623954773,0.929913613117014,0.0,0.0,1.0,High,False
250,120.496362460972,0.9978286623954773,0.981831938245829,0.0,0.0,1.0,High,False
250,131.107406573831,0.9978286623954773,0.965167506273105,0.0,0.0,1.0,High,False
250,143.250714846668,0.9978286623954773,0.960522535292202,0.0,0.0,1.0,High,False
251,0.0,-0.07814939320087433,0.0,1.0,0.0,0.0,Low,False
251,1.04557951998774,0.1416521519422531,0.435439691995326,1.0,0.0,0.0,Low,False
251,2.57325147968663,0.26652732491493225,0.443427126630528,1.0,0.0,0.0,Low,False
251,6.82256747179496,0.4146021604537964,0.507728848621832,0.5124,0.4876,0.0,Medium,True
251,14.8726945620319,0.6019725799560547,0.575871051774666,0.0,0.3882,0.6118,Medium,True
251,21.0476732047426,0.749523937702179,0.664269159308139,0.0,0.0,1.0,High,False
251,30.1402297584615,0.7951909899711609,0.64768134541345,0.0,0.0,1.0,High,False
251,45.42154155573,0.8279619812965393,0.73158771812209,0.0,0.0,1.0,High,False
251,60.7120377535579,0.8380342125892639,0.823558143543969,0.0,0.0,1.0,High,False
251,70.1888083973413,0.8841754794120789,0.81098320148639,0.0,0.0,1.0,High,False
251,80.8916965157929,0.896799623966217,0.874959296646043,0.0,0.0,1.0,High,False
251,90.7618656502001,0.9255483150482178,0.874461279138812,0.0,0.0,1.0,High,False
251,103.358271017296,0.9726707935333252,0.934309575344302,0.0,0.0,1.0,High,False
251,110.186872833145,0.9726707935333252,0.929932767636523,0.0,0.0,1.0,High,False
251,122.394471909897,0.9726707935333252,0.981736165648284,0.0,0.0,1.0,High,False
251,128.783753232325,0.9726707935333252,0.92496216982397,0.0,0.0,1.0,High,False
251,141.292906794108,0.9726707935333252,0.908201965253701,0.0,0.0,1.0,High,False
252,0.0,0.02809738554060459,0.0,1.0,0.0,0.0,Low,False
252,0.684812101607839,0.21570448577404022,0.0962732919254658,1.0,0.0,0.0,Low,False
252,0.687248121016079,0.21570448577404022,0.0683229813664596,1.0,0.0,0.0,Low,False
252,1.02964418228522,0.3224742114543915,0.139751552795031,1.0,0.0,0.0,Low,False
252,2.41709256968889,0.516618013381958,0.220496894409937,0.0,0.9003,0.0997,Medium,True
252,3.19499476738654,0.5503217577934265,0.295031055900621,0.0,0.6981,0.3019,Medium,True
252,4.23219769765008,0.6181969046592712,0.394409937888198,0.0,0.2908,0.7092,Medium,True
252,5.18089192274759,0.6514915227890015,0.509316770186335,0.0,0.0911,0.9089,Medium,True
252,6.12363143373608,0.679157555103302,0.692546583850931,0.0,0.0,1.0,High,False
252,7.15677433165255,0.6908069849014282,0.838509316770186,0.0,0.0,1.0,High,False
252,8.19641328132432,0.7539997696876526,0.909937888198757,0.0,0.0,1.0,High,False
252,8.88878413091047,0.7539997696876526,0.96583850931677,0.0,0.0,1.0,High,False
252,10.020450480449,0.781125009059906,0.981366459627329,0.0,0.0,1.0,High,False
252,11.1526581676339,0.8015998005867004,0.990683229813664,0.0,0.0,1.0,High,False
252,11.9370564170868,0.8076879382133484,0.990683229813664,0.0,0.0,1.0,High,False
252,13.1569608029683,0.8109751343727112,0.993788819875776,0.0,0.0,1.0,High,False
252,14.2897098277994,0.8287385702133179,0.996894409937888,0.0,0.0,1.0,High,False
253,0.0,-0.02978432923555374,0.0,1.0,0.0,0.0,Low,False
253,1.13090849460927,0.2708863615989685,0.436817403154831,1.0,0.0,0.0,Low,False
253,2.13319552439358,0.3282298147678375,0.488285603296206,1.0,0.0,0.0,Low,False
253,3.13554515407982,0.3167566657066345,0.542192843360143,1.0,0.0,0.0,Low,False
253,4.13695578523712,0.3644987940788269,0.559514484585649,0.813,0.187,0.0,Medium,True
253,5.16459577530265,0.38449662923812866,0.598793853364665,0.693,0.307,0.0,Medium,True
253,6.14065344617873,0.3895017206668854,0.628304325952531,0.663,0.337,0.0,Medium,True
253,7.09129555687166,0.3913801312446594,0.667564589980194,0.6517,0.3483,0.0,Medium,True
253,8.016021308166,0.3911019563674927,0.697062326067159,0.6534,0.3466,0.0,Medium,True
253,9.01812053824452,0.4036900997161865,0.741213406440848,0.5779,0.4221,0.0,Medium,True
253,10.0465117271332,0.40620943903923035,0.809761254290608,0.5627,0.4373,0.0,Medium,True
253,10.9969660381203,0.4837266504764557,0.841704398550586,0.0976,0.9024,0.0,Medium,True
254,0.0,0.036813292652368546,0.0,1.0,0.0,0.0,Low,False
254,1.20942483592131,0.32491230964660645,0.123350181924323,1.0,0.0,0.0,Low,False
254,7.14865000303447,0.6486527919769287,0.189900671342656,0.0,0.1081,0.8919,Medium,True
254,14.0855158183126,0.835250735282898,0.327284602468622,0.0,0.0,1.0,High,False
254,20.888395973678,0.9006713628768921,0.683838935562086,0.0,0.0,1.0,High,False
254,28.0165712105842,0.9060459136962891,0.889726983466416,0.0,0.0,1.0,High,False
254,34.9171780199582,0.8938519358634949,0.933501530245099,0.0,0.0,1.0,High,False
255,0.0,0.06389496475458145,0.0,1.0,0.0,0.0,Low,False
255,1.09650393181956,0.30427560210227966,0.203252384957069,1.0,0.0,0.0,Low,False
255,7.2298011114868,0.684210479259491,0.320042309326258,0.0,0.0,1.0,High,False
255,14.1014007161373,0.9046838283538818,0.555596015293781,0.0,0.0,1.0,High,False
255,21.1788133447776,0.9888055920600891,0.763764258445247,0.0,0.0,1.0,High,False
255,28.0580100744748,1.0039321184158325,0.949090089387121,0.0,0.0,1.0,High,False
255,34.9126888097034,0.9848214387893677,0.9631816382148,0.0,0.0,1.0,High,False
256,0.0,0.049703486263751984,0.0,1.0,0.0,0.0,Low,False
256,1.33063351280117,0.3469870686531067,0.321987266742384,0.9181,0.0819,0.0,Medium,True
256,6.95941252460096,0.6256042718887329,0.441031376526993,0.0,0.2464,0.7536,Medium,True
256,13.8931704250873,0.8325948119163513,0.598963074708906,0.0,0.0,1.0,High,False
256,21.171216219731,0.9127281308174133,0.813992133470896,0.0,0.0,1.0,High,False
256,27.9568301818087,0.9408401846885681,0.951367394652956,0.0,0.0,1.0,High,False
256,34.9620701225062,0.9289700388908386,0.970033783881418,0.0,0.0,1.0,High,False
257,0.0,0.10277647525072098,0.0,1.0,0.0,0.0,Low,False
257,0.209620689655172,0.35385867953300476,0.0846711889956663,0.8768,0.1232,0.0,Medium,True
257,0.249241379310344,0.3821873366832733,0.120162050122479,0.7069,0.2931,0.0,Medium,True
257,0.328482758620689,0.3878997266292572,0.180214810627473,0.6726,0.3274,0.0,Medium,True
257,0.420931034482758,0.3893473446369171,0.303099679668362,0.6639,0.3361,0.0,Medium,True
257,1.14070689655172,0.46653658151626587,0.521165441869229,0.2008,0.7992,0.0,Medium,True
257,2.085,0.5690941214561462,0.71448087431694,0.0,0.5854,0.4146,Medium,True
257,3.0425,0.5762314796447754,0.935109289617486,0.0,0.5426,0.4574,Medium,True
258,0.0,-0.03567062318325043,0.0,1.0,0.0,0.0,Low,False
258,1.10940612002262,0.23514878749847412,0.144189518316589,1.0,0.0,0.0,Low,False
258,3.00824217682886,0.3489077091217041,0.196259344904405,0.9066,0.0934,0.0,Medium,True
258,7.13732451972097,0.44852375984191895,0.260087494853809,0.3089,0.6911,0.0,Medium,True
258,14.0554996710285,0.6144026517868042,0.355904748346485,0.0,0.3136,0.6864,Medium,True
258,21.012544584284,0.7422531247138977,0.474780781913113,0.0,0.0,1.0,High,False
258,28.0827722478943,0.8141945600509644,0.616723290791493,0.0,0.0,1.0,High,False
259,0.0,0.10888072848320007,0.0,1.0,0.0,0.0,Low,False
259,1.5333483693149,0.5740494728088379,0.0331766374476358,0.0,0.5557,0.4443,Medium,True
259,4.16899958328155,0.7019880414009094,0.135685721178801,0.0,0.0,1.0,High,False
259,7.38710870502913,0.7060003876686096,0.244240877886871,0.0,0.0,1.0,High,False
259,14.5779542779438,0.8115218281745911,0.355957977234012,0.0,0.0,1.0,High,False
259,21.3952797496764,0.9151535034179688,0.539950140002778,0.0,0.0,1.0,High,False
259,28.8627636475292,0.9595009684562683,0.579388520503278,0.0,0.0,1.0,High,False
259,35.4618133101335,0.9497904181480408,0.636866423459055,0.0,0.0,1.0,High,False
259,42.3555936775768,0.9468130469322205,0.715439784183707,0.0,0.0,1.0,High,False
259,49.5400193737525,0.9668439030647278,0.794024111183407,0.0,0.0,1.0,High,False
259,56.2341999371266,0.9733309149742126,0.842469458923989,0.0,0.0,1.0,High,False
259,63.3164912306353,0.9779948592185974,0.893941498578039,0.0,0.0,1.0,High,False
259,70.296648121477,0.9861977696418762,0.91830125088644,0.0,0.0,1.0,High,False
260,0.0,0.1061687022447586,0.0,1.0,0.0,0.0,Low,False
260,0.430663446238142,0.3190235197544098,0.0767746364363963,1.0,0.0,0.0,Low,False
260,0.756847301704802,0.39681506156921387,0.172738977624665,0.6191,0.3809,0.0,Medium,True
260,1.08473298598259,0.5152508616447449,0.243117045810437,0.0,0.9085,0.0915,Medium,True
260,2.0088260304264,0.6547275185585022,0.349770805455114,0.0,0.0716,0.9284,Medium,True
260,3.00155950358581,0.6476635336875916,0.424444887332453,0.0,0.114,0.886,Medium,True
260,3.99443479581281,0.7338600158691406,0.496986779792918,0.0,0.0,1.0,High,False
260,5.05382323074149,0.7718437910079956,0.569531835739164,0.0,0.0,1.0,High,False
260,6.11392076100814,0.7989150285720825,0.631415944601037,0.0,0.0,1.0,High,False
260,6.97774070172441,0.8259525895118713,0.644250206417447,0.0,0.0,1.0,High,False
260,8.17157361273239,0.8571901917457581,0.69547969516651,0.0,0.0,1.0,High,False
260,8.96703676286827,0.8610769510269165,0.736029255916509,0.0,0.0,1.0,High,False
260,9.76320900834211,0.8557098507881165,0.765917869582135,0.0,0.0,1.0,High,False
260,10.88925240504,0.8523392677307129,0.836333899597288,0.0,0.0,1.0,High,False
260,11.8862404502272,0.8548316359519958,0.847042298968387,0.0,0.0,1.0,High,False
260,12.8829448572793,0.8605625629425049,0.862015077173235,0.0,0.0,1.0,High,False
260,13.7469066170632,0.853402316570282,0.872717149572771,0.0,0.0,1.0,High,False
260,15.1404207752438,0.85640549659729,0.921823939362304,0.0,0.0,1.0,High,False
260,16.1382597348366,0.8701390027999878,0.919739202232155,0.0,0.0,1.0,High,False
260,17.2011936464551,0.8793437480926514,0.938979522756535,0.0,0.0,1.0,High,False
260,17.9992095398077,0.8790356516838074,0.94114967400279,0.0,0.0,1.0,High,False
260,18.7301450141882,0.8790356516838074,0.951845419430762,0.0,0.0,1.0,High,False
260,20.1259282774503,0.8763186931610107,0.966837178550301,0.0,0.0,1.0,High,False
260,21.1234835989079,0.8554787039756775,0.969016820253901,0.0,0.0,1.0,High,False
260,22.1210389203655,0.8561534285545349,0.971196461957501,0.0,0.0,1.0,High,False
260,22.9183457183801,0.8758930563926697,0.98402756028813,0.0,0.0,1.0,High,False
260,23.782307478164,0.8758930563926697,0.994729632687666,0.0,0.0,1.0,High,False
260,24.8465177613909,0.878363847732544,0.994780248460173,0.0,0.0,1.0,High,False
261,0.0,0.05309392511844635,0.0,1.0,0.0,0.0,Low,False
261,0.365284856077213,0.2520568370819092,0.0597139576156173,1.0,0.0,0.0,Low,False
261,0.561562445627588,0.2965392768383026,0.108763804661079,1.0,0.0,0.0,Low,False
261,1.02247441530874,0.38855868577957153,0.179148199818415,0.6686,0.3314,0.0,Medium,True
261,2.01747699354965,0.5112136006355286,0.21970725102576,0.0,0.9327,0.0673,Medium,True
261,2.81407469622627,0.5040568113327026,0.243199296440762,0.0,0.9757,0.0243,Medium,True
261,4.14362845492191,0.5533563494682312,0.253923513240769,0.0,0.6799,0.3201,Medium,True
261,5.14019104290635,0.5817579627037048,0.271028480862492,0.0,0.5095,0.4905,Medium,True
261,6.00372734548744,0.583285391330719,0.288127121512652,0.0,0.5003,0.4997,Medium,True
261,6.93491134331096,0.5861536264419556,0.288171410313596,0.0,0.4831,0.5169,Medium,True
261,7.99614342611837,0.6098700165748596,0.332998003840471,0.0,0.3408,0.6592,Medium,True
261,8.99015327088612,0.6552520990371704,0.388482380965938,0.0,0.0685,0.9315,Medium,True
261,9.9834540203159,0.6561940312385559,0.454627705175779,0.0,0.0628,0.9372,Medium,True
261,11.1085046835407,0.7122132182121277,0.539969061109055,0.0,0.0,1.0,High,False
261,12.0995363278889,0.7163503766059875,0.640229415988889,0.0,0.0,1.0,High,False
261,12.9588180584422,0.7340093851089478,0.721293739145289,0.0,0.0,1.0,High,False
261,14.0221774272635,0.7543150186538696,0.734137491419044,0.0,0.0,1.0,High,False
261,14.817073301129,0.7543150186538696,0.783215809836542,0.0,0.0,1.0,High,False
261,15.9434003359621,0.8175897598266602,0.849367461017946,0.0,0.0,1.0,High,False
261,17.0724219330796,0.8243445158004761,0.875007513278731,0.0,0.0,1.0,High,False
261,17.9362418737959,0.8878151774406433,0.887841775095142,0.0,0.0,1.0,High,False
261,18.8660076809434,0.8878151774406433,0.909207958064832,0.0,0.0,1.0,High,False
261,19.7299694407273,0.893254280090332,0.919910030464368,0.0,0.0,1.0,High,False
261,20.9930100567213,0.9040060043334961,0.930631083778594,0.0,0.0,1.0,High,False
261,21.9897144637733,0.9027266502380371,0.945603861983442,0.0,0.0,1.0,High,False
261,22.9208984615968,0.9532511234283447,0.945648150784386,0.0,0.0,1.0,High,False
261,23.9173192305137,0.9532511234283447,0.964885307822984,0.0,0.0,1.0,High,False
261,25.0473335611043,0.9644436836242676,0.975600034165646,0.0,0.0,1.0,High,False
261,25.9111535018205,0.9655237793922424,0.988434295982056,0.0,0.0,1.0,High,False
261,26.9750801469122,0.9737066626548767,0.992749290588313,0.0,0.0,1.0,High,False
262,0.0,0.0513676255941391,0.0,1.0,0.0,0.0,Low,False
262,0.431088903440924,0.2726105749607086,0.0703780681857724,1.0,0.0,0.0,Low,False
262,0.560853350289617,0.33378589153289795,0.119424751745453,0.9973,0.0027,0.0,Medium,True
262,1.22158838621099,0.426318496465683,0.185554258526384,0.4421,0.5579,0.0,Medium,True
262,2.08384831718373,0.5479763150215149,0.221842603928416,0.0,0.7121,0.2879,Medium,True
262,3.280375790476,0.5455967783927917,0.23256049375686,0.0,0.7264,0.2736,Medium,True
262,4.01301309366765,0.6064065098762512,0.217669966182336,0.0,0.3616,0.6384,Medium,True
262,4.87711667251911,0.6064065098762512,0.226239849164997,0.0,0.3616,0.6384,Medium,True
262,5.80872612754541,0.6448345184326172,0.219887569715317,0.0,0.131,0.869,Medium,True
262,6.938740458136,0.6392037868499756,0.23060229605798,0.0,0.1648,0.8352,Medium,True
262,8.06932206499698,0.6617032885551453,0.232788264733144,0.0,0.0298,0.9702,Medium,True
262,9.06772830086015,0.6746808290481567,0.222174769935496,0.0,0.0,1.0,High,False
262,9.99891229868367,0.6699350476264954,0.22221905873644,0.0,0.0,1.0,High,False
262,11.0638316772485,0.7132935523986816,0.211608727424574,0.0,0.0,1.0,High,False
262,11.9280770751675,0.7197213768959045,0.21804642099036,0.0,0.0,1.0,High,False
262,13.0583750438933,0.7302769422531128,0.224496768499273,0.0,0.0,1.0,High,False
262,14.123010784323,0.7433752417564392,0.218150816021157,0.0,0.0,1.0,High,False
262,14.9876816394448,0.7567859888076782,0.218191941336319,0.0,0.0,1.0,High,False
262,16.1182632463058,0.7975844144821167,0.220377910011483,0.0,0.0,1.0,High,False
262,17.115960386831,0.8036774396896362,0.220425362298209,0.0,0.0,1.0,High,False
262,17.9806312419528,0.8554971814155579,0.220466487613371,0.0,0.0,1.0,High,False
262,18.9780447443428,0.8568376302719116,0.224778318733846,0.0,0.0,1.0,High,False
262,20.1087681702714,0.8542437553405762,0.224832097992135,0.0,0.0,1.0,High,False
262,21.0399521680949,0.8557344079017639,0.224876386793079,0.0,0.0,1.0,High,False
262,22.1045879085246,0.8564091324806213,0.218530434314963,0.0,0.0,1.0,High,False
262,23.1017177727794,0.9134443402290344,0.227106644269187,0.0,0.0,1.0,High,False
262,24.0317672180622,0.9126901626586914,0.244208448405128,0.0,0.0,1.0,High,False
262,25.1612142723824,0.9246369004249573,0.263451932415289,0.0,0.0,1.0,High,False
262,26.0253178512339,0.921912670135498,0.27202181539795,0.0,0.0,1.0,High,False
262,27.1543394483513,0.920249342918396,0.297661867658735,0.0,0.0,1.0,High,False
262,27.9500862366224,0.920249342918396,0.333947049574985,0.0,0.0,1.0,High,False
262,29.0775478239963,0.9214016795158386,0.383041185421392,0.0,0.0,1.0,High,False
262,30.1386380877361,0.9148167371749878,0.429999968365142,0.0,0.0,1.0,High,False
262,30.8670208188999,0.9196517467498779,0.479075123296858,0.0,0.0,1.0,High,False
262,32.189767262351,0.9186877608299255,0.59214443210685,0.0,0.0,1.0,High,False
262,33.118682155093,0.9186877608299255,0.626303751577788,0.0,0.0,1.0,High,False
262,34.1145356477395,0.9186877608299255,0.654069666283885,0.0,0.0,1.0,High,False
262,35.040472340062,0.913041889667511,0.733004963509191,0.0,0.0,1.0,High,False
262,35.9669763086549,0.9117441773414612,0.803411503066999,0.0,0.0,1.0,High,False
262,36.8933384581803,0.9133229851722717,0.875950232041682,0.0,0.0,1.0,High,False
262,37.9535778075145,0.9133229851722717,0.93570215148668,0.0,0.0,1.0,High,False
262,39.0153771665923,0.909017026424408,0.971999987346057,0.0,0.0,1.0,High,False
262,39.8786298310382,0.909017026424408,0.993363006829966,0.0,0.0,1.0,High,False
263,0.0,0.0754905641078949,0.0,1.0,0.0,0.0,Low,False
263,0.984021886840378,0.2973015606403351,0.115869017632241,1.0,0.0,0.0,Low,False
263,2.1472169845268,0.32898232340812683,0.216624685138539,1.0,0.0,0.0,Low,False
263,2.95542984145799,0.34970712661743164,0.277078085642317,0.9018,0.0982,0.0,Medium,True
263,4.01507266685011,0.4370560348033905,0.345088161209067,0.3777,0.6223,0.0,Medium,True
263,5.12484994602375,0.4768878221511841,0.413098236775818,0.1387,0.8613,0.0,Medium,True
263,6.13435831763435,0.5564287900924683,0.481108312342569,0.0,0.6614,0.3386,Medium,True
263,7.09272196939229,0.5414159297943115,0.53904282115869,0.0,0.7515,0.2485,Medium,True
263,8.20199411553034,0.5473555326461792,0.602015113350125,0.0,0.7159,0.2841,Medium,True
263,9.20973452151641,0.5910999178886414,0.652392947103274,0.0,0.4534,0.5466,Medium,True
263,10.0675766991935,0.5903358459472656,0.707808564231738,0.0,0.458,0.542,Medium,True
263,11.0755696716973,0.5723798274993896,0.760705289672543,0.0,0.5657,0.4343,Medium,True
263,12.2349762716169,0.5700207352638245,0.823677581863979,0.0,0.5799,0.4201,Medium,True
263,12.992549541731,0.5700207352638245,0.879093198992443,0.0,0.5799,0.4201,Medium,True
263,14.2519724826958,0.5552324652671814,0.939546599496221,0.0,0.6686,0.3314,Medium,True
263,15.2105887009715,0.552273690700531,0.999999999999999,0.0,0.6864,0.3136,Medium,True
264,0.0,-0.08456771820783615,0.0,1.0,0.0,0.0,Low,False
264,0.185327133551204,0.017236869782209396,0.0779944289693592,1.0,0.0,0.0,Low,False
264,0.780348353913975,0.13896164298057556,0.105849582172701,1.0,0.0,0.0,Low,False
264,0.983432873467414,0.18196195363998413,0.139275766016713,1.0,0.0,0.0,Low,False
264,2.16252736165639,0.37239977717399597,0.139275766016713,0.7656,0.2344,0.0,Medium,True
264,2.952969534797,0.367910236120224,0.161559888579387,0.7925,0.2075,0.0,Medium,True
264,4.13480101112012,0.4319484829902649,0.175487465181058,0.4083,0.5917,0.0,Medium,True
264,6.29592684183975,0.500834584236145,0.172701949860724,0.0,0.995,0.005,Medium,True
264,8.45760007018621,0.5756038427352905,0.172701949860724,0.0,0.5464,0.4536,Medium,True
264,10.6203680937863,0.6669055223464966,0.178272980501392,0.0,0.0,1.0,High,False
264,13.1750728181957,0.7065290808677673,0.178272980501392,0.0,0.0,1.0,High,False
264,17.4984192748886,0.8312627673149109,0.178272980501392,0.0,0.0,1.0,High,False
264,19.2665136095453,0.8353403806686401,0.175487465181058,0.0,0.0,1.0,High,False
264,22.4102181804224,0.8532269597053528,0.172701949860724,0.0,0.0,1.0,High,False
264,24.178312515079,0.8539870381355286,0.169916434540389,0.0,0.0,1.0,High,False
264,26.3399857434255,0.8708674907684326,0.169916434540389,0.0,0.0,1.0,High,False
264,28.3062380189941,0.8855670094490051,0.175487465181058,0.0,0.0,1.0,High,False
264,30.2697533064286,0.9007006883621216,0.167130919220055,0.0,0.0,1.0,High,False
264,32.2371003772509,0.9946869611740112,0.178272980501392,0.0,0.0,1.0,High,False
264,33.8075841686223,1.001143455505371,0.169916434540389,0.0,0.0,1.0,High,False
264,35.9714469874761,1.0629162788391113,0.181058495821726,0.0,0.0,1.0,High,False
264,37.9360570701642,1.1067150831222534,0.178272980501392,0.0,0.0,1.0,High,False
264,39.9012145504792,1.1014686822891235,0.178272980501392,0.0,0.0,1.0,High,False
264,43.0476561094904,1.1014686822891235,0.189415041782729,0.0,0.0,1.0,High,False
264,47.173939420525,1.108236312866211,0.186629526462395,0.0,0.0,1.0,High,False
264,49.1385495032132,1.108236312866211,0.183844011142061,0.0,0.0,1.0,High,False
264,51.1053491764086,1.121395230293274,0.192200557103064,0.0,0.0,1.0,High,False
264,54.8396957866339,1.121395230293274,0.194986072423398,0.0,0.0,1.0,High,False
264,59.1652318338341,1.121395230293274,0.206128133704735,0.0,0.0,1.0,High,False
264,61.3274524598074,1.1274504661560059,0.208913649025069,0.0,0.0,1.0,High,False
264,64.0808625227556,1.1274504661560059,0.220055710306406,0.0,0.0,1.0,High,False
264,66.6383042352992,1.1274504661560059,0.233983286908078,0.0,0.0,1.0,High,False
264,70.3775774241659,1.1349698305130005,0.26183844011142,0.0,0.0,1.0,High,False
264,73.3532309236066,1.1349698305130005,0.403899721448468,0.0,0.0,1.0,High,False
264,76.1225155177329,1.1349698305130005,0.495821727019498,0.0,0.0,1.0,High,False
264,79.2974217533393,1.1349698305130005,0.651810584958217,0.0,0.0,1.0,High,False
264,81.4864648630272,1.1491936445236206,0.79108635097493,0.0,0.0,1.0,High,False
264,85.4463392955058,1.1491936445236206,0.94150417827298,0.0,0.0,1.0,High,False
264,87.6074651262255,1.1491936445236206,0.938718662952646,0.0,0.0,1.0,High,False
264,88.9869071458337,1.1491936445236206,0.958217270194986,0.0,0.0,1.0,High,False
264,90.9597281929243,1.1491936445236206,0.997214484679665,0.0,0.0,1.0,High,False
265,0.0,0.047322820872068405,0.0,1.0,0.0,0.0,Low,False
265,0.381652007132475,0.1749672293663025,0.0569024678963694,1.0,0.0,0.0,Low,False
265,0.634650606110553,0.24168191850185394,0.0759398834229887,1.0,0.0,0.0,Low,False
265,1.14055917257293,0.36662495136260986,0.109804156614771,0.8003,0.1997,0.0,Medium,True
265,2.17271723331884,0.5425951480865479,0.143855732202526,0.0,0.7444,0.2556,Medium,True
265,3.12116284819515,0.5598999857902527,0.201035407644934,0.0,0.6406,0.3594,Medium,True
265,4.09172202076808,0.6493465304374695,0.308749269520655,0.0,0.1039,0.8961,Medium,True
265,5.14869689977074,0.6774686574935913,0.521757046316136,0.0,0.0,1.0,High,False
265,6.0812331615146,0.7051346898078918,0.823141585627163,0.0,0.0,1.0,High,False
265,7.09486724006173,0.7157753705978394,0.97718656817058,0.0,0.0,1.0,High,False
265,8.08426060506166,0.7799769043922424,0.979643975605735,0.0,0.0,1.0,High,False
265,9.09483689707359,0.8123282194137573,0.988424711928915,0.0,0.0,1.0,High,False
266,0.0,-0.01305868849158287,0.0,1.0,0.0,0.0,Low,False
266,1.18792348224513,0.11964192241430283,0.0755555555555554,1.0,0.0,0.0,Low,False
266,3.12083436426116,0.20878691971302032,0.106666666666666,1.0,0.0,0.0,Low,False
266,5.11665063001145,0.2921099066734314,0.155555555555555,1.0,0.0,0.0,Low,False
266,7.0838735395189,0.38717207312583923,0.226666666666666,0.677,0.323,0.0,Medium,True
266,9.08602119129438,0.4957137405872345,0.344444444444444,0.0257,0.9743,0.0,Medium,True
266,12.15429255441,0.6170749664306641,0.728888888888888,0.0,0.2976,0.7024,Medium,True
266,14.0978238258877,0.631953239440918,0.875555555555555,0.0,0.2083,0.7917,Medium,True
266,17.135050973654,0.7040024995803833,0.922222222222222,0.0,0.0,1.0,High,False
267,0.0,0.12111195176839828,0.0,1.0,0.0,0.0,Low,False
267,1.13495493626637,0.4709574580192566,0.268444793616044,0.1743,0.8257,0.0,Medium,True
267,1.27161973447265,0.48201730847358704,0.14792909854878,0.1079,0.8921,0.0,Medium,True
267,3.10667901027506,0.6398041248321533,0.384604180643338,0.0,0.1612,0.8388,Medium,True
267,7.19432466191165,0.685396134853363,0.600000882737191,0.0,0.0,1.0,High,False
267,10.2555239045231,0.7236979603767395,0.699180819886303,0.0,0.0,1.0,High,False
267,12.2226361180749,0.7878183126449585,0.751915539705518,0.0,0.0,1.0,High,False
267,14.1888259595353,0.7756211161613464,0.791965326083118,0.0,0.0,1.0,High,False
267,18.9196724162282,0.9223837852478027,0.852988948130362,0.0,0.0,1.0,High,False
267,21.1033883425726,0.9392839074134827,0.884568871155679,0.0,0.0,1.0,High,False
267,28.1613795858197,0.9456297755241394,0.949679566399491,0.0,0.0,1.0,High,False
267,35.0727136665372,0.9977052211761475,0.997885844426397,0.0,0.0,1.0,High,False
268,0.0,0.06627654284238815,0.0,1.0,0.0,0.0,Low,False
268,1.19967471134494,0.3092495799064636,0.15850429010275,1.0,0.0,0.0,Low,False
268,3.24549601002789,0.44114017486572266,0.293686663606511,0.3532,0.6468,0.0,Medium,True
268,7.19232618904699,0.5436817407608032,0.572516860280357,0.0,0.7379,0.2621,Medium,True
268,10.3253167261043,0.6340046525001526,0.659007450301896,0.0,0.196,0.804,Medium,True
268,12.2206376452102,0.7185372710227966,0.724431517248684,0.0,0.0,1.0,High,False
268,14.1863663006249,0.7211130857467651,0.758138836905476,0.0,0.0,1.0,High,False
268,19.2116031831503,0.8884332776069641,0.867770382401751,0.0,0.0,1.0,High,False
268,21.1033883425726,0.9126473665237427,0.884568871155679,0.0,0.0,1.0,High,False
268,28.1615333145016,0.9242507815361023,0.951793721973094,0.0,0.0,1.0,High,False
268,35.0708689223544,0.9830325245857239,0.972515977543166,0.0,0.0,1.0,High,False
269,0.0,0.06182081997394562,0.0,1.0,0.0,0.0,Low,False
269,1.19875233925355,0.30999717116355896,0.145819356661134,1.0,0.0,0.0,Low,False
269,3.31513510292715,0.439004510641098,0.251399138448501,0.366,0.634,0.0,Medium,True
269,7.11500066205289,0.5473025441169739,0.509096606758236,0.0,0.7162,0.2838,Medium,True
269,10.3239331679672,0.6426698565483093,0.639980050139472,0.0,0.144,0.856,Medium,True
269,12.5098012958582,0.7314329743385315,0.701158151195226,0.0,0.0,1.0,High,False
269,14.1846752851241,0.7340087890625,0.734883125595847,0.0,0.0,1.0,High,False
269,19.0654072066664,0.90744948387146,0.857208431905653,0.0,0.0,1.0,High,False
269,21.175794551746,0.9255430698394775,0.880336146322517,0.0,0.0,1.0,High,False
269,28.0888196479644,0.9335055351257324,0.951798135659051,0.0,0.0,1.0,High,False
269,35.2178335422478,1.001401662826538,0.993648705907277,0.0,0.0,1.0,High,False
270,0.0,0.023829268291592598,0.0,1.0,0.0,0.0,Low,False
270,1.19982844002683,0.2651026248931885,0.160618445676353,1.0,0.0,0.0,Low,False
270,3.24303635111754,0.3909211754798889,0.259860174428869,0.6545,0.3455,0.0,Medium,True
270,7.11530811941668,0.49921929836273193,0.513324917905441,0.0047,0.9953,0.0,Medium,True
270,10.1059458970375,0.6008237600326538,0.642107446770947,0.0,0.3951,0.6049,Medium,True
270,11.9283994209244,0.7052064538002014,0.70542177183009,0.0,0.0,1.0,High,False
270,14.1839066417146,0.7135019898414612,0.724312347727834,0.0,0.0,1.0,High,False
270,19.0638699198474,0.90828537940979,0.836066876169626,0.0,0.0,1.0,High,False
270,21.1741035362451,0.9307504892349243,0.857080435012888,0.0,0.0,1.0,High,False
270,28.1603034850464,0.9460933804512024,0.934880477384273,0.0,0.0,1.0,High,False
270,35.1451198757106,1.0109443664550781,0.993653119593234,0.0,0.0,1.0,High,False
271,0.0,0.10669257491827011,0.0,1.0,0.0,0.0,Low,False
271,14.3748724080608,0.7694175839424133,0.0158505643209192,0.0,0.0,1.0,High,False
271,21.0723555659249,0.8810396194458008,0.0274577852955757,0.0,0.0,1.0,High,False
271,28.3604071276502,0.932771623134613,0.0391087520779258,0.0,0.0,1.0,High,False
271,35.3174487444953,0.9282729029655457,0.209994458864358,0.0,0.0,1.0,High,False
271,42.3386508792907,0.9252955317497253,0.543847881244714,0.0,0.0,1.0,High,False
271,49.273819592289,0.9462458491325378,0.659176412260491,0.0,0.0,1.0,High,False
271,56.9891218758202,0.9527328610420227,0.756044212429642,0.0,0.0,1.0,High,False
271,63.9257487824083,0.9573968052864075,0.875076555163463,0.0,0.0,1.0,High,False
271,71.2196331184928,0.9655997157096863,0.901542768817988,0.0,0.0,1.0,High,False
271,77.7129691737875,0.9887567162513733,0.894616349266528,0.0,0.0,1.0,High,False
271,85.0024789291026,1.0069026947021484,0.909971127766922,0.0,0.0,1.0,High,False
271,91.8924436408177,1.0069026947021484,0.910481495523345,0.0,0.0,1.0,High,False
272,0.0,0.002457789611071348,0.0,1.0,0.0,0.0,Low,False
272,0.311428055605704,0.14939847588539124,0.0180899079256182,1.0,0.0,0.0,Low,False
272,0.465517241379309,0.2167665958404541,0.0439700306914603,1.0,0.0,0.0,Low,False
272,0.665102003971835,0.26072460412979126,0.134609135222964,1.0,0.0,0.0,Low,False
272,1.11437082505867,0.3340102434158325,0.336604080158873,0.9959,0.0041,0.0,Medium,True
272,2.15020761870373,0.4070591926574707,0.427098754287777,0.5576,0.4424,0.0,Medium,True
272,3.09126196064271,0.3905859589576721,0.424345549738219,0.6565,0.3435,0.0,Medium,True
272,7.04748149485466,0.5183145403862,0.576512005777216,0.0,0.8901,0.1099,Medium,True
272,14.1006499368116,0.6453315615653992,0.60120057772161,0.0,0.128,0.872,Medium,True
272,16.0824155984834,0.6914263367652893,0.642309081061563,0.0,0.0,1.0,High,False
272,24.9424083769633,0.7767577767372131,0.881711500270806,0.0,0.0,1.0,High,False
272,28.0198591803574,0.7911367416381836,0.940765481133778,0.0,0.0,1.0,High,False
273,0.0,0.0175959300249815,0.0,1.0,0.0,0.0,Low,False
273,0.963855421686746,0.24383459985256195,0.569224876384149,1.0,0.0,0.0,Low,False
273,1.96787148594377,0.35527536273002625,0.70491793764654,0.8683,0.1317,0.0,Medium,True
273,3.09236947791164,0.5244892239570618,0.756778559324001,0.0,0.8531,0.1469,Medium,True
273,3.89558232931726,0.5506027936935425,0.79423474243796,0.0,0.6964,0.3036,Medium,True
273,5.22088353413654,0.6944628357887268,0.828725305847668,0.0,0.0,1.0,High,False
273,6.10441767068273,0.7467708587646484,0.851719014787473,0.0,0.0,1.0,High,False
273,7.26907630522088,0.7616828680038452,0.871781925389419,0.0,0.0,1.0,High,False
273,8.0722891566265,0.791049599647522,0.88611672122014,0.0,0.0,1.0,High,False
273,9.03614457831325,0.8474005460739136,0.888867609164983,0.0,0.0,1.0,High,False
273,10.0,0.8490157127380371,0.90028901734104,0.0,0.0,1.0,High,False
273,11.0441767068273,0.8822227120399475,0.903028298163753,0.0,0.0,1.0,High,False
273,12.0481927710843,0.8818740248680115,0.91155372936834,0.0,0.0,1.0,High,False
273,13.012048192771,0.8803843259811401,0.911414443902778,0.0,0.0,1.0,High,False
273,14.0562248995983,0.8693304657936096,0.911263551315087,0.0,0.0,1.0,High,False
273,14.9397590361445,0.8831139802932739,0.911135872971655,0.0,0.0,1.0,High,False
273,16.0642570281124,0.8728811144828796,0.910973373261833,0.0,0.0,1.0,High,False
273,16.8273092369477,0.8728811144828796,0.910863105601597,0.0,0.0,1.0,High,False
273,18.0321285140562,0.8504480123519897,0.910688998769645,0.0,0.0,1.0,High,False
273,19.0763052208835,0.8476479053497314,0.913428279592358,0.0,0.0,1.0,High,False
273,20.1204819277108,0.8480189442634583,0.910387213594261,0.0,0.0,1.0,High,False
274,0.0,-0.00862341932952404,0.0,1.0,0.0,0.0,Low,False
274,0.963855421686746,0.27087029814720154,0.566334702973744,1.0,0.0,0.0,Low,False
274,1.96787148594377,0.37514564394950867,0.681796550363303,0.7491,0.2509,0.0,Medium,True
274,2.9718875502008,0.5073952078819275,0.742345102955173,0.0,0.9556,0.0444,Medium,True
274,3.93574297188755,0.5363982319831848,0.779778071824871,0.0,0.7816,0.2184,Medium,True
274,5.02008032128514,0.6768687963485718,0.817193630011375,0.0,0.0,1.0,High,False
274,6.02409638554217,0.7395150661468506,0.840169928267985,0.0,0.0,1.0,High,False
274,7.02811244979919,0.7758636474609375,0.863146226524595,0.0,0.0,1.0,High,False
274,8.03212851405622,0.8141974210739136,0.883232351370801,0.0,0.0,1.0,High,False
274,9.11646586345381,0.8602381944656372,0.894636348863662,0.0,0.0,1.0,High,False
274,10.0401606425702,0.873863697052002,0.89739304036957,0.0,0.0,1.0,High,False
274,11.1244979919678,0.8838101029396057,0.903016691041623,0.0,0.0,1.0,High,False
274,12.008032128514,0.8843206167221069,0.908669359519001,0.0,0.0,1.0,High,False
274,12.9718875502008,0.8834614157676697,0.911420247463843,0.0,0.0,1.0,High,False
274,13.8955823293172,0.8818301558494568,0.908396592148942,0.0,0.0,1.0,High,False
274,15.1405622489959,0.8657516837120056,0.91110685516633,0.0,0.0,1.0,High,False
274,16.0240963855421,0.8742724061012268,0.913869350233303,0.0,0.0,1.0,High,False
274,16.9477911646586,0.8745880126953125,0.907955521507997,0.0,0.0,1.0,High,False
274,18.0321285140562,0.8430089950561523,0.90779882535924,0.0,0.0,1.0,High,False
274,18.9959839357429,0.840208888053894,0.913439886714488,0.0,0.0,1.0,High,False
274,20.1204819277108,0.8332521319389343,0.913277387004666,0.0,0.0,1.0,High,False
275,0.0,0.0008228305960074067,0.0,1.0,0.0,0.0,Low,False
275,0.923694779116465,0.17981748282909393,0.314895419829607,1.0,0.0,0.0,Low,False
275,1.88755020080321,0.26446035504341125,0.404351510086589,1.0,0.0,0.0,Low,False
275,3.01204819277108,0.458533376455307,0.427310397660004,0.2488,0.7512,0.0,Medium,True
275,3.89558232931726,0.47996580600738525,0.470535320472642,0.1202,0.8798,0.0,Medium,True
275,4.97991967871486,0.6177046298980713,0.507950878659145,0.0,0.2938,0.7062,Medium,True
275,6.14457831325301,0.684169590473175,0.52801378926109,0.0,0.0,1.0,High,False
275,7.02811244979919,0.7018150687217712,0.548117324790491,0.0,0.0,1.0,High,False
275,7.8714859437751,0.7154596447944641,0.574007010701766,0.0,0.0,1.0,High,False
275,9.07630522088353,0.7850466966629028,0.588283770921837,0.0,0.0,1.0,High,False
275,10.0803212851405,0.7896532416343689,0.605479722357638,0.0,0.0,1.0,High,False
275,10.9638554216867,0.8041621446609497,0.625583257887039,0.0,0.0,1.0,High,False
275,11.8473895582329,0.800103485584259,0.637016273185226,0.0,0.0,1.0,High,False
275,12.8112449799196,0.799754798412323,0.651327854771688,0.0,0.0,1.0,High,False
275,14.0160642570281,0.7924355268478394,0.671384961812568,0.0,0.0,1.0,High,False
275,15.1807228915662,0.7856853008270264,0.682777352183299,0.0,0.0,1.0,High,False
275,16.1044176706827,0.7904524803161621,0.688424217099612,0.0,0.0,1.0,High,False
275,16.9879518072289,0.7985219359397888,0.696967058987394,0.0,0.0,1.0,High,False
275,18.0722891566265,0.768634557723999,0.708371056480256,0.0,0.0,1.0,High,False
275,19.156626506024,0.7697663307189941,0.711104533741904,0.0,0.0,1.0,High,False
275,20.0803212851405,0.770137369632721,0.713861225247812,0.0,0.0,1.0,High,False
276,0.0,-0.0004901135107502341,0.0,1.0,0.0,0.0,Low,False
276,0.923694779116465,0.19197744131088257,0.378479234858509,1.0,0.0,0.0,Low,False
276,1.84738955823293,0.2783472537994385,0.384126099774821,1.0,0.0,0.0,Low,False
276,2.93172690763052,0.44058775901794434,0.438882698423752,0.3565,0.6435,0.0,Medium,True
276,3.93574297188755,0.47901755571365356,0.482090210553195,0.1259,0.8741,0.0,Medium,True
276,5.02008032128514,0.6181185841560364,0.522395942150103,0.0,0.2913,0.7087,Medium,True
276,5.82329317269076,0.6277575492858887,0.554071778443252,0.0,0.2335,0.7665,Medium,True
276,7.06827309236948,0.7075162529945374,0.585683775564686,0.0,0.0,1.0,High,False
276,7.99196787148594,0.7406179308891296,0.605781507533022,0.0,0.0,1.0,High,False
276,8.95582329317269,0.7443184852600098,0.620093089119483,0.0,0.0,1.0,High,False
276,9.91967871485943,0.7954743504524231,0.640185017526754,0.0,0.0,1.0,High,False
276,11.0441767068273,0.8024455904960632,0.65736355827936,0.0,0.0,1.0,High,False
276,11.9277108433734,0.8024455904960632,0.665906400167142,0.0,0.0,1.0,High,False
276,12.8915662650602,0.8020969033241272,0.694668848805627,0.0,0.0,1.0,High,False
276,14.0160642570281,0.7947776317596436,0.706067042737423,0.0,0.0,1.0,High,False
276,15.1004016064257,0.7884835004806519,0.708800519999071,0.0,0.0,1.0,High,False
276,15.9437751004016,0.7932506799697876,0.723129512268728,0.0,0.0,1.0,High,False
276,17.0281124497992,0.7935662865638733,0.734533509761589,0.0,0.0,1.0,High,False
276,17.9116465863453,0.7678754329681396,0.743076351649372,0.0,0.0,1.0,High,False
276,18.9959839357429,0.7591871619224548,0.751590175731829,0.0,0.0,1.0,High,False
276,20.0401606425702,0.7544279098510742,0.754329456554542,0.0,0.0,1.0,High,False
277,0.0,0.16099531948566437,0.0,1.0,0.0,0.0,Low,False
277,0.342282735632362,0.3098362684249878,0.21818083386826,1.0,0.0,0.0,Low,False
277,1.0710241993488,0.42544806003570557,0.396996156255558,0.4473,0.5527,0.0,Medium,True
277,2.04500738586708,0.5274583101272583,0.568905112876157,0.0,0.8353,0.1647,Medium,True
277,3.02085830736034,0.5533266067504883,0.68745021306873,0.0,0.68,0.32,Medium,True
277,3.99833334622315,0.5831791162490845,0.759591959845631,0.0,0.5009,0.4991,Medium,True
277,4.97662044377073,0.5879763960838318,0.808532029914695,0.0,0.4721,0.5279,Medium,True
277,5.99015088823752,0.6096858382225037,0.850519330863643,0.0,0.3419,0.6581,Medium,True
277,6.93514357970936,0.6076338291168213,0.850728145954014,0.0,0.3542,0.6458,Medium,True
277,7.91481117702106,0.5997289419174194,0.860225365619755,0.0,0.4016,0.5984,Medium,True
277,8.99874710945777,0.6711075305938721,0.890627295999257,0.0,0.0,1.0,High,False
277,10.0484953712655,0.7009642124176025,0.897819815778687,0.0,0.0,1.0,High,False
277,10.9932444451319,0.7711949944496155,0.904989133881408,0.0,0.0,1.0,High,False
277,11.9720999837588,0.7661080956459045,0.937688030254986,0.0,0.0,1.0,High,False
277,13.0225790983828,0.7660313844680786,0.923999040997362,0.0,0.0,1.0,High,False
277,14.0020842839575,0.7869911789894104,0.938136596004671,0.0,0.0,1.0,High,False
277,15.01691402232,0.7997258901596069,0.943001214221081,0.0,0.0,1.0,High,False
277,15.9265821610041,0.8235105872154236,0.95248296610235,0.0,0.0,1.0,High,False
277,17.0811671990162,0.8550136089324951,0.964339022900054,0.0,0.0,1.0,High,False
277,17.9209170849413,0.8390970826148987,0.971485139326068,0.0,0.0,1.0,High,False
277,18.9699344939327,0.8875758647918701,0.999559168142551,0.0,0.0,1.0,High,False
277,19.9148459795361,0.8907524347305298,1.0020881509037,0.0,0.0,1.0,High,False
277,20.92959451203,0.9204463958740234,1.00927293679089,0.0,0.0,1.0,High,False
278,0.0,0.1281418353319168,0.0,1.0,0.0,0.0,Low,False
278,0.309069535425093,0.24663519859313965,0.167129411218784,1.0,0.0,0.0,Low,False
278,1.03911029303717,0.37965983152389526,0.308822050873543,0.722,0.278,0.0,Medium,True
278,1.97760651503082,0.4405612647533417,0.494644279626607,0.3566,0.6434,0.0,Medium,True
278,2.95418828934037,0.4924740195274353,0.592307870782128,0.0452,0.9548,0.0,Medium,True
278,3.96698788099086,0.5082995295524597,0.65517668076813,0.0,0.9502,0.0498,Medium,True
278,5.01616770171924,0.5517940521240234,0.678610374243045,0.0,0.6892,0.3108,Medium,True
278,6.03026658726537,0.5796709656715393,0.704356501496508,0.0,0.522,0.478,Medium,True
278,6.97477204352634,0.5632309317588806,0.71848632261158,0.0,0.6206,0.3794,Medium,True
278,8.02443909946558,0.6133224964141846,0.727999010061793,0.0,0.3201,0.6799,Medium,True
278,8.96805129117331,0.6760815382003784,0.767650675555486,0.0,0.0,1.0,High,False
278,9.9826374119303,0.7181703448295593,0.779475796784247,0.0,0.0,1.0,High,False
278,10.9969799150818,0.7988750338554382,0.798261421025359,0.0,0.0,1.0,High,False
278,11.940835724395,0.7975384593009949,0.830952583506701,0.0,0.0,1.0,High,False
278,12.9559090803628,0.8081386685371399,0.82885669871076,0.0,0.0,1.0,High,False
278,14.0050076952227,0.8408610224723816,0.854610559856458,0.0,0.0,1.0,High,False
278,15.0195126101112,0.8711415529251099,0.868755848756003,0.0,0.0,1.0,High,False
278,15.9639368605037,0.9006100296974182,0.885205837541859,0.0,0.0,1.0,High,False
278,17.1174662222256,0.959780752658844,0.927224074059752,0.0,0.0,1.0,High,False
278,17.9559980201235,0.9950006604194641,0.96917270554752,0.0,0.0,1.0,High,False
278,18.8999350353052,1.0026441812515259,0.999543700358079,0.0,0.0,1.0,High,False
278,19.9495208853759,1.0064717531204224,1.01137655547907,0.0,0.0,1.0,High,False
278,20.9642694178699,1.0300289392471313,1.01856134136626,0.0,0.0,1.0,High,False
279,0.0,0.11156990379095078,0.0,1.0,0.0,0.0,Low,False
279,1.07581534558897,0.39267024397850037,0.260106263679321,0.644,0.356,0.0,Medium,True
279,3.06211088854688,0.48865368962287903,0.508805036310623,0.0681,0.9319,0.0,Medium,True
279,4.04064160369989,0.5242618918418884,0.550784603367336,0.0,0.8544,0.1456,Medium,True
279,5.01949714232681,0.5532793998718262,0.583483499740914,0.0,0.6803,0.3197,Medium,True
279,5.96327174577149,0.563580334186554,0.61849482989304,0.0,0.6185,0.3815,Medium,True
279,7.01285759584226,0.5511572957038879,0.630327685014036,0.0,0.6931,0.3069,Medium,True
279,7.95720064036627,0.5618879199028015,0.649097841470676,0.0,0.6287,0.3713,Medium,True
279,9.00605563762074,0.6353964805603027,0.681812205628726,0.0,0.1876,0.8124,Medium,True
279,9.98564202906396,0.6747828722000122,0.693629592965251,0.0,0.0,1.0,High,False
279,10.9971423268188,0.7082671523094177,0.793621085683792,0.0,0.0,1.0,High,False
279,11.9410793420004,0.7139557600021362,0.82399208049435,0.0,0.0,1.0,High,False
279,12.9209093510491,0.7140759825706482,0.828848964818524,0.0,0.0,1.0,High,False
279,14.0049264893543,0.7361642718315125,0.856930727527242,0.0,0.0,1.0,High,False
279,15.0194314042428,0.7457602024078369,0.871076016426787,0.0,0.0,1.0,High,False
279,15.9639368605037,0.7567870020866394,0.885205837541859,0.0,0.0,1.0,High,False
279,17.1175474280941,0.7806093096733093,0.924903906388968,0.0,0.0,1.0,High,False
279,17.9559980201235,0.7527497410774231,0.96917270554752,0.0,0.0,1.0,High,False
279,18.9700969056697,0.7536437511444092,0.994918832800983,0.0,0.0,1.0,High,False
279,19.8796838384854,0.7568203210830688,1.00672075235303,0.0,0.0,1.0,High,False
279,20.8945947827163,0.7847439646720886,1.00926520289866,0.0,0.0,1.0,High,False
280,0.0,0.08346931636333466,0.0,1.0,0.0,0.0,Low,False
280,0.41496198791966,0.2589416801929474,0.141630768516871,1.0,0.0,0.0,Low,False
280,0.934679546175203,0.363341748714447,0.292557675501349,0.8199,0.1801,0.0,Medium,True
280,2.01439277345109,0.44331663846969604,0.443608324761602,0.3401,0.6599,0.0,Medium,True
280,2.95719290647404,0.4819374680519104,0.506461666963132,0.1084,0.8916,0.0,Medium,True
280,4.00547946264916,0.5091660022735596,0.555417204816667,0.0,0.945,0.055,Medium,True
280,4.94957888956775,0.5139632821083069,0.581147864285659,0.0,0.9162,0.0838,Medium,True
280,5.99810906334831,0.5476919412612915,0.623142899126843,0.0,0.7138,0.2862,Medium,True
280,7.01285759584226,0.5352689027786255,0.630327685014036,0.0,0.7884,0.2116,Medium,True
280,7.9222009110525,0.5417070984840393,0.649090107578441,0.0,0.7498,0.2502,Medium,True
280,9.00540599067292,0.6149709224700928,0.700373546994996,0.0,0.3102,0.6898,Medium,True
280,9.98482997037919,0.6498262882232666,0.716831269673088,0.0,0.101,0.899,Medium,True
280,10.9636043031376,0.6857305765151978,0.751850333717449,0.0,0.0,1.0,High,False
280,11.9780280121576,0.6859135627746582,0.768315790287778,0.0,0.0,1.0,High,False
280,12.9924517211777,0.682905375957489,0.784781246858106,0.0,0.0,1.0,High,False
280,14.0065506067238,0.7038651704788208,0.810527374111569,0.0,0.0,1.0,High,False
280,15.0212179333493,0.7136385440826416,0.820032327669546,0.0,0.0,1.0,High,False
280,15.9652361543994,0.7205281257629395,0.84808315480932,0.0,0.0,1.0,High,False
280,17.1190903395952,0.7354943156242371,0.880820720644078,0.0,0.0,1.0,High,False
280,17.9582717844409,0.7060412168502808,0.904208010765577,0.0,0.0,1.0,High,False
280,19.0063959288791,0.7110711932182312,0.957803883960681,0.0,0.0,1.0,High,False
280,19.9147647736676,0.7101117968559265,1.00440831857448,0.0,0.0,1.0,High,False
280,20.9645942413438,0.7520039677619934,1.00928067068313,0.0,0.0,1.0,High,False
281,0.0,0.057432111352682114,0.0,1.0,0.0,0.0,Low,False
281,0.172643676383013,0.17586085200309753,0.0650110981353584,1.0,0.0,0.0,Low,False
281,0.173618146804741,0.17586085200309753,0.0371690860859541,1.0,0.0,0.0,Low,False
281,0.451098599392115,0.20661920309066772,0.109156155018135,1.0,0.0,0.0,Low,False
281,0.971384598727001,0.2967398166656494,0.243841888307128,1.0,0.0,0.0,Low,False
281,1.94723552022026,0.32307565212249756,0.362386988499702,1.0,0.0,0.0,Low,False
281,2.9249541766885,0.3905189633369446,0.427568232264251,0.6569,0.3431,0.0,Medium,True
281,3.97372796807449,0.42799967527389526,0.462602764093085,0.432,0.568,0.0,Medium,True
281,5.02266417119743,0.4538590908050537,0.492996960580351,0.2768,0.7232,0.0,Medium,True
281,6.00062644527111,0.4641599655151367,0.551217701332549,0.215,0.785,0.0,Medium,True
281,7.01586221297592,0.45173680782318115,0.54448148119504,0.2896,0.7104,0.0,Medium,True
281,7.99520498681371,0.4784221351146698,0.563259371543916,0.1295,0.8705,0.0,Medium,True
281,8.97268002567652,0.5397242307662964,0.635401118320817,0.0,0.7617,0.2383,Medium,True
281,9.95194159364583,0.5745795965194702,0.656499176340476,0.0,0.5525,0.4475,Medium,True
281,11.0355527026086,0.6194053888320923,0.696181777403113,0.0,0.2836,0.7164,Medium,True
281,12.0144082412355,0.6204655766487122,0.728880673776691,0.0,0.2772,0.7228,Medium,True
281,12.9937510150733,0.617457389831543,0.747658564125567,0.0,0.2953,0.7047,Medium,True
281,14.0773621240361,0.6444311738014221,0.787341165188204,0.0,0.1334,0.8666,Medium,True
281,15.0569485154793,0.6543364524841309,0.799158552524729,0.0,0.074,0.926,Medium,True
281,16.000723118924,0.6760787963867188,0.834169882676854,0.0,0.0,1.0,High,False
281,17.0844966396238,0.6826395392417908,0.869212148397924,0.0,0.0,1.0,High,False
281,17.8884347375503,0.6660154461860657,0.899552207639538,0.0,0.0039,0.9961,Medium,True
281,18.9369649113309,0.6607552766799927,0.941547242480723,0.0,0.0355,0.9645,Medium,True
281,19.8806583089071,0.6659836769104004,0.978878740303632,0.0,0.0041,0.9959,Medium,True
281,20.8947571944532,0.6939073204994202,1.00462486755709,0.0,0.0,1.0,High,False
282,0.0,0.12612298130989075,0.0,1.0,0.0,0.0,Low,False
282,0.449149658548657,0.30159538984298706,0.164840179116944,1.0,0.0,0.0,Low,False
282,1.00321729917015,0.412890762090683,0.334336161359927,0.5227,0.4773,0.0,Medium,True
282,2.08219967362974,0.47897055745124817,0.506268319657233,0.1262,0.8738,0.0,Medium,True
282,2.98886319518023,0.5146374106407166,0.601596275357499,0.0,0.9122,0.0878,Medium,True
282,4.03698733961841,0.5418655276298523,0.655192148552602,0.0,0.7488,0.2512,Medium,True
282,4.98100556066852,0.5474552512168884,0.683242975692376,0.0,0.7153,0.2847,Medium,True
282,6.06486028723675,0.5811839699745178,0.715965073742662,0.0,0.5129,0.4871,Medium,True
282,7.04412185520606,0.5722545981407166,0.737063131762322,0.0,0.5665,0.4335,Medium,True
282,8.02378945251777,0.5916979908943176,0.746560351428063,0.0,0.4498,0.5502,Medium,True
282,8.93232070904324,0.5937852263450623,0.788524450700304,0.0,0.4373,0.5627,Medium,True
282,10.0169874942962,0.691205620765686,0.798044872042752,0.0,0.0,1.0,High,False
282,10.9962490622655,0.7258707880973816,0.819142930062412,0.0,0.0,1.0,High,False
282,12.0106727712856,0.7315593957901001,0.83560838663274,0.0,0.0,1.0,High,False
282,12.9900155451233,0.7285512089729309,0.854386276981616,0.0,0.0,1.0,High,False
282,14.0045204600119,0.7528190612792969,0.868531565881161,0.0,0.0,1.0,High,False
282,15.0189441690319,0.7625924348831177,0.884997022451489,0.0,0.0,1.0,High,False
282,15.9632060076874,0.7694820165634155,0.906087346578912,0.0,0.0,1.0,High,False
282,17.1173038104887,0.7908956408500671,0.931864409401319,0.0,0.0,1.0,High,False
282,17.9559168142551,0.7630360722541809,0.971492873218304,0.0,0.0,1.0,High,False
282,19.0047718115095,0.7680660486221313,1.00420723737635,0.0,0.0,1.0,High,False
282,19.9841145853473,0.7677577137947083,1.02298512772523,0.0,0.0,1.0,High,False
282,20.963782182659,0.8089988231658936,1.03248234739097,0.0,0.0,1.0,High,False
283,0.0,0.026686033234000206,0.0,1.0,0.0,0.0,Low,False
283,0.237164851890878,0.1193719431757927,0.0341880341880342,1.0,0.0,0.0,Low,False
283,1.13178345626975,0.20019756257534027,0.0923076923076924,1.0,0.0,0.0,Low,False
283,2.08787027280178,0.2450791448354721,0.129914529914529,1.0,0.0,0.0,Low,False
283,3.04370097178316,0.3002258539199829,0.17094017094017,1.0,0.0,0.0,Low,False
283,4.06035958904109,0.3847469985485077,0.199999999999999,0.6915,0.3085,0.0,Medium,True
283,4.95728325137571,0.3847469985485077,0.227350427350427,0.6915,0.3085,0.0,Medium,True
283,5.97381380985832,0.5455554127693176,0.258119658119658,0.0,0.7267,0.2733,Medium,True
283,6.99021630956562,0.5874713063240051,0.29059829059829,0.0,0.4752,0.5248,Medium,True
283,8.12776241072473,0.6237976551055908,0.305982905982906,0.0,0.2572,0.7428,Medium,True
283,10.1631285856457,0.6955769658088684,0.336752136752136,0.0,0.0,1.0,High,False
283,12.138435194942,0.7543732523918152,0.369230769230769,0.0,0.0,1.0,High,False
283,15.0142511122819,0.7875086665153503,0.381196581196581,0.0,0.0,1.0,High,False
283,18.0072408090387,0.8036372661590576,0.429059829059829,0.0,0.0,1.0,High,False
283,19.979730125278,0.8034154176712036,0.499145299145299,0.0,0.0,1.0,High,False
283,25.0080859969558,0.8697218298912048,0.577777777777777,0.0,0.0,1.0,High,False
283,32.0714238672286,0.9070779085159302,0.692307692307692,0.0,0.0,1.0,High,False
284,0.0,0.009081852622330189,0.0,1.0,0.0,0.0,Low,False
284,0.905117328765261,0.1739938110113144,0.113821138211382,1.0,0.0,0.0,Low,False
284,3.09126628055578,0.305836945772171,0.165040650406503,1.0,0.0,0.0,Low,False
284,6.09824074829377,0.5510932803153992,0.327235772357723,0.0,0.6934,0.3066,Medium,True
284,8.20927481850069,0.6634262204170227,0.414024390243902,0.0,0.0194,0.9806,Medium,True
284,13.1641379122821,0.7571491003036499,0.505081300813008,0.0,0.0,1.0,High,False
284,20.255866438263,0.7560213208198547,0.616056910569105,0.0,0.0,1.0,High,False
285,0.0,0.02550637349486351,0.0,1.0,0.0,0.0,Low,False
285,1.00663527107773,0.23965561389923096,0.0172928202201299,1.0,0.0,0.0,Low,False
285,3.95233857464747,0.32157883048057556,0.205585204941424,1.0,0.0,0.0,Low,False
285,5.00685166801464,0.35573384165763855,0.344395725078511,0.8656,0.1344,0.0,Medium,True
285,7.01551295541411,0.40968623757362366,0.51168949203524,0.5419,0.4581,0.0,Medium,True
285,8.03477498776005,0.43064966797828674,0.665436810741944,0.4161,0.5839,0.0,Medium,True
285,10.9815169966269,0.6173874139785767,0.82382313878347,0.0,0.2957,0.7043,Medium,True
286,0.0,-0.0263074841350317,0.0,1.0,0.0,0.0,Low,False
286,1.00644051383452,0.1980958878993988,0.0229002058475862,1.0,0.0,0.0,Low,False
286,2.02979244828789,0.29598578810691833,0.0588924263777047,1.0,0.0,0.0,Low,False
286,4.00255348385543,0.36101216077804565,0.259814277328904,0.8339,0.1661,0.0,Medium,True
286,5.0056182054743,0.4067465662956238,0.379909167385735,0.5595,0.4405,0.0,Medium,True
286,6.96042911512587,0.44685614109039307,0.597645060334171,0.3189,0.6811,0.0,Medium,True
286,7.996927163496,0.48563307523727417,0.755138751010979,0.0862,0.9138,0.0,Medium,True
286,10.995896573084,0.5983996987342834,0.909811166622936,0.0,0.4096,0.5904,Medium,True
287,0.0,0.040953464806079865,0.0,1.0,0.0,0.0,Low,False
287,1.0413669794504,0.31123116612434387,0.0173090499903976,1.0,0.0,0.0,Low,False
287,1.99486598267201,0.36649155616760254,0.0644835822348935,0.8011,0.1989,0.0,Medium,True
287,4.00352727007149,0.47959306836128235,0.231777349191622,0.1224,0.8776,0.0,Medium,True
287,5.02214011160672,0.5411468744277954,0.40421595332318,0.0,0.7531,0.2469,Medium,True
287,6.97766513115007,0.6005843281745911,0.601391432304275,0.0,0.3965,0.6035,Medium,True
287,7.99575862003673,0.6112168431282043,0.788783064775718,0.0,0.3327,0.6673,Medium,True
287,11.0104709067843,0.7212944030761719,0.990191808834946,0.0,0.0,1.0,High,False
288,0.0,-0.008198842406272888,0.0,1.0,0.0,0.0,Low,False
288,0.976809328016108,0.08599454164505005,0.0288266296185888,1.0,0.0,0.0,Low,False
288,1.95402363502393,0.10594492405653,0.0785659243926724,1.0,0.0,0.0,Low,False
288,3.92620382817641,0.1777770221233368,0.178050138649057,1.0,0.0,0.0,Low,False
288,4.99366095383801,0.2387767732143402,0.311468217586213,1.0,0.0,0.0,Low,False
288,7.03792740751573,0.3011402189731598,0.471811774764184,1.0,0.0,0.0,Low,False
288,8.03640311158858,0.3147639334201813,0.719276437534803,1.0,0.0,0.0,Low,False
288,10.9869113039761,0.5300925374031067,0.931237942031757,0.0,0.8194,0.1806,Medium,True
289,0.0,-0.010441619902849197,0.0,1.0,0.0,0.0,Low,False
289,0.994459662405012,0.089802086353302,0.0231288001934901,1.0,0.0,0.0,Low,False
289,1.98966178629483,0.10104305297136307,0.086181779320198,1.0,0.0,0.0,Low,False
289,3.9801335305731,0.1920057088136673,0.216090040329158,1.0,0.0,0.0,Low,False
289,5.01235748395552,0.23573386669158936,0.364706080872055,1.0,0.0,0.0,Low,False
289,7.00414540995685,0.2972974479198456,0.568759245614134,1.0,0.0,0.0,Low,False
289,8.01892151844623,0.31252115964889526,0.734480023848763,1.0,0.0,0.0,Low,False
289,10.9876200172116,0.5278496742248535,0.971162120964975,0.0,0.8329,0.1671,Medium,True
290,0.0,0.024829845875501633,0.0,1.0,0.0,0.0,Low,False
290,0.213143872113677,0.13344204425811768,0.0289017341040462,1.0,0.0,0.0,Low,False
290,0.373001776198934,0.1574888527393341,0.0520231213872834,1.0,0.0,0.0,Low,False
290,1.1190053285968,0.2978014349937439,0.0982658959537574,1.0,0.0,0.0,Low,False
290,2.07815275310834,0.4207971394062042,0.106936416184971,0.4752,0.5248,0.0,Medium,True
290,3.09058614564831,0.43798592686653137,0.153179190751445,0.3721,0.6279,0.0,Medium,True
290,7.03374777975133,0.6409430503845215,0.196531791907514,0.0,0.1543,0.8457,Medium,True
290,8.09946714031971,0.6500824689865112,0.236994219653179,0.0,0.0995,0.9005,Medium,True
290,9.05861456483126,0.6932263970375061,0.274566473988439,0.0,0.0,1.0,High,False
290,10.0177619893428,0.6926893591880798,0.30635838150289,0.0,0.0,1.0,High,False
290,11.0301953818827,0.7423787713050842,0.320809248554913,0.0,0.0,1.0,High,False
290,14.0142095914742,0.760033130645752,0.349710982658959,0.0,0.0,1.0,High,False
290,15.0799289520426,0.7713348865509033,0.393063583815028,0.0,0.0,1.0,High,False
290,16.0923623445825,0.8037387132644653,0.41907514450867,0.0,0.0,1.0,High,False
290,17.1047957371225,0.8067529201507568,0.450867052023121,0.0,0.0,1.0,High,False
290,17.9573712255772,0.8414556384086609,0.473988439306358,0.0,0.0,1.0,High,False
290,21.0479573712255,0.8503236174583435,0.534682080924855,0.0,0.0,1.0,High,False
290,21.9538188277087,0.851655900478363,0.572254335260115,0.0,0.0,1.0,High,False
290,23.0728241563055,0.9025189280509949,0.606936416184971,0.0,0.0,1.0,High,False
290,24.031971580817,0.9017647504806519,0.661849710982659,0.0,0.0,1.0,High,False
290,25.0976909413854,0.912534236907959,0.713872832369942,0.0,0.0,1.0,High,False
290,28.0284191829484,0.9171323180198669,0.817919075144508,0.0,0.0,1.0,High,False
290,29.0941385435168,0.9208139777183533,0.875722543352601,0.0,0.0,1.0,High,False
290,30.0532859680284,0.9216733574867249,0.953757225433526,0.0,0.0,1.0,High,False
290,31.0657193605683,0.9239568710327148,1.0,0.0,0.0,1.0,High,False
291,0.0,0.03747432306408882,0.0,1.0,0.0,0.0,Low,False
291,0.312617561958147,0.14978140592575073,0.0756499544405782,1.0,0.0,0.0,Low,False
291,0.50642894062355,0.1924331933259964,0.104328411494828,1.0,0.0,0.0,Low,False
291,1.01784543899566,0.23913531005382538,0.143381628096575,1.0,0.0,0.0,Low,False
291,2.06267484427203,0.34474977850914,0.255425834057133,0.9315,0.0685,0.0,Medium,True
291,3.08704247416967,0.37759003043174744,0.31264420489484,0.7345,0.2655,0.0,Medium,True
291,3.98742453388182,0.47252145409584045,0.390777281035024,0.1649,0.8351,0.0,Medium,True
291,5.10783462196337,0.5602736473083496,0.474084415480612,0.0,0.6384,0.3616,Medium,True
291,6.00668204852211,0.6438676714897156,0.573105553986582,0.0,0.1368,0.8632,Medium,True
291,7.02606212067118,0.7163428068161011,0.698210127513095,0.0,0.0,1.0,High,False
291,9.00305328054479,0.8464623093605042,0.789163784789014,0.0,0.0,1.0,High,False
291,11.024420915771,0.8609868884086609,0.942770971987616,0.0,0.0,1.0,High,False
292,0.0,0.025846512988209724,0.0,1.0,0.0,0.0,Low,False
292,0.314727682544079,0.1525389701128006,0.0469288686876221,1.0,0.0,0.0,Low,False
292,0.58296876914961,0.18283981084823608,0.0625363010012416,1.0,0.0,0.0,Low,False
292,1.0421437972579,0.22069531679153442,0.14598730730496,1.0,0.0,0.0,Low,False
292,1.99208171921541,0.2386695146560669,0.216276702883298,1.0,0.0,0.0,Low,False
292,3.01395557023877,0.32028836011886597,0.307438175065408,1.0,0.0,0.0,Low,False
292,3.98608172987259,0.4207350015640259,0.409054335605087,0.4756,0.5244,0.0,Medium,True
292,4.96108532666904,0.4207350015640259,0.471505379208917,0.4756,0.5244,0.0,Medium,True
292,6.03213138164941,0.571012020111084,0.560045186420628,0.0,0.5739,0.4261,Medium,True
292,7.00560034529246,0.615723729133606,0.643384292390244,0.0,0.3057,0.6943,Medium,True
292,8.95599119717372,0.6844069957733154,0.763064364006458,0.0,0.0,1.0,High,False
292,10.9343251610565,0.7429776191711426,0.835740966712314,0.0,0.0,1.0,High,False
293,0.0,0.04437008127570152,0.0,1.0,0.0,0.0,Low,False
293,0.315686828264957,0.1810430884361267,0.0338738297090057,1.0,0.0,0.0,Low,False
293,0.531686444606669,0.20712803304195404,0.0938790517245973,1.0,0.0,0.0,Low,False
293,0.990669643570793,0.22544124722480774,0.179941065824039,1.0,0.0,0.0,Low,False
293,2.06670325629972,0.3207075595855713,0.200594670346944,1.0,0.0,0.0,Low,False
293,3.03710295363596,0.34380263090133667,0.325709901048133,0.9372,0.0628,0.0,Medium,True
293,4.08039772575892,0.43694019317626953,0.458642169374477,0.3784,0.6216,0.0,Medium,True
293,4.98538368493128,0.5097203850746155,0.474111058417303,0.0,0.9417,0.0583,Medium,True
293,6.05719705648835,0.5842609405517578,0.55220683444612,0.0,0.4944,0.5056,Medium,True
293,7.01020424475267,0.6344149112701416,0.580720105292885,0.0,0.1935,0.8065,Medium,True
293,8.99371759552825,0.7680352926254272,0.582899497514214,0.0,0.0,1.0,High,False
293,11.0680940175949,0.7757564783096313,0.68166486382795,0.0,0.0,1.0,High,False
294,0.0,0.03462774679064751,0.0,1.0,0.0,0.0,Low,False
294,0.317029632274186,0.17130081355571747,0.0155967751389427,1.0,0.0,0.0,Low,False
294,0.531302786318318,0.20178759098052979,0.0991010673160437,1.0,0.0,0.0,Low,False
294,1.04233562640208,0.24926210939884186,0.143376299509237,1.0,0.0,0.0,Low,False
294,2.04029477745155,0.36039385199546814,0.226710076891515,0.8376,0.1624,0.0,Medium,True
294,3.03940490336606,0.3889296054840088,0.294377807499453,0.6664,0.3336,0.0,Medium,True
294,4.06319704583118,0.4711027145385742,0.35942920172433,0.1734,0.8266,0.0,Medium,True
294,5.03992710492521,0.5415288805961609,0.398381175166651,0.0,0.7508,0.2492,Medium,True
294,6.01742448059595,0.6297310590744019,0.426889117426079,0.0,0.2216,0.7784,Medium,True
294,6.99223624824822,0.6782850623130798,0.491951168825632,0.0,0.0,1.0,High,False
294,9.02127704924147,0.8155777454376221,0.541118044195303,0.0,0.0,1.0,High,False
294,11.0231420548098,0.8137337565422058,0.626844357292438,0.0,0.0,1.0,High,False
295,0.0,0.013197454623878002,0.0,1.0,0.0,0.0,Low,False
295,0.26736372029113,0.14487361907958984,0.102303712132597,1.0,0.0,0.0,Low,False
295,0.536402086866909,0.17957629263401031,0.138990274169654,1.0,0.0,0.0,Low,False
295,1.02572084934624,0.21399910748004913,0.199250703136741,1.0,0.0,0.0,Low,False
295,2.05459776284432,0.2978232800960541,0.272516478090044,1.0,0.0,0.0,Low,False
295,3.00940378298301,0.3214048147201538,0.36417115743822,1.0,0.0,0.0,Low,False
295,4.03866715331601,0.39847081899642944,0.421688816368593,0.6092,0.3908,0.0,Medium,True
295,5.01833522983446,0.4736602008342743,0.500214698241621,0.158,0.842,0.0,Medium,True
295,5.99819653477038,0.5663409233093262,0.570866522103183,0.0,0.602,0.398,Medium,True
295,7.00143847821886,0.6028305292129517,0.688757326577495,0.0,0.383,0.617,Medium,True
295,8.98415526976834,0.6862568855285645,0.893048070936298,0.0,0.0,1.0,High,False
295,11.0194946003392,0.7468879818916321,0.952970350172831,0.0,0.0,1.0,High,False
296,0.0,0.009516807273030281,0.0,1.0,0.0,0.0,Low,False
296,0.292998690340726,0.1648508459329605,0.0576786826115893,1.0,0.0,0.0,Low,False
296,0.562294694806449,0.23402869701385498,0.0838665006333596,1.0,0.0,0.0,Low,False
296,1.00272666766859,0.3460869789123535,0.136263606501062,0.9235,0.0765,0.0,Medium,True
296,2.0062906584795,0.5138946175575256,0.241030980956265,0.0,0.9166,0.0834,Medium,True
296,3.03471670567017,0.5399643778800964,0.33266955793632,0.0,0.7602,0.2398,Medium,True
296,4.03963329540331,0.6294273734092712,0.382318526311269,0.0,0.2234,0.7766,Medium,True
296,5.04461429460892,0.6872960925102234,0.429342808682396,0.0,0.0,1.0,High,False
296,6.02492646585224,0.7337600588798523,0.481621830517207,0.0,0.0,1.0,High,False
296,7.00543186551302,0.7555781006813049,0.526026794340554,0.0,0.0,1.0,High,False
296,9.01494299761685,0.843787670135498,0.63844816110956,0.0,0.0,1.0,High,False
296,11.001202310153,0.8485888242721558,0.698381175258174,0.0,0.0,1.0,High,False
297,0.0,0.02156352996826172,0.0,1.0,0.0,0.0,Low,False
297,0.292676642978293,0.17689760029315948,0.0708021126306974,1.0,0.0,0.0,Low,False
297,0.512763810464392,0.2342415153980255,0.102250037572192,1.0,0.0,0.0,Low,False
297,1.00208257294372,0.3176809251308441,0.162510466539279,1.0,0.0,0.0,Low,False
297,2.00635506795199,0.47550123929977417,0.238406294952444,0.147,0.853,0.0,Medium,True
297,3.01101401979517,0.5015707015991211,0.298554007342679,0.0,0.9906,0.0094,Medium,True
297,4.04001975223822,0.5976330041885376,0.366570410288339,0.0,0.4142,0.5858,Medium,True
297,4.99546986710178,0.6579625010490417,0.431978229598299,0.0,0.0522,0.9478,Medium,True
297,6.02518410374219,0.7026628851890564,0.471123086501921,0.0,0.0,1.0,High,False
297,6.9817935891105,0.7302480340003967,0.489286557743091,0.0,0.0,1.0,High,False
297,9.01687528179144,0.8143219947814941,0.559707580994911,0.0,0.0,1.0,High,False
297,11.0278678317624,0.8133571743965149,0.61176116967602,0.0,0.0,1.0,High,False
298,0.0,0.03225681185722351,0.0,1.0,0.0,0.0,Low,False
298,0.138124302520588,0.13511964678764343,0.0818521312477011,1.0,0.0,0.0,Low,False
298,0.139302614106072,0.13511964678764343,0.108167756656837,1.0,0.0,0.0,Low,False
298,0.275070293455694,0.14076294004917145,0.140312595465059,1.0,0.0,0.0,Low,False
298,0.41057612578632,0.1774250864982605,0.166609517515695,1.0,0.0,0.0,Low,False
298,1.08587958777797,0.2647688388824463,0.248386835329397,1.0,0.0,0.0,Low,False
298,2.02905255020293,0.3284994661808014,0.312582996153342,1.0,0.0,0.0,Low,False
298,2.97196366560888,0.34851688146591187,0.370931240219702,0.9089,0.0911,0.0,Medium,True
298,4.09266890691338,0.3811187148094177,0.400014962686799,0.7133,0.2867,0.0,Medium,True
298,5.34848721002001,0.40280258655548096,0.446623732068155,0.5832,0.4168,0.0,Medium,True
298,7.00728807536206,0.4048308730125427,0.493176391374011,0.571,0.429,0.0,Medium,True
298,8.03883440669829,0.42776790261268616,0.531044457883154,0.4334,0.5666,0.0,Medium,True
298,8.98043628700927,0.494473934173584,0.560153118161584,0.0332,0.9668,0.0,Medium,True
298,10.0562347645558,0.5208853483200073,0.586319116702722,0.0,0.8747,0.1253,Medium,True
298,11.2664916863571,0.5654421448707581,0.615390370264153,0.0,0.6073,0.3927,Medium,True
298,13.0597509959538,0.5634941458702087,0.664848284590303,0.0,0.619,0.381,Medium,True
298,14.0461287165131,0.5904679298400879,0.6939507104159,0.0,0.4572,0.5428,Medium,True
298,15.0771513538114,0.6002413034439087,0.720122943409871,0.0,0.3986,0.6014,Medium,True
298,16.0188841576319,0.6219836473464966,0.752155562067095,0.0,0.2681,0.7319,Medium,True
298,17.273785996172,0.6226440668106079,0.7782966227969,0.0,0.2641,0.7359,Medium,True
298,18.3050704804892,0.6057661175727844,0.810316772548457,0.0,0.3654,0.6346,Medium,True
298,20.054732261423,0.6145339608192444,0.886096546736575,0.0,0.3128,0.6872,Medium,True
298,21.0873259808352,0.6537907719612122,0.947356280276061,0.0,0.0773,0.9227,Medium,True
298,22.0733109308661,0.7110192775726318,0.96768683096528,0.0,0.0,1.0,High,False
298,23.1034171035979,0.7304976582527161,0.973391355307701,0.0,0.0,1.0,High,False
299,0.0,-0.014558286406099796,0.0,1.0,0.0,0.0,Low,False
299,0.0367955714135797,-0.014558286406099796,0.218805750865778,1.0,0.0,0.0,Low,False
299,0.250223003463112,0.1293860226869583,0.508080596075138,1.0,0.0,0.0,Low,False
299,0.50523402245776,0.1693449765443802,0.598646237800398,1.0,0.0,0.0,Low,False
299,1.00745093923811,0.25222790241241455,0.712447965858606,1.0,0.0,0.0,Low,False
299,1.51012698079546,0.2988864779472351,0.84981809913597,1.0,0.0,0.0,Low,False
299,2.01142564802182,0.39545938372612,0.916483016755868,0.6272,0.3728,0.0,Medium,True
299,2.5054439080701,0.4089556932449341,0.942753699233917,0.5463,0.4537,0.0,Medium,True
299,3.01290796515898,0.4050421118736267,0.992575296463427,0.5697,0.4303,0.0,Medium,True
299,3.50653268968412,0.4455718398094177,0.998644488753629,0.3266,0.6734,0.0,Medium,True
299,4.0129473187113,0.47769951820373535,0.994595445482212,0.1338,0.8662,0.0,Medium,True
300,0.0,-0.0015716103371232748,0.0,1.0,0.0,0.0,Low,False
300,0.0704500978473581,0.07058314979076385,0.0989379484670578,1.0,0.0,0.0,Low,False
300,0.510763209393346,0.1796651929616928,0.320164709719504,1.0,0.0,0.0,Low,False
300,1.02152641878669,0.2773389220237732,0.366891919439008,1.0,0.0,0.0,Low,False
300,2.02544031311154,0.39376017451286316,0.439518101761252,0.6374,0.3626,0.0,Medium,True
300,3.02935420743639,0.42739439010620117,0.491310950750162,0.4356,0.5644,0.0,Medium,True
300,4.01565557729941,0.43698474764823914,0.532692229288975,0.3781,0.6219,0.0,Medium,True
300,5.01956947162426,0.4498913586139679,0.626151744944553,0.3007,0.6993,0.0,Medium,True
300,7.00978473581213,0.47201868891716003,0.688075872472276,0.1679,0.8321,0.0,Medium,True
300,9.05283757338551,0.522790789604187,0.723943044683626,0.0,0.8633,0.1367,Medium,True
301,0.0,-0.036011431366205215,0.0,1.0,0.0,0.0,Low,False
301,0.0352250489236789,-0.036011431366205215,0.0963439742335288,1.0,0.0,0.0,Low,False
301,0.528375733855186,0.11234196275472641,0.361826280169601,1.0,0.0,0.0,Low,False
301,1.00391389432485,0.16607172787189484,0.49710534898891,1.0,0.0,0.0,Low,False
301,2.02544031311154,0.22356508672237396,0.567122268427918,1.0,0.0,0.0,Low,False
301,3.04696673189823,0.24130864441394806,0.582451687866927,1.0,0.0,0.0,Low,False
301,3.96281800391389,0.25819408893585205,0.589999184605348,1.0,0.0,0.0,Low,False
301,5.01956947162426,0.27019360661506653,0.602714244944553,1.0,0.0,0.0,Low,False
301,7.00978473581213,0.28756505250930786,0.633388372472276,1.0,0.0,0.0,Low,False
301,9.07045009784735,0.3459373414516449,0.648417115133724,0.9244,0.0756,0.0,Medium,True
302,0.0,-0.080742247402668,0.0,1.0,0.0,0.0,Low,False
302,0.0968285607752923,0.0023388925474137068,0.026058631921824,1.0,0.0,0.0,Low,False
302,0.269499408484203,0.02878747507929802,0.0416938110749185,1.0,0.0,0.0,Low,False
302,0.366814137765481,0.038652319461107254,0.0651465798045602,1.0,0.0,0.0,Low,False
302,0.464128867046758,0.040099937468767166,0.0885993485342019,1.0,0.0,0.0,Low,False
302,0.536567974438484,0.06279504299163818,0.112052117263843,1.0,0.0,0.0,Low,False
302,0.998022914702327,0.11517994850873947,0.231921824104234,1.0,0.0,0.0,Low,False
302,1.16996450965226,0.12929342687129974,0.255374592833876,1.0,0.0,0.0,Low,False
302,1.88163417432958,0.1526278257369995,0.359609120521172,1.0,0.0,0.0,Low,False
302,3.04179428577781,0.2204914093017578,0.456026058631921,1.0,0.0,0.0,Low,False
302,4.12538285753346,0.2837539613246918,0.57328990228013,1.0,0.0,0.0,Low,False
302,4.94117361057584,0.2837539613246918,0.62801302931596,1.0,0.0,0.0,Low,False
302,5.98011570786522,0.4344511926174164,0.690553745928338,0.3933,0.6067,0.0,Medium,True
302,7.04514884830911,0.4939136505126953,0.740065146579804,0.0365,0.9635,0.0,Medium,True
302,8.11504367381285,0.5120881199836731,0.737459283387622,0.0,0.9275,0.0725,Medium,True
303,0.0,-0.07176405191421509,0.0,1.0,0.0,0.0,Low,False
303,0.122433435423822,0.031318508088588715,0.0182410423452769,1.0,0.0,0.0,Low,False
303,0.168295331155047,0.031318508088588715,0.0599348534201954,1.0,0.0,0.0,Low,False
303,0.215129563898244,0.03094317391514778,0.0912052117263843,1.0,0.0,0.0,Low,False
303,0.28562399726603,0.03094317391514778,0.135504885993485,1.0,0.0,0.0,Low,False
303,0.333673651274189,0.0375569686293602,0.153745928338762,1.0,0.0,0.0,Low,False
303,0.40368191613599,0.04080803319811821,0.203257328990227,1.0,0.0,0.0,Low,False
303,0.476850276286692,0.057385776191949844,0.218892508143322,1.0,0.0,0.0,Low,False
303,0.569060236255131,0.07605595141649246,0.297068403908794,1.0,0.0,0.0,Low,False
303,0.980763932739869,0.1013631820678711,0.416938110749185,1.0,0.0,0.0,Low,False
303,1.32318861712178,0.14706958830356598,0.479478827361563,1.0,0.0,0.0,Low,False
303,1.86559061363208,0.15572808682918549,0.531596091205211,1.0,0.0,0.0,Low,False
303,2.11167290574469,0.23292134702205658,0.560260586319218,1.0,0.0,0.0,Low,False
303,2.35799828211029,0.23467572033405304,0.586319218241042,1.0,0.0,0.0,Low,False
303,2.97429789153027,0.23427540063858032,0.646254071661237,1.0,0.0,0.0,Low,False
303,3.96932276711236,0.29863426089286804,0.646254071661237,1.0,0.0,0.0,Low,False
304,0.0,-0.10327872633934021,0.0,1.0,0.0,0.0,Low,False
304,0.0527426160316464,-0.02009790576994419,0.0854846768820782,1.0,0.0,0.0,Low,False
304,0.131856540079114,0.0036410887259989977,0.131474850099933,1.0,0.0,0.0,Low,False
304,0.18459915611076,0.004077693447470665,0.167617421718853,1.0,0.0,0.0,Low,False
304,0.263713080158228,-0.0025248457677662373,0.177423384410392,1.0,0.0,0.0,Low,False
304,0.448312236268988,0.008787648752331734,0.226619753497668,1.0,0.0,0.0,Low,False
304,1.29219409277531,0.09841454029083252,0.278585109926715,1.0,0.0,0.0,Low,False
304,1.84599156110759,0.10374581813812256,0.340647901399067,1.0,0.0,0.0,Low,False
304,3.32278480999367,0.16385816037654877,0.49737674883411,1.0,0.0,0.0,Low,False
304,4.32489451459493,0.21110914647579193,0.644611925383078,1.0,0.0,0.0,Low,False
304,5.30063291118037,0.2793162167072296,0.729367921385742,1.0,0.0,0.0,Low,False
304,6.30274261578164,0.36460426449775696,0.837129413724184,0.8124,0.1876,0.0,Medium,True
304,7.04113924022468,0.42263510823249817,0.836546469020653,0.4642,0.5358,0.0,Medium,True
305,0.0,-0.08525688946247101,0.0,1.0,0.0,0.0,Low,False
305,0.0791139240474683,-0.005813702009618282,0.0196743837441704,1.0,0.0,0.0,Low,False
305,0.131856540079114,0.017925310879945755,0.152856429047301,1.0,0.0,0.0,Low,False
305,0.210970464126583,-0.0004968534922227263,0.197201865423051,1.0,0.0,0.0,Low,False
305,0.316455696189873,0.009553464129567146,0.233302798134576,1.0,0.0,0.0,Low,False
305,0.395569620237341,0.01941835880279541,0.266135076615589,1.0,0.0,0.0,Low,False
305,0.421940928253165,0.020865976810455322,0.292430046635576,1.0,0.0,0.0,Low,False
305,0.47468354428481,0.020865976810455322,0.331862091938707,1.0,0.0,0.0,Low,False
305,0.606540084363924,0.045281291007995605,0.354784310459693,1.0,0.0,0.0,Low,False
305,1.00210970460126,0.09246360510587692,0.397235176548967,1.0,0.0,0.0,Low,False
305,1.9778481011867,0.12467991560697556,0.554359593604263,1.0,0.0,0.0,Low,False
305,2.97995780578797,0.17838656902313232,0.727910559626915,1.0,0.0,0.0,Low,False
305,3.29641350197784,0.1794828474521637,0.727660726182545,1.0,0.0,0.0,Low,False
306,0.0,0.019837921485304832,0.0,1.0,0.0,0.0,Low,False
306,0.350481209344225,0.16449256241321564,0.0510948905109487,1.0,0.0,0.0,Low,False
306,1.08910728038012,0.27027228474617004,0.132268392271588,1.0,0.0,0.0,Low,False
306,2.01977148005172,0.36846286058425903,0.174426883788064,0.7892,0.2108,0.0,Medium,True
306,3.1058563685768,0.37222784757614136,0.231619837352694,0.7666,0.2334,0.0,Medium,True
306,4.03733428913246,0.4471801817417145,0.294799451707118,0.3169,0.6831,0.0,Medium,True
306,6.13220058219791,0.5460395216941833,0.412178689231275,0.0,0.7238,0.2762,Medium,True
306,7.02392242527572,0.5692250728607178,0.448326302074503,0.0,0.5846,0.4154,Medium,True
306,9.1586610416596,0.6237291693687439,0.595740558658135,0.0,0.2576,0.7424,Medium,True
306,11.1384439525523,0.6619310975074768,0.740132423386725,0.0,0.0284,0.9716,Medium,True
306,12.3418208942211,0.6691213846206665,0.827370083164211,0.0,0.0,1.0,High,False
306,13.1952978557485,0.6891826391220093,0.875524922623862,0.0,0.0,1.0,High,False
306,15.7917649509103,0.6932845711708069,0.950924880969102,0.0,0.0,1.0,High,False
306,18.1134268789444,0.7656338810920715,0.927191355184322,0.0,0.0,1.0,High,False
307,0.0,-0.003025226993486285,0.0,1.0,0.0,0.0,Low,False
307,1.00717861161771,0.0903930589556694,0.0273514803461254,1.0,0.0,0.0,Low,False
307,1.89678320592914,0.09557866305112839,0.0366109192503201,1.0,0.0,0.0,Low,False
307,2.98125800318187,0.11943603307008743,0.0670036087074619,1.0,0.0,0.0,Low,False
307,4.1020526948896,0.17598801851272583,0.0672849326762641,1.0,0.0,0.0,Low,False
307,5.88196034302122,0.20749802887439728,0.0948401303791082,1.0,0.0,0.0,Low,False
307,7.81855574094912,0.2656344771385193,0.149543091071359,1.0,0.0,0.0,Low,False
307,9.99053199332583,0.3635176122188568,0.249485856194948,0.8189,0.1811,0.0,Medium,True
307,12.9478095533739,0.4620005190372467,0.509264289317449,0.228,0.772,0.0,Medium,True
307,14.9339955764231,0.4977845847606659,0.705545962516006,0.0133,0.9867,0.0,Medium,True
307,17.1439214621085,0.570941150188446,0.79646210857165,0.0,0.5744,0.4256,Medium,True
307,20.0052772496216,0.6815069317817688,0.815252609522331,0.0,0.0,1.0,High,False
307,22.0170734546583,0.7098560333251953,0.842866012184238,0.0,0.0,1.0,High,False
308,0.0,-0.0023356981109827757,0.0,1.0,0.0,0.0,Low,False
308,1.01551480959097,0.3473775088787079,0.0257418732613432,0.9157,0.0843,0.0,Medium,True
308,1.97461212976022,0.42529296875,0.118674634986647,0.4482,0.5518,0.0,Medium,True
308,2.99012693935119,0.4786861538887024,0.13848765449305,0.1279,0.8721,0.0,Medium,True
308,5.07757404795486,0.5115805864334106,0.114875374211855,0.0,0.9305,0.0695,Medium,True
308,6.99576868829337,0.49770981073379517,0.142638130864045,0.0137,0.9863,0.0,Medium,True
308,10.0423131170662,0.5433744192123413,0.144764936418827,0.0,0.7398,0.2602,Medium,True
308,14.0479548660084,0.6303773522377014,0.202275096584288,0.0,0.2177,0.7823,Medium,True
308,20.9308885754583,0.7183803915977478,0.508939273150961,0.0,0.0,1.0,High,False
308,27.87023977433,0.768616795539856,1.00335327271612,0.0,0.0,1.0,High,False
308,41.805359661495,0.8972588181495667,1.00206548219671,0.0,0.0,1.0,High,False
309,0.0,-0.03747089207172394,0.0,1.0,0.0,0.0,Low,False
309,0.987287711454405,0.2834605574607849,0.0426829268292683,1.0,0.0,0.0,Low,False
309,2.02784914306051,0.4183713495731354,0.0589430894308944,0.4898,0.5102,0.0,Medium,True
309,3.01369101242311,0.43180686235427856,0.0752032520325203,0.4092,0.5908,0.0,Medium,True
309,4.98348403456674,0.44338181614875793,0.0731707317073171,0.3397,0.6603,0.0,Medium,True
309,7.11743574344088,0.4383504092693329,0.0711382113821139,0.3699,0.6301,0.0,Medium,True
309,10.0308075584175,0.46367061138153076,0.3130081300813,0.218,0.782,0.0,Medium,True
309,13.8983239353597,0.5377251505851746,0.991869918699187,0.0,0.7736,0.2264,Medium,True
309,21.0120894642598,0.6094011068344116,0.995934959349593,0.0,0.3436,0.6564,Medium,True
310,0.0,-0.10098771005868912,0.0,1.0,0.0,0.0,Low,False
310,1.01551480959097,0.13913804292678833,0.0534098574510666,1.0,0.0,0.0,Low,False
310,2.03102961918194,0.24364617466926575,0.484290070633358,1.0,0.0,0.0,Low,False
310,2.99012693935119,0.2603367865085602,0.527815717734157,1.0,0.0,0.0,Low,False
310,5.02115655853314,0.3194330632686615,0.518034642122457,1.0,0.0,0.0,Low,False
310,6.99576868829337,0.32017695903778076,0.642638130864045,1.0,0.0,0.0,Low,False
310,10.0423131170662,0.3648756444454193,0.680338058948471,0.8107,0.1893,0.0,Medium,True
310,13.9915373765867,0.48676741123199463,0.68646203247908,0.0794,0.9206,0.0,Medium,True
310,20.8744710860366,0.5917425751686096,0.854786288097136,0.0,0.4495,0.5505,Medium,True
310,27.7574047954866,0.6584926843643188,0.93022516822112,0.0,0.049,0.951,Medium,True
310,41.805359661495,0.7891717553138733,1.00008919761173,0.0,0.0,1.0,High,False
311,0.0,-0.10728912800550461,0.0,1.0,0.0,0.0,Low,False
311,0.990846707372682,-0.010638427920639515,0.107723577235772,1.0,0.0,0.0,Low,False
311,1.92330363796114,-0.0012675652978941798,0.148373983739837,1.0,0.0,0.0,Low,False
311,2.96686797237329,0.024592041969299316,0.219512195121951,1.0,0.0,0.0,Low,False
311,5.04988155216709,0.10936171561479568,0.286585365853658,1.0,0.0,0.0,Low,False
311,6.92436021487437,0.14038139581680298,0.542682926829268,1.0,0.0,0.0,Low,False
311,9.99010154260229,0.21300333738327026,0.56910569105691,1.0,0.0,0.0,Low,False
311,13.9489284085727,0.37899819016456604,0.916666666666666,0.726,0.274,0.0,Medium,True
311,20.8469298099273,0.48713070154190063,0.977642276422764,0.0772,0.9228,0.0,Medium,True
311,27.6882097138344,0.5865873098373413,1.0020325203252,0.0,0.4805,0.5195,Medium,True
311,41.9155183343899,0.7825087308883667,1.0060975609756,0.0,0.0,1.0,High,False
312,0.0,0.07577747851610184,0.0,1.0,0.0,0.0,Low,False
312,0.0470362574782399,0.07577747851610184,0.0903796063452704,1.0,0.0,0.0,Low,False
312,0.155482119494057,0.24019740521907806,0.221779495358033,1.0,0.0,0.0,Low,False
312,0.338961019347174,0.349458247423172,0.287351954525229,0.9033,0.0967,0.0,Medium,True
312,0.995177220888147,0.5146430134773254,0.440129385120711,0.0,0.9121,0.0879,Medium,True
312,2.01518491959474,0.5943633913993835,0.515835678896926,0.0,0.4338,0.5662,Medium,True
312,3.00557102479644,0.6205658316612244,0.643625983011953,0.0,0.2766,0.7234,Medium,True
312,4.00983053455107,0.6276022791862488,0.683731370892347,0.0,0.2344,0.7656,Medium,True
312,4.98417681767206,0.6340101361274719,0.756742974557925,0.0,0.1959,0.8041,Medium,True
312,5.98822801804902,0.6625327467918396,0.783149937757157,0.0,0.0248,0.9752,Medium,True
312,6.99236254217704,0.6610177755355835,0.815036270828854,0.0,0.0339,0.9661,Medium,True
312,7.99674703755828,0.6765046715736389,0.863360713517945,0.0,0.0,1.0,High,False
313,0.0,0.009313930757343769,0.0,1.0,0.0,0.0,Low,False
313,0.159397414173302,0.13014104962348938,0.100916877509806,1.0,0.0,0.0,Low,False
313,0.207655346904667,0.14003288745880127,0.168166941343051,1.0,0.0,0.0,Low,False
313,0.369490030407837,0.15346156060695648,0.252278266521204,1.0,0.0,0.0,Low,False
313,0.584944639168078,0.1884552389383316,0.366667440402961,1.0,0.0,0.0,Low,False
313,1.03437710359555,0.25287318229675293,0.467723590445904,1.0,0.0,0.0,Low,False
313,2.00051066595482,0.33331042528152466,0.606002646178129,1.0,0.0,0.0,Low,False
313,2.80237227548106,0.37160131335258484,0.676975929063856,0.7704,0.2296,0.0,Medium,True
313,3.95081358371439,0.4012435972690582,0.758199670388338,0.5925,0.4075,0.0,Medium,True
313,5.04612242055662,0.4146694540977478,0.805784452542884,0.512,0.488,0.0,Medium,True
313,6.02834196049302,0.4068198800086975,0.833146862886191,0.5591,0.4409,0.0,Medium,True
313,7.87627956639818,0.39116206765174866,0.891177085025881,0.653,0.347,0.0,Medium,True
313,9.95965738956849,0.3758434057235718,0.925790951927763,0.7449,0.2551,0.0,Medium,True
313,11.8699890903182,0.44263723492622375,0.953599034377103,0.3442,0.6558,0.0,Medium,True
313,13.8397901627167,0.4434383809566498,0.971351639934077,0.3394,0.6606,0.0,Medium,True
313,15.8105661428471,0.4696081280708313,0.982382024558389,0.1824,0.8176,0.0,Medium,True
313,20.8552262018059,0.6098487377166748,0.998249808500266,0.0,0.3409,0.6591,Medium,True
314,0.0,-0.015945840626955032,0.0,1.0,0.0,0.0,Low,False
314,0.992063492063488,0.26010948419570923,0.105612244897959,1.0,0.0,0.0,Low,False
314,1.98412698412698,0.3560650944709778,0.187061747776033,0.8636,0.1364,0.0,Medium,True
314,3.17460317460317,0.42688068747520447,0.233372579801151,0.4387,0.5613,0.0,Medium,True
314,7.14285714285713,0.3817938566207886,0.315214547357404,0.7092,0.2908,0.0,Medium,True
314,10.0198412698412,0.442006915807724,0.348560962846677,0.348,0.652,0.0,Medium,True
314,14.1865079365079,0.5562933087348938,0.410648874934589,0.0,0.6622,0.3378,Medium,True
314,17.1626984126984,0.6731410622596741,0.470381998953427,0.0,0.0,1.0,High,False
314,21.1309523809523,0.7183505892753601,0.539037153322867,0.0,0.0,1.0,High,False
314,23.9087301587301,0.8066187500953674,0.585557299843014,0.0,0.0,1.0,High,False
314,28.1746031746031,0.8300372362136841,0.619086865515436,0.0,0.0,1.0,High,False
314,35.1190476190476,0.8770492672920227,0.657365253793825,0.0,0.0,1.0,High,False
314,42.1626984126984,0.886168897151947,0.669283097854526,0.0,0.0,1.0,High,False
315,0.0,-0.013124101795256138,0.0,1.0,0.0,0.0,Low,False
315,1.19047619047618,0.185664564371109,0.0572867608581895,1.0,0.0,0.0,Low,False
315,1.78571428571428,0.19721907377243042,0.103519099947671,1.0,0.0,0.0,Low,False
315,3.07539682539682,0.3130231499671936,0.134458398744113,1.0,0.0,0.0,Low,False
315,7.24206349206348,0.3790077269077301,0.222919937205651,0.726,0.274,0.0,Medium,True
315,10.2182539682539,0.42874306440353394,0.282653061224489,0.4275,0.5725,0.0,Medium,True
315,14.0873015873015,0.5595864653587341,0.355690737833594,0.0,0.6425,0.3575,Medium,True
315,17.063492063492,0.6730653047561646,0.408830455259026,0.0,0.0,1.0,High,False
315,21.031746031746,0.7292868494987488,0.475287807430664,0.0,0.0,1.0,High,False
315,24.1071428571428,0.7938586473464966,0.510858189429618,0.0,0.0,1.0,High,False
315,28.0753968253968,0.8144491910934448,0.553139717425431,0.0,0.0,1.0,High,False
315,35.0198412698412,0.8597731590270996,0.602407116692831,0.0,0.0,1.0,High,False
315,42.063492063492,0.874442994594574,0.636302982731554,0.0,0.0,1.0,High,False
316,0.0,-0.010154594667255878,0.0,1.0,0.0,0.0,Low,False
316,0.21040690866511,0.08694277703762054,0.0580357142857141,1.0,0.0,0.0,Low,False
316,0.433849897540987,0.12243053317070007,0.238839285714285,1.0,0.0,0.0,Low,False
316,1.1839962675644,0.29695865511894226,0.560267857142857,1.0,0.0,0.0,Low,False
316,2.32179449648712,0.4168165326118469,0.665178571428571,0.4991,0.5009,0.0,Medium,True
316,3.04312426814988,0.4451102614402771,0.705357142857142,0.3293,0.6707,0.0,Medium,True
316,7.14697379976581,0.4572731554508209,0.758928571428571,0.2564,0.7436,0.0,Medium,True
316,10.3250329332552,0.5094044804573059,0.776785714285714,0.0,0.9436,0.0564,Medium,True
316,14.324593823185,0.6062051653862,0.8125,0.0,0.3628,0.6372,Medium,True
316,17.1950472043325,0.722898006439209,0.828125,0.0,0.0,1.0,High,False
316,21.0896333430913,0.7560948133468628,0.839285714285714,0.0,0.0,1.0,High,False
316,24.0620883343091,0.826289713382721,0.850446428571428,0.0,0.0,1.0,High,False
316,28.16090639637,0.8468802571296692,0.854910714285714,0.0,0.0,1.0,High,False
316,35.3334949502341,0.9056534171104431,0.859375,0.0,0.0,1.0,High,False
316,42.3011654713114,0.9129052758216858,0.863839285714285,0.0,0.0,1.0,High,False
317,0.0,-0.006613484118133783,0.0,1.0,0.0,0.0,Low,False
317,0.107048939982778,0.06611189991235733,0.0383747178329569,1.0,0.0,0.0,Low,False
317,0.953200996020573,0.1793716847896576,0.246049661399548,1.0,0.0,0.0,Low,False
317,2.00041888715645,0.38632360100746155,0.404063205417607,0.6821,0.3179,0.0,Medium,True
317,3.03786274464173,0.41912850737571716,0.46726862302483,0.4852,0.5148,0.0,Medium,True
317,7.06523003886341,0.43480876088142395,0.532731376975169,0.3911,0.6089,0.0,Medium,True
317,9.95392241279002,0.45388802886009216,0.553047404063205,0.2767,0.7233,0.0,Medium,True
317,14.0822880547345,0.568739652633667,0.598194130925507,0.0,0.5876,0.4124,Medium,True
317,17.0754695026878,0.6700277328491211,0.632054176072234,0.0,0.0,1.0,High,False
317,20.9969514323613,0.7252219319343567,0.670428893905191,0.0,0.0,1.0,High,False
317,23.9880384445323,0.7784693837165833,0.683972911963882,0.0,0.0,1.0,High,False
317,28.0100532917549,0.7990599274635315,0.697516930022573,0.0,0.0,1.0,High,False
317,35.0210607153661,0.8435847163200378,0.704288939051918,0.0,0.0,1.0,High,False
317,42.1349282073956,0.8524395227432251,0.708803611738148,0.0,0.0,1.0,High,False
318,0.0,0.04215095192193985,0.0,1.0,0.0,0.0,Low,False
318,0.111935956808078,0.14980271458625793,0.0857787810383745,1.0,0.0,0.0,Low,False
318,0.862209397035208,0.33046162128448486,0.363431151241534,1.0,0.0,0.0,Low,False
318,1.90547113169346,0.426597535610199,0.483069977426636,0.4404,0.5596,0.0,Medium,True
318,2.73370412603849,0.5620027780532837,0.516930022573363,0.0,0.628,0.372,Medium,True
318,6.86160433780921,0.6050925254821777,0.557562076749435,0.0,0.3694,0.6306,Medium,True
318,10.0598077773382,0.6328436136245728,0.580135440180586,0.0,0.2029,0.7971,Medium,True
318,14.0813571943869,0.7356159090995789,0.589164785553047,0.0,0.0,1.0,High,False
318,17.071978776384,0.8247479796409607,0.598194130925507,0.0,0.0,1.0,High,False
318,20.9909008401014,0.8760958313941956,0.611738148984198,0.0,0.0,1.0,High,False
318,23.8779642084196,0.9300140142440796,0.616252821670428,0.0,0.0,1.0,High,False
318,27.7959554117893,0.9526013731956482,0.620767494356659,0.0,0.0,1.0,High,False
318,34.909357473645,0.9884499907493591,0.620767494356659,0.0,0.0,1.0,High,False
318,42.0241558260222,0.9973825812339783,0.634311512415349,0.0,0.0,1.0,High,False
319,0.0,0.034267742186784744,0.0,1.0,0.0,0.0,Low,False
319,0.415191599891688,0.20787222683429718,0.0713347306770431,1.0,0.0,0.0,Low,False
319,1.05578008885501,0.32899633049964905,0.349101922517625,1.0,0.0,0.0,Low,False
319,1.98645111469918,0.4201804995536804,0.469677975790518,0.4789,0.5211,0.0,Medium,True
319,3.01064053834505,0.5097170472145081,0.506734327519982,0.0,0.9417,0.0583,Medium,True
319,6.99457442861011,0.6821617484092712,0.549286452117577,0.0,0.0,1.0,High,False
319,10.0581167952022,0.7300203442573547,0.572001644720347,0.0,0.0,1.0,High,False
319,13.8344548855214,0.771690309047699,0.580114929848665,0.0,0.0,1.0,High,False
319,16.8969943738529,0.7822149991989136,0.593001915497477,0.0,0.0,1.0,High,False
319,21.0815039162395,0.7592206597328186,0.601195430886644,0.0,0.0,1.0,High,False
319,24.0417498219891,0.7724947333335876,0.611605307231755,0.0,0.0,1.0,High,False
319,28.1239657817937,0.7912409901618958,0.61732171331722,0.0,0.0,1.0,High,False
319,35.0631311865052,0.8473070859909058,0.621142679490136,0.0,0.0,1.0,High,False
319,42.1043394542336,0.8553431630134583,0.624983703228265,0.0,0.0,1.0,High,False
320,0.0,0.0009583935607224703,0.0,1.0,0.0,0.0,Low,False
320,0.0649698911737317,0.0713515654206276,0.0333199818057148,1.0,0.0,0.0,Low,False
320,0.2618958716624,0.15060341358184814,0.103300090292534,1.0,0.0,0.0,Low,False
320,0.389147244719922,0.15947645902633667,0.209953903285154,1.0,0.0,0.0,Low,False
320,0.845280687581041,0.23572154343128204,0.42324116253335,1.0,0.0,0.0,Low,False
320,1.24294122838579,0.30624738335609436,0.506534328135289,1.0,0.0,0.0,Low,False
320,1.83954405664668,0.3307129740715027,0.629807398556677,1.0,0.0,0.0,Low,False
320,2.70857235962226,0.4683513045310974,0.699719617920012,0.1899,0.8101,0.0,Medium,True
320,5.058914181359,0.691535472869873,0.729482209655191,0.0,0.0,1.0,High,False
320,6.87336641796617,0.7572258114814758,0.732632264984826,0.0,0.0,1.0,High,False
320,9.96414096497599,0.882850170135498,0.745653398868967,0.0,0.0,1.0,High,False
320,13.0549155119858,0.9032289385795593,0.758674532753107,0.0,0.0,1.0,High,False
320,14.9365779808416,0.9181417226791382,0.761817799170394,0.0,0.0,1.0,High,False
320,17.9581259886353,0.9506145715713501,0.804845925634254,0.0,0.0,1.0,High,False
320,19.9730887514511,0.9586707949638367,0.82464239404205,0.0,0.0,1.0,High,False
320,22.1222479446567,0.9256333112716675,0.847758640588191,0.0,0.0,1.0,High,False
320,27.0263545577362,0.946306049823761,0.880596609617172,0.0,0.0,1.0,High,False
320,31.0589684926577,0.9712663888931274,0.880189274876271,0.0,0.0,1.0,High,False
321,0.0,-0.050388533622026443,0.0,1.0,0.0,0.0,Low,False
321,1.01373472924394,0.09335950016975403,0.133208255159474,1.0,0.0,0.0,Low,False
321,3.07832662589691,0.17481729388237,0.210131332082551,1.0,0.0,0.0,Low,False
321,7.06890279707259,0.40728962421417236,0.337711069418386,0.5563,0.4437,0.0,Medium,True
321,14.0891683256233,0.6446727514266968,0.613508442776735,0.0,0.132,0.868,Medium,True
321,21.110465033012,0.7559272646903992,0.911819887429643,0.0,0.0,1.0,High,False
321,28.0270970883519,0.8219922184944153,0.924953095684803,0.0,0.0,1.0,High,False
