Formulation Index,Drug Group,Drug,Drug SMILES,Formulation Method,DOI,Drug MW,Drug TPSA,Drug LogP,Polymer MW,LA/GA,Initial Drug-to-Polymer Ratio,Particle Size,Drug Loading Capacity,Drug Encapsulation Efficiency,Solubility Enhancer Concentration,AUC,AUC Class,Profile Duration,N Time Points,Max Observed Release,Release_24h,Release_48h,Release_72h,Fold
1,8,moxidectin ,CC1CC(=CCC2CC(CC3(O2)CC(=NOC)C(C(O3)C(=CC(C)C)C)C)OC(=O)C4C=C(C(C5C4(C(=CC=C1)CO5)O)O)C)C,O/W,10.3390/ijms241914729,639.8300000000003,116.04,5.728900000000008,75.0,3.0,0.6666666666666666,47.723,35.41,88.3,0.5,0.28530360681851324,AUC <= 0.5,237.732283464566,16,0.917808219178082,0.033137638617090626,0.06249999999999994,0.06139048084987413,3
2,65,dexamethasone,O=C1C=CC2(C(=C1)CCC3C4CC(C)C(O)(C(=O)CO)C4(C)CC(O)C32F)C,S/O/W,10.1016/j.ejpb.2023.08.006 ,392.4670000000002,94.83,1.8957,12.0,1.0,0.1111111111111111,1.8,6.6,66.0,0.0,0.890264144226136,AUC > 0.5,20.0356809600015,10,0.99193068804301,0.5761231122156368,0.6982221372586499,0.7753420225550001,0
3,65,dexamethasone,O=C1C=CC2(C(=C1)CCC3C4CC(C)C(O)(C(=O)CO)C4(C)CC(O)C32F)C,S/O/W,10.1016/j.ejpb.2023.08.006 ,392.4670000000002,94.83,1.8957,12.0,1.0,0.1111111111111111,12.5,8.6,85.9,0.0,0.6968273054708087,AUC > 0.5,20.0350040854215,10,0.973113574719701,0.17490936844113716,0.2192101226993859,0.3518766756032176,0
4,65,dexamethasone,O=C1C=CC2(C(=C1)CCC3C4CC(C)C(O)(C(=O)CO)C4(C)CC(O)C32F)C,S/O/W,10.1016/j.ejpb.2023.08.006 ,392.4670000000002,94.83,1.8957,12.0,1.0,0.1111111111111111,29.3,8.7,86.8,0.0,0.6830041287370914,AUC > 0.5,20.0357776563701,10,0.994618847089197,0.08939393939393929,0.12271510516252448,0.23926046897089678,0
5,65,dexamethasone,O=C1C=CC2(C(=C1)CCC3C4CC(C)C(O)(C(=O)CO)C4(C)CC(O)C32F)C,S/O/W,10.1016/j.ejpb.2023.08.006 ,392.4670000000002,94.83,1.8957,12.0,1.0,0.1111111111111111,58.0,9.0,90.1,0.0,0.6479940807308285,AUC > 0.5,20.0350040854215,10,0.973113574719701,0.0611169652265542,0.09575363427697128,0.20169515874155963,0
6,65,dexamethasone,O=C1C=CC2(C(=C1)CCC3C4CC(C)C(O)(C(=O)CO)C4(C)CC(O)C32F)C,S/O/W,10.1016/j.ejpb.2023.08.006 ,392.4670000000002,94.83,1.8957,31.0,1.0,0.1111111111111111,1.5,5.8,58.1,0.0,0.6974930165958554,AUC > 0.5,29.9469964664311,13,1.0,0.1411722786388746,0.19371537472853795,0.25606979151264175,0
7,65,dexamethasone,O=C1C=CC2(C(=C1)CCC3C4CC(C)C(O)(C(=O)CO)C4(C)CC(O)C32F)C,S/O/W,10.1016/j.ejpb.2023.08.006 ,392.4670000000002,94.83,1.8957,31.0,1.0,0.1111111111111111,12.9,7.5,75.3,0.0,0.5258632426468869,AUC > 0.5,29.9469964664311,13,1.0,0.04263370109442189,0.055026307212366746,0.07791445345261386,0
8,65,dexamethasone,O=C1C=CC2(C(=C1)CCC3C4CC(C)C(O)(C(=O)CO)C4(C)CC(O)C32F)C,S/O/W,10.1016/j.ejpb.2023.08.006 ,392.4670000000002,94.83,1.8957,31.0,1.0,0.1111111111111111,34.8,8.5,85.3,0.0,0.5186474495903861,AUC > 0.5,29.9469964664311,13,1.0,0.022546806532996934,0.03565582835655828,0.05922974767596267,0
9,65,dexamethasone,O=C1C=CC2(C(=C1)CCC3C4CC(C)C(O)(C(=O)CO)C4(C)CC(O)C32F)C,S/O/W,10.1016/j.ejpb.2023.08.006 ,392.4670000000002,94.83,1.8957,31.0,1.0,0.1111111111111111,61.3,8.6,86.1,0.0,0.5152695946104566,AUC > 0.5,29.9469964664311,13,1.0,0.014309189735810949,0.025273548447176098,0.03387881468376815,0
10,65,dexamethasone,O=C1C=CC2(C(=C1)CCC3C4CC(C)C(O)(C(=O)CO)C4(C)CC(O)C32F)C,S/O/W,10.1016/j.ejpb.2023.08.006 ,392.4670000000002,94.83,1.8957,12.0,1.0,0.05263157894736843,35.0,4.3,86.0,0.0,0.7408831541053702,AUC > 0.5,19.9676122403395,11,0.997542997542997,0.05743696852155775,0.14854185492483357,0.3195759604654882,0
11,65,dexamethasone,O=C1C=CC2(C(=C1)CCC3C4CC(C)C(O)(C(=O)CO)C4(C)CC(O)C32F)C,S/O/W,10.1016/j.ejpb.2023.08.006 ,392.4670000000002,94.83,1.8957,12.0,1.0,0.1764705882352941,35.0,12.6,84.0,0.0,0.7408380845854612,AUC > 0.5,19.9673729219183,11,1.004914004914,0.07586206896551755,0.15881745211793677,0.28923027939186613,0
12,65,dexamethasone,O=C1C=CC2(C(=C1)CCC3C4CC(C)C(O)(C(=O)CO)C4(C)CC(O)C32F)C,S/O/W,10.1016/j.ejpb.2023.08.006 ,392.4670000000002,94.83,1.8957,12.0,1.0,0.25,35.0,16.9,84.5,0.0,0.782585688207318,AUC > 0.5,19.9672133763042,11,1.00982800982801,0.14963364128703455,0.24460874922982173,0.4019264015806375,0
13,65,dexamethasone,O=C1C=CC2(C(=C1)CCC3C4CC(C)C(O)(C(=O)CO)C4(C)CC(O)C32F)C,S/O/W,10.1016/j.ejpb.2023.08.006 ,392.4670000000002,94.83,1.8957,12.0,1.0,0.4273504273504273,35.0,23.3,77.6,0.0,0.8561255268572335,AUC > 0.5,19.9675324675324,11,1.0,0.6273895330617363,0.6628063774093754,0.701563367986667,0
14,65,dexamethasone,O=C1C=CC2(C(=C1)CCC3C4CC(C)C(O)(C(=O)CO)C4(C)CC(O)C32F)C,S/O/W,10.1016/j.ejpb.2023.08.006 ,392.4670000000002,94.83,1.8957,31.0,1.0,0.05263157894736843,35.0,5.0,99.4,0.0,0.6278884514899018,AUC > 0.5,29.9487179487179,14,1.00515463917525,0.022615979381443333,0.035438144329896705,0.04862995116657635,0
15,65,dexamethasone,O=C1C=CC2(C(=C1)CCC3C4CC(C)C(O)(C(=O)CO)C4(C)CC(O)C32F)C,S/O/W,10.1016/j.ejpb.2023.08.006 ,392.4670000000002,94.83,1.8957,31.0,1.0,0.1764705882352941,35.0,13.8,92.0,0.0,0.6022837792435148,AUC > 0.5,29.8974358974359,14,1.00257731958762,0.026325478645066326,0.038659793814433,0.05957573354480575,0
16,65,dexamethasone,O=C1C=CC2(C(=C1)CCC3C4CC(C)C(O)(C(=O)CO)C4(C)CC(O)C32F)C,S/O/W,10.1016/j.ejpb.2023.08.006 ,392.4670000000002,94.83,1.8957,31.0,1.0,0.25,35.0,16.5,82.5,0.0,0.6698206468012983,AUC > 0.5,29.9487179487179,14,1.00515463917525,0.06997422680412363,0.0850515463917525,0.13291605301914527,0
17,65,dexamethasone,O=C1C=CC2(C(=C1)CCC3C4CC(C)C(O)(C(=O)CO)C4(C)CC(O)C32F)C,S/O/W,10.1016/j.ejpb.2023.08.006 ,392.4670000000002,94.83,1.8957,31.0,1.0,0.4273504273504273,35.0,23.7,79.0,0.0,0.7658302146589462,AUC > 0.5,29.9487179487179,14,0.999999999999999,0.37573637702503837,0.43149755832881126,0.47063212154096556,0
18,65,dexamethasone,O=C1C=CC2(C(=C1)CCC3C4CC(C)C(O)(C(=O)CO)C4(C)CC(O)C32F)C,S/O/W,10.1016/j.ejpb.2023.08.006 ,392.4670000000002,94.83,1.8957,12.0,1.0,0.1111111111111111,35.0,7.9,79.1,0.0,0.24823335125585722,AUC <= 0.5,40.0,15,0.949468085106383,0.011773366261398178,0.023546732522796356,0.0333466312056737,0
19,65,dexamethasone,O=C1C=CC2(C(=C1)CCC3C4CC(C)C(O)(C(=O)CO)C4(C)CC(O)C32F)C,S/O/W,10.1016/j.ejpb.2023.08.006 ,392.4670000000002,94.83,1.8957,12.0,1.0,0.4285714285714285,35.0,22.2,74.0,0.0,0.41143246485720686,AUC <= 0.5,39.9359996952366,16,0.900804289544236,0.09114948731786329,0.1117523006134965,0.15324937253495904,0
20,63,hydrocortisone,O=C1C=C2CCC3C4CCC(O)(C(=O)CO)C4(C)CC(O)C3C2(C)CC1,S/O/W,10.1016/j.ejpb.2023.08.006 ,362.4660000000001,94.83,1.7816,31.0,1.0,0.1111111111111111,35.0,7.8,78.2,0.0,0.6142655530209387,AUC > 0.5,30.0562537336548,13,0.976945372480474,0.04341113206324928,0.05867825402541025,0.09013422172664677,1
21,46,tenofovir alafenamide fumarate,O=C(O)C=CC(=O)O.O=C(OC(C)C)C(NP(=O)(OC=1C=CC=CC1)COC(C)CN2C=NC=3C(=NC=NC32)N)C,S/O/W,10.1016/j.jddst.2023.104762,592.546,218.08,2.684699999999999,9.5,3.0,0.0499790004199916,24.4,2.3,48.36,0.0,0.6556555534221458,AUC > 0.5,14.9732620320855,17,0.80000381290095,0.19927253456665178,0.34788441692466515,0.5027749674808494,1
22,46,tenofovir alafenamide fumarate,O=C(O)C=CC(=O)O.O=C(OC(C)C)C(NP(=O)(OC=1C=CC=CC1)COC(C)CN2C=NC=3C(=NC=NC32)N)C,S/O/W,10.1016/j.jddst.2023.104762,592.546,218.08,2.684699999999999,9.5,3.0,0.0499790004199916,23.5,2.58,54.29,0.0,0.6265285644281379,AUC > 0.5,15.0,17,0.81008902,0.10325844014543747,0.22783100165528467,0.4085818785788106,1
23,46,tenofovir alafenamide fumarate,O=C(O)C=CC(=O)O.O=C(OC(C)C)C(NP(=O)(OC=1C=CC=CC1)COC(C)CN2C=NC=3C(=NC=NC32)N)C,S/O/W,10.1016/j.jddst.2023.104762,592.546,218.08,2.684699999999999,9.5,3.0,0.02997219075084973,23.4,1.32,45.32,0.0,0.5675770317111667,AUC > 0.5,15.0,17,0.764985163,0.06938099555225052,0.15170835104918648,0.3160152610885516,1
24,46,tenofovir alafenamide fumarate,O=C(O)C=CC(=O)O.O=C(OC(C)C)C(NP(=O)(OC=1C=CC=CC1)COC(C)CN2C=NC=3C(=NC=NC32)N)C,S/O/W,10.1016/j.jddst.2023.104762,592.546,218.08,2.684699999999999,9.5,3.0,0.0999890001099989,26.5,3.67,40.44,0.0,0.6356772189396069,AUC > 0.5,15.0,17,0.807715134,0.10624801587038255,0.23282912342742956,0.4380793098649773,1
25,46,tenofovir alafenamide fumarate,O=C(O)C=CC(=O)O.O=C(OC(C)C)C(NP(=O)(OC=1C=CC=CC1)COC(C)CN2C=NC=3C(=NC=NC32)N)C,S/O/W,10.1016/j.jddst.2023.104762,592.546,218.08,2.684699999999999,9.5,3.0,0.0499790004199916,27.67,1.86,39.06,0.0,0.5996188842061448,AUC > 0.5,15.0,17,0.764985163,0.10542885361260504,0.18727144314437913,0.34739079452943333,1
26,80,minoxidil ,O=N1=C(N=C(C=C1N)N2CCCCC2)N,O/W,10.1021/acsami.2c22814,209.2529999999999,95.10999999999999,-0.1303000000000004,45.0,1.0,0.8333333333333334,15.3,6.181818181818182,13.6,0.1,0.8245101105309436,AUC > 0.5,28.075509590688,11,0.981959396688343,0.17824536616543765,0.34357318262858677,0.5046576156971563,2
27,20,donepezil HCl,Cl.O=C1C2=CC(OC)=C(OC)C=C2CC1CC3CCN(CC=4C=CC=CC4)CC3,O/W,10.1016/j.ijpharm.2022.122566,415.9610000000002,38.77,4.782900000000005,40.0,1.0,0.25,35.86,17.63,89.23,0.0,0.7189083002219542,AUC > 0.5,29.8905173270464,30,0.93694894577952,0.025067790519128375,0.05013558103825675,0.13484444444444477,3
28,20,donepezil HCl,Cl.O=C1C2=CC(OC)=C(OC)C=C2CC1CC3CCN(CC=4C=CC=CC4)CC3,O/W,10.1016/j.ijpharm.2022.122566,415.9610000000002,38.77,4.782900000000005,40.0,1.0,0.25,35.82,19.75,94.3,0.0,0.6567930544783778,AUC > 0.5,29.8945265516898,30,0.902383946653325,0.01556865934661783,0.03113731869323566,0.08073331367344914,3
29,20,donepezil HCl,Cl.O=C1C2=CC(OC)=C(OC)C=C2CC1CC3CCN(CC=4C=CC=CC4)CC3,O/W,10.1016/j.ijpharm.2022.122566,415.9610000000002,38.77,4.782900000000005,70.0,1.0,0.25,33.35,18.17,92.39,0.0,0.6422559546886571,AUC > 0.5,29.8515558875635,29,0.93941273425694,0.0063056330543376626,0.012611266108675325,0.03494454055154169,3
30,44,ketorolac tromethamine ,O=C(O)C1C2=CC=C(C(=O)C=3C=CC=CC3)N2CC1.OCC(N)(CO)CO,W/O/W,10.3390/polym15020266,376.4090000000002,146.01,-0.0481999999999998,53.4,1.0,0.25,2.16,8.83,76.32,0.0,0.8826230056622771,AUC > 0.5,35.0821329432595,14,0.916828711090277,0.7336960596800666,0.7799422705995401,0.802423487891897,0
31,44,ketorolac tromethamine ,O=C(O)C1C2=CC=C(C(=O)C=3C=CC=CC3)N2CC1.OCC(N)(CO)CO,W/O/W,10.3390/polym15020266,376.4090000000002,146.01,-0.0481999999999998,53.4,1.0,0.25,45.5,8.93,77.15,0.0,0.9002581885031655,AUC > 0.5,35.043695380774,15,0.942200887144707,0.7867205227205248,0.7752655570046865,0.8403953977867027,0
32,51,paliperidone palmitate,O=C(OC1C2=NC(=C(C(=O)N2CCC1)CCN3CCC(C4=NOC=5C=C(F)C=CC54)CC3)C)CCCCCCCCCCCCCCC,O/W,10.1016/j.jddst.2022.103609,664.9069999999997,90.46,9.113520000000003,9.5,3.0,0.4104,75.21,32.42,82.4,0.02,0.35600230748223993,AUC <= 0.5,11.2144702842377,18,0.994369436348856,0.01182728410513144,0.028855168339306275,0.06671110627414703,4
33,51,paliperidone palmitate,O=C(OC1C2=NC(=C(C(=O)N2CCC1)CCN3CCC(C4=NOC=5C=C(F)C=CC54)CC3)C)CCCCCCCCCCCCCCC,O/W,10.1016/j.jddst.2022.103609,664.9069999999997,90.46,9.113520000000003,9.5,3.0,0.3811,85.41,32.42,81.1,0.02,0.3558122241557819,AUC <= 0.5,11.2144702842377,18,0.963678899264457,0.005743058092802068,0.0257861146308662,0.05811495736129787,4
34,51,paliperidone palmitate,O=C(OC1C2=NC(=C(C(=O)N2CCC1)CCN3CCC(C4=NOC=5C=C(F)C=CC54)CC3)C)CCCCCCCCCCCCCCC,O/W,10.1016/j.jddst.2022.103609,664.9069999999997,90.46,9.113520000000003,9.5,3.0,0.4382,84.12,38.42,89.62,0.02,0.37501856026666364,AUC <= 0.5,11.2144702842377,18,0.997438490057296,0.005803190841553746,0.033244194995296995,0.06732211848661757,4
35,9,rapamycin,CC1CCC2CC(C(=CC=CC=CC(CC(C(=O)C(C(C(=CC(C(=O)CC(OC(=O)C3CCCCN3C(=O)C(=O)C1(O2)O)C(C)CC4CCC(C(C4)OC)O)C)C)O)OC)C)C)C)OC,O/W,10.1002/btm2.10298 ,914.1870000000001,195.4299999999999,6.180600000000006,80.0,1.0,0.01,1.153,0.2699009900990099,27.26,0.0,0.7823819383660655,AUC > 0.5,29.9687010954616,8,0.9893884298600697,0.25625,0.37092912393029476,0.48081351237684944,4
36,9,rapamycin,CC1CCC2CC(C(=CC=CC=CC(CC(C(=O)C(C(C(=CC(C(=O)CC(OC(=O)C3CCCCN3C(=O)C(=O)C1(O2)O)C(C)CC4CCC(C(C4)OC)O)C)C)O)OC)C)C)C)OC,O/W,10.1002/btm2.10298 ,914.1870000000001,195.4299999999999,6.180600000000006,215.0,5.67,0.01,1.192,0.505940594059406,51.1,0.0,0.7288870831261394,AUC > 0.5,119.999999999999,12,0.974016681858724,0.4309895833333344,0.4502777234134509,0.46539500527655864,4
37,81,celecoxib,O=S(=O)(N)C1=CC=C(C=C1)N2N=C(C=C2C=3C=CC(=CC3)C)C(F)(F)F,O/W,10.1177/08853282211056937 ,381.3790000000001,77.98,3.513920000000002,20.0,3.0,0.1,3.75,7.81,85.04,0.5,0.9022747895741414,AUC > 0.5,75.0233281493001,11,0.979245283018868,0.27597582547169736,0.3837971698113203,0.4672051886792448,3
38,81,celecoxib,O=S(=O)(N)C1=CC=C(C=C1)N2N=C(C=C2C=3C=CC(=CC3)C)C(F)(F)F,O/W,10.1177/08853282211056937 ,381.3790000000001,77.98,3.513920000000002,20.0,3.0,0.1,49.56,8.31,92.48,0.5,0.6006148502769169,AUC > 0.5,75.0233281493001,11,0.80566037735849,0.1962529481132069,0.2020371462264149,0.2181500589622639,3
39,62,levonorgestrel,O=C1C=C2CCC3C(CCC4(CC)C3CCC4(O)C#C)C2CC1,O/W,10.1016/j.jddst.2021.102955,312.453,37.3,3.882600000000003,20.0,3.0,0.13625,2.95,11.12,83.71,0.1,0.6823925983189415,AUC > 0.5,90.0414937759335,17,0.998430575549721,0.09061807580174927,0.17634110787172,0.1900218658892125,3
40,21,palonosetron hydrochlorid,Cl.O=C1C2=CC=CC3=C2C(CN1C4CN5CCC4CC5)CCC3,W/O/W,10.1016/j.jddst.2021.102775,332.8750000000002,23.55,3.078300000000001,10.0,1.0,0.04,12.72,2.96,77.89,0.0,0.5997906891353679,AUC > 0.5,59.9630850990167,22,0.885775862068965,0.10124346643117973,0.1517884161471884,0.21876578852399858,0
41,60,palonosetron,O=C1C2=CC=CC3=C2C(CN1C4CN5CCC4CC5)CCC3,O/W,10.1016/j.jddst.2021.102775,296.414,23.55,2.656500000000001,10.0,1.0,0.04,29.83,2.9,76.62,0.0,0.7606581438356135,AUC > 0.5,34.8137665604948,15,0.909482758620689,0.22244771934509366,0.30208358194706314,0.391226520919354,4
42,60,palonosetron,O=C1C2=CC=CC3=C2C(CN1C4CN5CCC4CC5)CCC3,S/W/O/W,10.1016/j.jddst.2021.102775,296.414,23.55,2.656500000000001,10.0,1.0,0.04,15.26,3.18,83.69,0.0,0.644106424880033,AUC > 0.5,49.8714397821169,19,0.862068965517241,0.20026916768305472,0.25926450376910537,0.3066940269535797,4
43,55,risperidone,O=C1C(=C(N=C2N1CCCC2)C)CCN3CCC(C4=NOC=5C=C(F)C=CC54)CC3,O/W,10.1007/s12247-021-09544-7 ,410.4930000000002,64.16,3.590420000000003,95.5,3.0,0.5,43.34,24.3,72.8,0.0,0.5200112443966437,AUC > 0.5,40.1247865354483,13,1.00679917607084,0.0506968204404374,0.06390485339615308,0.07710799244157683,3
44,55,risperidone,O=C1C(=C(N=C2N1CCCC2)C)CCN3CCC(C4=NOC=5C=C(F)C=CC54)CC3,O/W,10.1007/s12247-021-09544-7 ,410.4930000000002,64.16,3.590420000000003,95.5,3.0,0.5,57.49,23.9,73.4,0.0,0.40557703071406964,AUC <= 0.5,40.1870389605816,13,1.00906322071794,0.013769161994227074,0.016933128120785745,0.020097094247344415,3
45,66,budesonide,O=C1C=CC2(C(=C1)CCC3C4CC5OC(OC5(C(=O)CO)C4(C)CC(O)C32)CCC)C,O/W,10.1016/j.actbio.2020.12.061,430.5410000000003,93.06,2.716800000000001,31.0,1.0,0.1,2.87,7.715454545454546,84.87,0.15,0.6437499285448881,AUC > 0.5,7.03559322033898,11,0.893735875706214,0.3809381845958733,0.5275805915586576,0.6466057016026757,4
46,47,sunitinib malate ,O=C(O)CC(O)C(=O)O.O=C1NC2=CC=C(F)C=C2C1=CC=3NC(=C(C(=O)NCCN(CC)CC)C3C)C,O/W,10.1208/s12249-020-01877-9 ,532.5690000000003,172.06,2.24154,5.1,1.0,0.2,13.8,7.6,45.6,0.0,0.5926028827372533,AUC > 0.5,28.9655172413793,18,0.826732673267326,0.13712871287128703,0.20412541254125413,0.2965717821782182,3
47,36,regorafenib,O=C(NC1=CC=C(Cl)C(=C1)C(F)(F)F)NC2=CC=C(OC=3C=CN=C(C3)C(=O)NC)C=C2F,O/W,10.1016/j.ajps.2020.01.001 ,482.8210000000001,92.35,5.688800000000001,34.0,1.0,0.4285714285714285,149.0,28.6,91.5,2.0,0.5109429502163794,AUC > 0.5,29.9779142341343,13,0.704783568946342,0.149553636762769,0.23892822966507174,0.28577215505421905,2
48,82,cannabidiol ,OC=1C=C(C=C(O)C1C2C=C(C)CCC2C(=C)C)CCCCC,O/W,10.1016/j.ejpb.2020.07.008,314.4690000000001,40.46,5.846500000000004,12.0,1.0,0.1,24.17,8.6,94.62,0.5,0.5821739576839403,AUC > 0.5,41.871089876498665,12,0.92197962679167,0.1754364496224922,0.2724998872962064,0.2970121427137118,3
49,82,cannabidiol ,OC=1C=C(C=C(O)C1C2C=C(C)CCC2C(=C)C)CCCCC,O/W,10.1016/j.ejpb.2020.07.008,314.4690000000001,40.46,5.846500000000004,12.0,1.0,0.2,25.14,14.97,89.86,0.5,0.4616213808463242,AUC <= 0.5,41.80633147113584,12,0.984,0.12506000000000017,0.14638545454545443,0.16104126984126935,3
50,81,celecoxib,O=S(=O)(N)C1=CC=C(C=C1)N2N=C(C=C2C=3C=CC(=CC3)C)C(F)(F)F,O/W,10.1016/j.ijpharm.2020.119601 ,381.3790000000001,77.98,3.513920000000002,12.0,1.0,0.25,67.1,12.76,63.8,0.5,0.9929978593531388,AUC > 0.5,30.0394736842105,16,1.03225806451612,0.6847158218125987,0.912982875348467,0.9772998805256871,3
51,27,clotrimazole,ClC=1C=CC=CC1C(C=2C=CC=CC2)(C=3C=CC=CC3)N4C=NC=C4,O/W,10.1016/j.ijpharm.2020.119601 ,344.845,17.82,5.376700000000004,12.0,1.0,0.25,63.7,19.46,97.3,0.5,0.6614943198677463,AUC > 0.5,30.0394736842105,15,0.991935483870967,0.246881720430108,0.269892473118279,0.326612903225806,1
52,74,erythromycin,O=C1OC(CC)C(O)(C)C(O)C(C(=O)C(C)CC(O)(C)C(OC2OC(C)CC(N(C)C)C2O)C(C)C(OC3OC(C)C(O)C(OC)(C)C3)C1C)C,O/W,10.1016/j.ijpharm.2020.119601 ,733.9370000000001,193.91,1.785600000000006,12.0,1.0,0.25,59.5,7.62,38.1,0.5,0.8934441410549465,AUC > 0.5,30.078947368421,15,1.01209677419354,0.5765456989247316,0.6458850289495448,0.6724193548387092,4
53,40,ibuprofen,O=C(O)C(C1=CC=C(C=C1)CC(C)C)C,O/W,10.1016/j.ijpharm.2020.119601 ,206.285,37.3,3.073200000000002,12.0,1.0,0.25,45.1,11.46,57.3,0.5,0.9693506053678731,AUC > 0.5,30.078947368421,15,1.04435483870967,0.30293631100082685,0.5627584780810604,0.826612903225806,1
54,48,indomethacin,O=C(O)CC=1C=2C=C(OC)C=CC2N(C(=O)C3=CC=C(Cl)C=C3)C1C,O/W,10.1016/j.ijpharm.2020.119601 ,357.7930000000001,68.53,3.927320000000003,12.0,1.0,0.25,60.2,14.62,73.1,0.5,0.9041650791634891,AUC > 0.5,30.078947368421,17,1.02016129032258,0.37999231950844875,0.4904838709677415,0.5888647642679897,0
55,72,lopinavir,O=C1NCCCN1C(C(=O)NC(CC=2C=CC=CC2)CC(O)C(NC(=O)COC=3C(=CC=CC3C)C)CC=4C=CC=CC4)C(C)C,O/W,10.1016/j.ijpharm.2020.119601 ,628.8140000000003,120.0,4.328140000000004,12.0,1.0,0.25,82.6,19.08,95.4,0.5,0.8498275679117137,AUC > 0.5,30.0,18,1.00403225806451,0.5528329197684029,0.5842638544251441,0.6139486260453997,2
56,53,ritonavir,O=C(OCC=1SC=NC1)NC(CC=2C=CC=CC2)C(O)CC(NC(=O)C(NC(=O)N(C)CC=3N=C(SC3)C(C)C)C(C)C)CC=4C=CC=CC4,O/W,10.1016/j.ijpharm.2020.119601 ,720.9620000000001,145.78,5.905200000000005,12.0,1.0,0.25,98.9,6.78,33.9,0.5,0.9311363443686131,AUC > 0.5,30.0394736842105,18,1.01209677419354,0.5253308519437547,0.6117741935483867,0.6671836228287841,4
57,55,risperidone,O=C1C(=C(N=C2N1CCCC2)C)CCN3CCC(C4=NOC=5C=C(F)C=CC54)CC3,O/W,10.1016/j.jddst.2020.101702,410.4930000000002,64.16,3.590420000000003,95.5,3.0,0.5,5.14,26.72,69.41,0.02,0.7998278537573019,AUC > 0.5,27.829846923731388,19,0.999999999999999,0.18406176732152943,0.3009661621127875,0.5097280302782893,3
58,15,PD98059 ,COC1=CC=CC(=C1N)C2=CC(=O)C3=CC=CC=C3O2,O/W,10.1007/s13346-020-00758-9 ,267.284,65.46000000000001,3.050800000000001,31.0,1.0,0.06,16.73,2.433,43.0,0.4,0.5248180695589395,AUC > 0.5,27.9996607276575,17,0.733664936140662,0.15691502033189803,0.23054375182034795,0.30750376343669583,0
59,30,trimethoprim,N=1C=C(C(=NC1N)N)CC2=CC(OC)=C(OC)C(OC)=C2,O/W,10.1021/acsomega.0c00981,290.323,105.51,1.257599999999999,31.0,1.0,0.1,18.7,2.75,30.25,0.0,0.7949907235,AUC > 0.5,14.0,11,0.992207792,0.327272727,0.535064935,0.675324675,3
60,30,trimethoprim,N=1C=C(C(=NC1N)N)CC2=CC(OC)=C(OC)C(OC)=C2,O/W,10.1021/acsomega.0c00981,290.323,105.51,1.257599999999999,2.3,1.0,0.1,19.35,4.03,44.33,0.0,0.8258823530714285,AUC > 0.5,14.0,11,1.007058824,0.305882353,0.545882353,0.701176471,3
61,82,cannabidiol ,OC=1C=C(C=C(O)C1C2C=C(C)CCC2C(=C)C)CCCCC,O/W,10.1016/j.ijpharm.2019.118916,314.4690000000001,40.46,5.846500000000004,12.0,1.0,0.1111111111111111,24.17,8.601,94.62,0.5,0.5771668356118096,AUC > 0.5,42.0583038869257,13,0.927536231884058,0.10997047772410112,0.229915906244409,0.292779388083736,3
62,82,cannabidiol ,OC=1C=C(C=C(O)C1C2C=C(C)CCC2C(=C)C)CCCCC,O/W,10.1016/j.ijpharm.2019.118916,314.4690000000001,40.46,5.846500000000004,51.0,1.0,0.1111111111111111,24.12,5.212,57.63,0.5,0.5121914468096761,AUC > 0.5,42.0583038869257,13,0.792270531400966,0.08569213335718989,0.15775630703166962,0.20517981749865769,3
63,45,asenapine maleate,O=C(O)C=CC(=O)O.ClC1=CC=C2OC=3C=CC=CC3C4CN(C)CC4C2=C1,O/W,10.1080/10717544.2020.1815896,401.8460000000002,87.07,3.970300000000003,50.0,3.0,0.2,50.61,13.29,80.06,0.52,0.5479652513539769,AUC > 0.5,39.9583726705365,13,0.760531309297912,0.37141335914811485,0.40100367647058777,0.4200349264705878,4
64,58,diprophylline,O=C1C2=C(N=CN2CC(O)CO)N(C(=O)N1C)C,S/O/W,10.1016/j.ijpharm.2019.118819 ,254.246,102.28,-2.213099999999999,46.0,1.0,0.2270858793467392,62.9,4.8,25.93737769080235,0.0,0.8697757289563879,AUC > 0.5,22.0425531914893,15,1.00077120822622,0.5364781491002566,0.6257583547557839,0.6998491114339994,3
65,58,diprophylline,O=C1C2=C(N=CN2CC(O)CO)N(C(=O)N1C)C,S/O/W,10.1016/j.ijpharm.2019.118819 ,254.246,102.28,-2.213099999999999,46.0,1.0,0.1498262016061369,113.3,5.8,44.51152,0.0,0.7088161879142569,AUC > 0.5,22.0,16,0.997697314445112,0.11865895458440363,0.182262210796915,0.21989074550128543,3
66,58,diprophylline,O=C1C2=C(N=CN2CC(O)CO)N(C(=O)N1C)C,S/O/W,10.1016/j.ijpharm.2019.118819 ,254.246,102.28,-2.213099999999999,46.0,1.0,0.1110500274876306,295.7,6.7,67.03316831683169,0.0,0.637863539403221,AUC > 0.5,22.0,16,0.992030848329048,0.1035756017761151,0.14401028277634906,0.17734283711147397,3
67,57,caffeine ,O=C1C2=C(N=CN2C)N(C(=O)N1C)C,O/W,10.1002/app.48710 ,194.194,61.82,-1.0293,46.0,1.0,0.1084043848964677,61.8,5.9,60.32584269662922,0.0,0.6884553439345011,AUC > 0.5,18.0920600430145,17,1.00196226247755,0.12390739939420131,0.19115674769488677,0.24341830822711485,4
68,57,caffeine ,O=C1C2=C(N=CN2C)N(C(=O)N1C)C,O/W,10.1002/app.48710 ,194.194,61.82,-1.0293,46.0,1.0,0.1161318974131231,94.1,5.5,52.85994263862334,0.0,0.5932212627125433,AUC > 0.5,18.023990598878,17,1.00619720183587,0.11482065431612114,0.14980951669530088,0.18929809358752156,4
69,14,4-methoxy chalcone ,COC1=CC=C(C=C1)C=CC(=O)C2=CC=CC=C2,O/W,10.1007/s12247-018-9346-9 ,238.286,26.3,3.591300000000002,46.0,1.0,0.05263157894736842,59.2,3.7,74.2,30.0,0.7245987090488335,AUC > 0.5,20.0347826086956,7,1.07741322616002,0.16783812662996217,0.22165133294697167,0.2754645392639812,4
70,14,4-methoxy chalcone ,COC1=CC=C(C=C1)C=CC(=O)C2=CC=CC=C2,O/W,10.1007/s12247-018-9346-9 ,238.286,26.3,3.591300000000002,46.0,1.0,0.1111111111111111,54.0,8.6,85.7,30.0,0.5728852157943063,AUC > 0.5,14.9787234042553,7,1.0690909090909,0.12614497245179063,0.18562327823691457,0.24510158402203852,4
71,14,4-methoxy chalcone ,COC1=CC=C(C=C1)C=CC(=O)C2=CC=CC=C2,O/W,10.1007/s12247-018-9346-9 ,238.286,26.3,3.591300000000002,46.0,1.0,0.25,288.7,19.6,98.2,30.0,0.4619703264822011,AUC <= 0.5,30.0148779563074,9,0.866367713004484,0.04057328008790578,0.05330378485427557,0.06603428962064535,4
72,14,4-methoxy chalcone ,COC1=CC=C(C=C1)C=CC(=O)C2=CC=CC=C2,O/W,10.1007/s12247-018-9346-9 ,238.286,26.3,3.591300000000002,46.0,1.0,0.05263157894736842,59.9,4.2,84.1,30.0,0.3991657890777788,AUC <= 0.5,29.959420289855,9,0.862024113993423,0.08812170216923955,0.10779509478209863,0.1274684873949577,4
73,14,4-methoxy chalcone ,COC1=CC=C(C=C1)C=CC(=O)C2=CC=CC=C2,O/W,10.1007/s12247-018-9346-9 ,238.286,26.3,3.591300000000002,46.0,1.0,0.1111111111111111,54.5,4.6,46.2,30.0,0.5537933884297512,AUC > 0.5,19.9716312056737,6,1.07393939393939,0.12842902711323764,0.17902711323763953,0.2296251993620414,4
74,14,4-methoxy chalcone ,COC1=CC=C(C=C1)C=CC(=O)C2=CC=CC=C2,O/W,10.1007/s12247-018-9346-9 ,238.286,26.3,3.591300000000002,46.0,1.0,0.25,108.9,12.4,61.5,30.0,0.7778481629811504,AUC > 0.5,12.0728470760501,6,1.08161434977578,0.2423071857749681,0.3752772165795419,0.5082472473841156,4
75,14,4-methoxy chalcone ,COC1=CC=C(C=C1)C=CC(=O)C2=CC=CC=C2,O/W,10.1007/s12247-018-9346-9 ,238.286,26.3,3.591300000000002,12.0,1.0,0.05263157894736842,65.6,4.2,84.2,30.0,0.6480295141343648,AUC > 0.5,29.959420289855,9,0.887234198027036,0.16866205784639424,0.23384551495016587,0.2990289720539375,4
76,14,4-methoxy chalcone ,COC1=CC=C(C=C1)C=CC(=O)C2=CC=CC=C2,O/W,10.1007/s12247-018-9346-9 ,238.286,26.3,3.591300000000002,12.0,1.0,0.1111111111111111,54.9,9.0,90.1,30.0,0.637215594862653,AUC > 0.5,30.0936170212765,10,1.00121212121212,0.11159961685823708,0.17114768373389017,0.23069575060954325,4
77,14,4-methoxy chalcone ,COC1=CC=C(C=C1)C=CC(=O)C2=CC=CC=C2,O/W,10.1007/s12247-018-9346-9 ,238.286,26.3,3.591300000000002,12.0,1.0,0.25,67.2,19.3,96.6,30.0,0.6650750282831526,AUC > 0.5,30.0629894494633,10,0.98744394618834,0.22786875786894992,0.26577268023456324,0.3036766026001765,4
78,14,4-methoxy chalcone ,COC1=CC=C(C=C1)C=CC(=O)C2=CC=CC=C2,O/W,10.1007/s12247-018-9346-9 ,238.286,26.3,3.591300000000002,40.0,1.0,0.05263157894736842,62.5,4.4,87.9,30.0,0.6510168270206624,AUC > 0.5,25.0434782608695,8,0.911658750456704,0.11390267313822036,0.1595932338452617,0.20528379455230306,4
79,14,4-methoxy chalcone ,COC1=CC=C(C=C1)C=CC(=O)C2=CC=CC=C2,O/W,10.1007/s12247-018-9346-9 ,238.286,26.3,3.591300000000002,40.0,1.0,0.1111111111111111,65.8,10.0,100.0,30.0,0.6819178207413501,AUC > 0.5,30.0936170212765,10,0.972121212121212,0.08167007150153227,0.12607763023493374,0.17048518896833517,4
80,14,4-methoxy chalcone ,COC1=CC=C(C=C1)C=CC(=O)C2=CC=CC=C2,O/W,10.1007/s12247-018-9346-9 ,238.286,26.3,3.591300000000002,40.0,1.0,0.25,79.1,19.9,99.3,30.0,0.6861676361157469,AUC > 0.5,20.0955431499954,8,1.07354260089686,0.18892860413531573,0.25172850438731076,0.3145284046393058,4
81,61,progesterone,O=C1C=C2CCC3C(CCC4(C)C(C(=O)C)CCC34)C2(C)CC1,O/W,10.1016/j.ajps.2018.05.010 ,314.4690000000001,34.14,4.723500000000005,31.0,1.86,0.1,4.03,9.32,98.2,2.0,0.6061052854330281,AUC > 0.5,13.9769624769797,30,0.828125,0.36085235920852365,0.45797666781920265,0.49229288768516644,3
82,55,risperidone,O=C1C(=C(N=C2N1CCCC2)C)CCN3CCC(C4=NOC=5C=C(F)C=CC54)CC3,O/W,10.1080/02652048.2019.1582723,410.4930000000002,64.16,3.590420000000003,97.5,3.0,0.7241379310344828,104.0,38.14,90.8,0.02,0.5580479072358423,AUC > 0.5,49.9805825242718,23,0.990719257540603,0.03319154421242613,0.04817797188480964,0.062235567080660546,3
83,55,risperidone,O=C1C(=C(N=C2N1CCCC2)C)CCN3CCC(C4=NOC=5C=C(F)C=CC54)CC3,O/W,10.1080/02652048.2019.1582723,410.4930000000002,64.16,3.590420000000003,97.5,3.0,0.7241379310344828,106.0,38.96,92.76,0.02,0.45883969085825227,AUC <= 0.5,49.9805825242718,23,0.960556844547563,0.01429706969150121,0.019828993726905615,0.02536091776231002,3
84,55,risperidone,O=C1C(=C(N=C2N1CCCC2)C)CCN3CCC(C4=NOC=5C=C(F)C=CC54)CC3,O/W,10.1080/02652048.2019.1582723,410.4930000000002,64.16,3.590420000000003,97.5,3.0,0.7241379310344828,107.0,37.33,89.03,0.02,0.6071152358855375,AUC > 0.5,49.9805825242718,23,0.990719257540603,0.09293632379479323,0.10524998862654106,0.11345025249078731,3
85,12,ropivacaine mesilate ,CCCN1CCCCC1C(=O)NC2=C(C=CC=C2C)C.CS(=O)(=O)O,W/O/W,10.2174/1567201816666190528122137,370.5150000000001,86.71000000000001,3.010440000000001,12.0,3.0,0.1889698231009365,20.78,9.08,57.13,0.04,0.6516160442252706,AUC > 0.5,11.9696969696969,13,0.945409429280397,0.300248138957816,0.384615384615384,0.419354838709677,2
86,12,ropivacaine mesilate ,CCCN1CCCCC1C(=O)NC2=C(C=CC=C2C)C.CS(=O)(=O)O,S/O/W,10.2174/1567201816666190528122137,370.5150000000001,86.71000000000001,3.010440000000001,12.0,3.0,0.1081941129673827,7.41,8.16,83.58,0.04,0.535788305075682,AUC > 0.5,11.9545454545454,13,0.933002481389578,0.1712158808933,0.184224377772764,0.225242499436048,2
87,12,ropivacaine mesilate ,CCCN1CCCCC1C(=O)NC2=C(C=CC=C2C)C.CS(=O)(=O)O,O/W,10.2174/1567201816666190528122137,370.5150000000001,86.71000000000001,3.010440000000001,12.0,3.0,0.4065634852393235,11.19,28.37,98.15,0.04,0.46703835160347784,AUC <= 0.5,11.9696969696969,13,0.903225806451612,0.11244027998963009,0.141439205955334,0.1712158808933,2
88,12,ropivacaine mesilate ,CCCN1CCCCC1C(=O)NC2=C(C=CC=C2C)C.CS(=O)(=O)O,O/W,10.2174/1567201816666190528122137,370.5150000000001,86.71000000000001,3.010440000000001,8.0,3.0,0.2683260393873085,6.64,19.62,92.74,0.04,0.5908282815591901,AUC > 0.5,11.9696969696969,13,0.952853598014888,0.21373282471019556,0.235732009925558,0.30272952853598,2
89,29,"olanzapine (2-methyl-4-(4-methyl- 1-piperazinyl)-10H thieno[2,3][1,5]benzodiazepine) ",N=1C=2C=CC=CC2NC=3SC(=CC3C1N4CCN(C)CC4)C,O/W,10.2174/1567201816666181227105930,312.4420000000001,30.87,3.439220000000002,75.0,1.0,0.25,10.51,17.188,85.94,0.02,0.6447409003896717,AUC > 0.5,36.0666666666666,20,1.00033907146583,0.0477695231216355,0.09646769505924398,0.15181086519114687,4
90,29,"olanzapine (2-methyl-4-(4-methyl- 1-piperazinyl)-10H thieno[2,3][1,5]benzodiazepine) ",N=1C=2C=CC=CC2NC=3SC(=CC3C1N4CCN(C)CC4)C,O/W,10.2174/1567201816666181227105930,312.4420000000001,30.87,3.439220000000002,82.0,1.86,0.25,10.82,17.982,89.91,0.02,0.582242062631143,AUC > 0.5,36.0666666666666,21,0.994075564498099,0.05818242790073782,0.08663089649005147,0.12961099932930895,4
91,29,"olanzapine (2-methyl-4-(4-methyl- 1-piperazinyl)-10H thieno[2,3][1,5]benzodiazepine) ",N=1C=2C=CC=CC2NC=3SC(=CC3C1N4CCN(C)CC4)C,O/W,10.2174/1567201816666181227105930,312.4420000000001,30.87,3.439220000000002,90.0,3.0,0.25,12.2,18.168,90.84,0.02,0.44394648509940965,AUC <= 0.5,36.0666666666666,22,0.929573738728668,0.020064833445115,0.03243644875790698,0.062206572769953,4
92,29,"olanzapine (2-methyl-4-(4-methyl- 1-piperazinyl)-10H thieno[2,3][1,5]benzodiazepine) ",N=1C=2C=CC=CC2NC=3SC(=CC3C1N4CCN(C)CC4)C,O/W,10.2174/1567201816666181227105930,312.4420000000001,30.87,3.439220000000002,96.0,5.67,0.25,14.81,19.224,96.12,0.02,0.35630757347144193,AUC <= 0.5,36.1333333333333,21,0.754519710857739,0.061844925763732614,0.08486868925974164,0.09867538564721656,4
93,29,"olanzapine (2-methyl-4-(4-methyl- 1-piperazinyl)-10H thieno[2,3][1,5]benzodiazepine) ",N=1C=2C=CC=CC2NC=3SC(=CC3C1N4CCN(C)CC4)C,O/W,10.2174/1567201816666181227105930,312.4420000000001,30.87,3.439220000000002,90.0,3.0,0.2,14.31,15.22,91.32,0.02,0.4321251993037171,AUC <= 0.5,36.1318681318681,21,0.93186372745491,0.023213092852371515,0.040198043145113875,0.06749212711136585,4
94,29,"olanzapine (2-methyl-4-(4-methyl- 1-piperazinyl)-10H thieno[2,3][1,5]benzodiazepine) ",N=1C=2C=CC=CC2NC=3SC(=CC3C1N4CCN(C)CC4)C,O/W,10.2174/1567201816666181227105930,312.4420000000001,30.87,3.439220000000002,90.0,3.0,0.1666666666666667,19.92,13.16285714285714,92.14,0.02,0.390991837689979,AUC <= 0.5,36.1318681318681,21,0.879759519038076,0.014079440933148404,0.022712090848363696,0.053106212424849975,4
95,29,"olanzapine (2-methyl-4-(4-methyl- 1-piperazinyl)-10H thieno[2,3][1,5]benzodiazepine) ",N=1C=2C=CC=CC2NC=3SC(=CC3C1N4CCN(C)CC4)C,O/W,10.2174/1567201816666181227105930,312.4420000000001,30.87,3.439220000000002,90.0,3.0,0.2,12.23,13.69,82.14,0.02,0.45505249040228707,AUC <= 0.5,36.0844529750479,21,0.938368571162087,0.02193586464686181,0.04067295396419425,0.06780290920716098,4
96,29,"olanzapine (2-methyl-4-(4-methyl- 1-piperazinyl)-10H thieno[2,3][1,5]benzodiazepine) ",N=1C=2C=CC=CC2NC=3SC(=CC3C1N4CCN(C)CC4)C,O/W,10.2174/1567201816666181227105930,312.4420000000001,30.87,3.439220000000002,90.0,3.0,0.2,9.71,13.08833333333333,78.53,0.02,0.47419870578020507,AUC <= 0.5,36.0844529750479,21,0.938368571162087,0.02193586464686181,0.04098465473145771,0.07206866024001578,4
97,5,vancomycin,CC1C(C(CC(O1)OC2C(C(C(OC2OC3=C4C=C5C=C3OC6=C(C=C(C=C6)C(C(C(=O)NC(C(=O)NC5C(=O)NC7C8=CC(=C(C=C8)O)C9=C(C=C(C=C9O)O)C(NC(=O)C(C(C1=CC(=C(O4)C=C1)Cl)O)NC7=O)C(=O)O)CC(=O)N)NC(=O)C(CC(C)C)NC)O)Cl)CO)O)O)(C)N)O,W/O/W,10.12659/MSM.911770,1449.271,530.4899999999999,0.1062000000000061,51.0,3.0,0.125,71.7174384236453,5.48,70.2,0.0,0.6568214494832906,AUC > 0.5,28.0,8,0.818371607515657,0.13124968347129287,0.26249936694258574,0.36270205785863385,1
98,5,vancomycin,CC1C(C(CC(O1)OC2C(C(C(OC2OC3=C4C=C5C=C3OC6=C(C=C(C=C6)C(C(C(=O)NC(C(=O)NC5C(=O)NC7C8=CC(=C(C=C8)O)C9=C(C=C(C=C9O)O)C(NC(=O)C(C(C1=CC(=C(O4)C=C1)Cl)O)NC7=O)C(=O)O)CC(=O)N)NC(=O)C(CC(C)C)NC)O)Cl)CO)O)O)(C)N)O,W/O/W,10.12659/MSM.911770,1449.271,530.4899999999999,0.1062000000000061,51.0,3.0,0.25,65.82177339901475,8.336702083,63.63246913580245,0.0,0.6684447223933855,AUC > 0.5,28.0,7,0.872651356993737,0.16957075893736392,0.33914151787472785,0.4203683268714584,1
99,5,vancomycin,CC1C(C(CC(O1)OC2C(C(C(OC2OC3=C4C=C5C=C3OC6=C(C=C(C=C6)C(C(C(=O)NC(C(=O)NC5C(=O)NC7C8=CC(=C(C=C8)O)C9=C(C=C(C=C9O)O)C(NC(=O)C(C(C1=CC(=C(O4)C=C1)Cl)O)NC7=O)C(=O)O)CC(=O)N)NC(=O)C(CC(C)C)NC)O)Cl)CO)O)O)(C)N)O,W/O/W,10.12659/MSM.911770,1449.271,530.4899999999999,0.1062000000000061,51.0,3.0,0.5,80.34278325123151,16.98,60.37,0.0,0.6413447006275309,AUC > 0.5,28.0,8,0.845511482254697,0.16306723026451678,0.32613446052903355,0.4067181513684646,1
100,1,goserelin acetate,CC(C)CC(C(=O)NC(CCCN=C(N)N)C(=O)N1CCCC1C(=O)NNC(=O)N)NC(=O)C(COC(C)(C)C)NC(=O)C(CC2=CC=C(C=C2)O)NC(=O)C(CO)NC(=O)C(CC3=CNC4=CC=CC=C43)NC(=O)C(CC5=CN=CN5)NC(=O)C6CCC(=O)N6.CC(=O)O,W/O/W,10.22377/ajp.v12i02.2417,1329.485,533.1899999999999,-3.014800000000027,61.5,1.0,0.1111111111111111,133.6,9.44,94.45,0.0,0.3703441268287887,AUC <= 0.5,30.2530739937365,9,0.63881833762061,0.01042764011664308,0.035611148984651626,0.06182093706210239,2
101,1,goserelin acetate,CC(C)CC(C(=O)NC(CCCN=C(N)N)C(=O)N1CCCC1C(=O)NNC(=O)N)NC(=O)C(COC(C)(C)C)NC(=O)C(CC2=CC=C(C=C2)O)NC(=O)C(CO)NC(=O)C(CC3=CNC4=CC=CC=C43)NC(=O)C(CC5=CN=CN5)NC(=O)C6CCC(=O)N6.CC(=O)O,W/O/W,10.22377/ajp.v12i02.2417,1329.485,533.1899999999999,-3.014800000000027,61.5,1.0,0.1764705882352941,153.72,13.44,89.63,0.0,0.47469737917415405,AUC <= 0.5,30.3176107889781,9,0.77588870207708,0.05800435097897041,0.10373569257845631,0.14777532185298453,2
102,1,goserelin acetate,CC(C)CC(C(=O)NC(CCCN=C(N)N)C(=O)N1CCCC1C(=O)NNC(=O)N)NC(=O)C(COC(C)(C)C)NC(=O)C(CC2=CC=C(C=C2)O)NC(=O)C(CO)NC(=O)C(CC3=CNC4=CC=CC=C43)NC(=O)C(CC5=CN=CN5)NC(=O)C6CCC(=O)N6.CC(=O)O,W/O/W,10.22377/ajp.v12i02.2417,1329.485,533.1899999999999,-3.014800000000027,61.5,1.0,0.1111111111111111,125.03,9.45,94.53,0.0,0.41608472737983765,AUC <= 0.5,30.1473990133177,9,0.691415313225057,0.02334079515717129,0.056666414580655064,0.0903191538497068,2
103,1,goserelin acetate,CC(C)CC(C(=O)NC(CCCN=C(N)N)C(=O)N1CCCC1C(=O)NNC(=O)N)NC(=O)C(COC(C)(C)C)NC(=O)C(CC2=CC=C(C=C2)O)NC(=O)C(CO)NC(=O)C(CC3=CNC4=CC=CC=C43)NC(=O)C(CC5=CN=CN5)NC(=O)C6CCC(=O)N6.CC(=O)O,W/O/W,10.22377/ajp.v12i02.2417,1329.485,533.1899999999999,-3.014800000000027,61.5,1.0,0.1111111111111111,116.9,9.55,95.5,0.0,0.426641071036291,AUC <= 0.5,30.3554227874634,9,0.691415313225057,0.02324865059373878,0.044272828149049634,0.06474925725740052,2
104,1,goserelin acetate,CC(C)CC(C(=O)NC(CCCN=C(N)N)C(=O)N1CCCC1C(=O)NNC(=O)N)NC(=O)C(COC(C)(C)C)NC(=O)C(CC2=CC=C(C=C2)O)NC(=O)C(CO)NC(=O)C(CC3=CNC4=CC=CC=C43)NC(=O)C(CC5=CN=CN5)NC(=O)C6CCC(=O)N6.CC(=O)O,W/O/W,10.22377/ajp.v12i02.2417,1329.485,533.1899999999999,-3.014800000000027,61.5,1.0,0.1111111111111111,99.26,9.75,97.53,0.0,0.44103553531459133,AUC <= 0.5,30.0228888896181,9,0.735345367912238,0.03290733476738806,0.06279292792187001,0.09207255611706748,2
105,1,goserelin acetate,CC(C)CC(C(=O)NC(CCCN=C(N)N)C(=O)N1CCCC1C(=O)NNC(=O)N)NC(=O)C(COC(C)(C)C)NC(=O)C(CC2=CC=C(C=C2)O)NC(=O)C(CO)NC(=O)C(CC3=CNC4=CC=CC=C43)NC(=O)C(CC5=CN=CN5)NC(=O)C6CCC(=O)N6.CC(=O)O,W/O/W,10.22377/ajp.v12i02.2417,1329.485,533.1899999999999,-3.014800000000027,61.5,1.0,0.1111111111111111,91.57,9.88,98.84,0.0,0.47496753228312183,AUC <= 0.5,29.8734629987562,9,0.785251351182838,0.04008210366395704,0.07062620325475454,0.10102308562579317,2
106,61,progesterone,O=C1C=C2CCC3C(CCC4(C)C(C(=O)C)CCC34)C2(C)CC1,O/W,10.1016/j.ijpharm.2017.12.006 ,314.4690000000001,34.14,4.723500000000005,6.622,1.0,0.25,9.3,15.64,78.2,1.0,0.8963787052938095,AUC > 0.5,9.03522205206738,12,1.0022026431718,0.7021153686310381,0.8281137364837812,0.8986750254151136,3
107,61,progesterone,O=C1C=C2CCC3C(CCC4(C)C(C(=O)C)CCC34)C2(C)CC1,O/W,10.1016/j.ijpharm.2017.12.006 ,314.4690000000001,34.14,4.723500000000005,6.622,1.0,0.25,71.6,17.26,86.3,1.0,0.7309032912688834,AUC > 0.5,18.0195934745334,14,0.995677910029383,0.3844781190140229,0.4671209869335308,0.532148987859582,3
108,61,progesterone,O=C1C=C2CCC3C(CCC4(C)C(C(=O)C)CCC34)C2(C)CC1,O/W,10.1016/j.ijpharm.2017.12.006 ,314.4690000000001,34.14,4.723500000000005,6.622,1.0,0.25,131.3,15.78,78.9,1.0,0.5975470999865361,AUC > 0.5,48.2892690513219,13,1.00825057930704,0.08616579438669686,0.11103678976103253,0.1353609288735902,3
109,85,losartan potassium ,[K].ClC=1N=C(N(C1CO)CC=2C=CC(=CC2)C=3C=CC=CC3C4=NN=NN4)CCCC,W/O/W,10.1080/21691401.2018.1443940 ,462.0180000000003,92.50999999999999,3.886000000000002,20.0,3.0,0.2666666666666667,30.9,15.66,74.4,0.0,0.41700931110316175,AUC <= 0.5,25.9672416989422,12,1.02080337503695,0.03431985549534567,0.06299415890872209,0.07936348184603749,4
110,76,simvastatin,O=C1OC(CCC2C(C=CC3=CC(C)CC(OC(=O)C(C)(C)CC)C32)C)CC(O)C1,W/O/W,10.1159/000485502,418.5740000000002,72.83,4.585600000000006,46.0,1.0,0.048,11.0,3.920610687022901,85.6,0.0,0.677571577505035,AUC > 0.5,30.0761603180473,11,0.899553571428571,0.20800012396085873,0.28237044153308566,0.35674075910531255,2
111,75,clarithromycin ,O=C1OC(CC)C(O)(C)C(O)C(C(=O)C(C)CC(OC)(C)C(OC2OC(C)CC(N(C)C)C2O)C(C)C(OC3OC(C)C(O)C(OC)(C)C3)C1C)C,O/W,10.1002/jbm.b.33844 ,747.9640000000002,182.91,2.439700000000006,22.5,3.0,0.02,26.38,1.849019607843137,94.3,0.0,0.6345913541488848,AUC > 0.5,28.0681614130168,7,0.931826343884163,0.14333906112421663,0.2206947181511067,0.2980503751779968,2
112,24,naloxone hydrochloride,Cl.O=C1CCC2(O)C3N(CC=C)CCC42C5=C(OC14)C(O)=CC=C5C3,W/O/W,1O.1166/jnn.2017.13892,363.8410000000001,70.0,1.7232,46.0,1.0,0.07142857142857142,69.79,2.61,39.15,0.05,0.35898914525965187,AUC <= 0.5,13.9978209715821,9,0.669706631765082,0.09436279583247124,0.1335164517015848,0.13473689095966393,4
113,24,naloxone hydrochloride,Cl.O=C1CCC2(O)C3N(CC=C)CCC42C5=C(OC14)C(O)=CC=C5C3,W/O/W,1O.1166/jnn.2017.13892,363.8410000000001,70.0,1.7232,12.0,1.0,0.07142857142857142,33.93,2.27,34.05,0.05,0.4150999232714535,AUC <= 0.5,14.0224655741356,9,0.841647985965107,0.10522645747426984,0.1165806101161108,0.1347040428820227,4
114,54,cefquinome,O=C([O-])C1=C(CSC2N1C(=O)C2NC(=O)C(=NOC)C=3N=C(SC3)N)C[N+]=4C=CC=C5C4CCCC5,W/O/W,10.1007/s11595-017-1624-8 ,528.6160000000002,153.92,-0.6537999999999984,100.0,3.0,0.1,27.84,5.869999999999999,64.57,0.0,0.7691611721029834,AUC > 0.5,3.02180685355233,12,0.903058319096908,0.7802195911489086,0.8582514215505092,0.9021092069100304,1
115,68,naltrexone,O=C1CCC2(O)C3N(CCC42C5=C(OC14)C(O)=CC=C5C3)CC6CC6,O/W,10.1016/j.jconrel.2017.03.396,341.4070000000002,70.0,1.5254,97.5,3.0,0.668,43.009943652635,28.74,71.76395209580838,0.02,0.5234246273207311,AUC > 0.5,39.1676300578034,32,0.989010989010989,0.004320679320679317,0.008641358641358635,0.013160648874934544,1
116,68,naltrexone,O=C1CCC2(O)C3N(CCC42C5=C(OC14)C(O)=CC=C5C3)CC6CC6,O/W,10.1016/j.jconrel.2017.03.396,341.4070000000002,70.0,1.5254,97.5,3.0,0.668,53.9605568445475,29.7,74.16107784431138,0.02,0.5531549898065736,AUC > 0.5,30.6589595375722,24,1.0,0.01629513343799047,0.03125528317836,0.043239369326325904,1
117,68,naltrexone,O=C1CCC2(O)C3N(CCC42C5=C(OC14)C(O)=CC=C5C3)CC6CC6,O/W,10.1016/j.jconrel.2017.03.396,341.4070000000002,70.0,1.5254,97.5,3.0,0.668,44.53629433211795,29.57,73.83646706586826,0.02,0.6072116842817473,AUC > 0.5,21.7803468208092,20,0.905494505494505,0.028619206880076326,0.07180141287284121,0.14237637362637326,1
118,6,rifampicin,CC1C=CC=C(C(=O)NC2=C(C(=C3C(=C2O)C(=C(C4=C3C(=O)C(O4)(OC=CC(C(C(C(C(C(C1O)C)O)C)OC(=O)C)C)OC)C)C)O)O)C=NN5CCN(CC5)C)C,O/W,10.2147/DDDT.S138510,822.9529999999996,220.15,4.335420000000004,12.0,1.0,0.04,67.93,2.371,61.5,0.0,0.7107681480700871,AUC > 0.5,58.9852418399224,22,0.923885443437312,0.0062820200048792465,0.01648381901561816,0.059509798449050674,2
119,65,dexamethasone,O=C1C=CC2(C(=C1)CCC3C4CC(C)C(O)(C(=O)CO)C4(C)CC(O)C32F)C,O/W,10.1016/j.ijpharm.2016.08.032,392.4670000000002,94.83,1.8957,46.0,1.0,0.0406456057474658,61.0,2.4,61.0,0.0,0.48663577713906475,AUC <= 0.5,25.0421827854533,28,0.934730824202001,0.0019752248430342707,0.009814686262616118,0.015830300615293738,0
120,65,dexamethasone,O=C1C=CC2(C(=C1)CCC3C4CC(C)C(O)(C(=O)CO)C4(C)CC(O)C32F)C,O/W,10.1016/j.ijpharm.2016.08.032,392.4670000000002,94.83,1.8957,46.0,1.0,0.1090084762467968,58.0,8.5,87.0,0.0,0.4655726570614627,AUC <= 0.5,25.0486342702874,32,0.995926631729395,0.00023419601187964095,0.012701720567393469,0.0169255157773229,0
121,65,dexamethasone,O=C1C=CC2(C(=C1)CCC3C4CC(C)C(O)(C(=O)CO)C4(C)CC(O)C32F)C,O/W,10.1016/j.ijpharm.2016.08.032,392.4670000000002,94.83,1.8957,46.0,1.0,0.1753460777851022,53.0,12.3,82.6,0.0,0.3482203465408801,AUC <= 0.5,25.1448110211211,29,0.969473558837541,0.009145541642091193,0.01473348282423316,0.0158044159304077,0
122,65,dexamethasone,O=C1C=CC2(C(=C1)CCC3C4CC(C)C(O)(C(=O)CO)C4(C)CC(O)C32F)C,O/W,10.1016/j.ijpharm.2016.08.032,392.4670000000002,94.83,1.8957,46.0,1.0,0.2880747126436781,60.0,18.6,83.6,0.0,0.2662587314228628,AUC <= 0.5,25.0444656185485,32,0.910385898046689,0.006200678623364035,0.014733482824232941,0.01497788200956908,0
123,65,dexamethasone,O=C1C=CC2(C(=C1)CCC3C4CC(C)C(O)(C(=O)CO)C4(C)CC(O)C32F)C,O/W,10.1016/j.ijpharm.2016.08.032,392.4670000000002,94.83,1.8957,46.0,1.0,0.5089042194769774,52.0,28.8,85.5,0.0,0.5353381070672202,AUC > 0.5,23.0022232809274,33,1.00516912815626,0.10992871499355644,0.19348440035501566,0.20344820961477203,0
124,65,dexamethasone,O=C1C=CC2(C(=C1)CCC3C4CC(C)C(O)(C(=O)CO)C4(C)CC(O)C32F)C,O/W,10.1016/j.ijpharm.2016.08.032,392.4670000000002,94.83,1.8957,46.0,1.0,1.718876457986194,61.0,61.9,98.1,0.0,0.6422665824983124,AUC > 0.5,25.0481380022232,42,0.985743211052882,0.49325504915585333,0.5857091618327288,0.5180908592370844,0
125,43,levofloxacin hemihydrate ,O=C(O)C1=CN2C3=C(OCC2C)C(=C(F)C=C3C1=O)N4CCN(C)CC4.O,W/O/W,10.1016/j.ejps.2016.08.024 ,379.3880000000002,106.51,0.7192999999999998,12.0,1.0,0.3333333333333333,5.0,10.5,42.0,0.0,0.6288925015623268,AUC > 0.5,3.00297619047619,9,0.735041743970315,0.6336853396611123,0.6641809737724139,0.7348307055968811,2
126,10,prodigiosin,CCCCCC1=C(NC(=C1)C=C2C(=CC(=N2)C3=CC=CN3)OC)C,O/W,10.1016/j.msec.2016.04.071,323.4400000000001,53.17,4.758020000000004,45.0,1.0,0.0075,16.4,4.2,78.8,0.1,0.7464974381471721,AUC > 0.5,30.0,24,0.786716951626003,0.5214721494797931,0.7012099703443739,0.7066983786496841,3
127,10,prodigiosin,CCCCCC1=C(NC(=C1)C=C2C(=CC(=N2)C3=CC=CN3)OC)C,O/W,10.1016/j.msec.2016.04.071,323.4400000000001,53.17,4.758020000000004,45.0,1.0,0.0075,5.1,3.8,72.3,0.1,0.6626231636353062,AUC > 0.5,30.0145906626858,25,0.716941143893754,0.460755956123803,0.5375948493906644,0.5818233188924463,3
128,52,paclitaxel ,O=C(OC1C2C3(OC(=O)C)COC3CC(O)C2(C(=O)C(OC(=O)C)C4=C(C)C(OC(=O)C(O)C(NC(=O)C=5C=CC=CC5)C=6C=CC=CC6)CC1(O)C4(C)C)C)C=7C=CC=CC7,O/W,10.1016/j.msec.2016.04.071,853.918,221.29,3.735700000000004,45.0,1.0,0.0075,15.5,2.4,84.4,0.1,0.7910838436322021,AUC > 0.5,30.1005025125628,22,0.849097937710012,0.34240945674044265,0.6848189134808853,0.7473809355294245,3
129,52,paclitaxel ,O=C(OC1C2C3(OC(=O)C)COC3CC(O)C2(C(=O)C(OC(=O)C)C4=C(C)C(OC(=O)C(O)C(NC(=O)C=5C=CC=CC5)C=6C=CC=CC6)CC1(O)C4(C)C)C)C=7C=CC=CC7,O/W,10.1016/j.msec.2016.04.071,853.918,221.29,3.735700000000004,45.0,1.0,0.0075,10.2,2.1,75.6,0.1,0.7128389345275978,AUC > 0.5,30.0502512562814,25,0.751787104536768,0.44217637483190747,0.5796076290237229,0.6069215123235229,3
130,55,risperidone,O=C1C(=C(N=C2N1CCCC2)C)CCN3CCC(C4=NOC=5C=C(F)C=CC54)CC3,O/W,10.1016/j.ijpharm.2016.02.023,410.4930000000002,64.16,3.590420000000003,95.5,3.0,0.5,68.9,24.1,72.1,0.02,0.4285342128038372,AUC <= 0.5,45.0261780104712,13,0.987487203486501,0.02351955307262565,0.035854748603351846,0.047636871508379815,3
131,0,S- nitroso-N-acetyl-D-penicillamine ,CC(=O)NC(C(=O)O)C(C)(C)SN=O,S/O/W,10.1016/j.jconrel.2015.12.056,220.25,95.83000000000001,0.7689,31.0,1.0,0.25,76.0,12.4,61.9,0.003,0.57907414566134,AUC > 0.5,14.0067527602523,5,0.982421875,0.05166232073011745,0.1033246414602349,0.15498696219035235,1
132,55,risperidone,O=C1C(=C(N=C2N1CCCC2)C)CCN3CCC(C4=NOC=5C=C(F)C=CC54)CC3,O/W,10.3109/03639045.2016.1143952 ,410.4930000000002,64.16,3.590420000000003,28.0,3.0,0.5,18.95,24.71,74.2,0.0,0.6865788922522824,AUC > 0.5,29.9454589951868,11,0.890999568799748,0.028738349780701496,0.07690042984160671,0.2001413177883767,3
133,55,risperidone,O=C1C(=C(N=C2N1CCCC2)C)CCN3CCC(C4=NOC=5C=C(F)C=CC54)CC3,O/W,10.3109/03639045.2016.1143952 ,410.4930000000002,64.16,3.590420000000003,28.0,3.0,0.5,5.91,19.97,59.97,0.0,0.38817753051320975,AUC <= 0.5,30.1323901313412,11,0.691932670605739,0.018752466013845528,0.03916542226646779,0.08463165754106472,3
134,55,risperidone,O=C1C(=C(N=C2N1CCCC2)C)CCN3CCC(C4=NOC=5C=C(F)C=CC54)CC3,O/W,10.3109/03639045.2016.1143952 ,410.4930000000002,64.16,3.590420000000003,28.0,3.0,0.5,3.38,18.45,55.41,0.0,0.46797773250111496,AUC <= 0.5,30.0863565909541,11,0.755917349400398,0.03312308366184816,0.0671952137128593,0.08614766283102968,3
135,42,glycyrrhetinic acid,O=C(O)C1(C)CCC2(C)CCC3(C(=CC(=O)C4C5(C)CCC(O)C(C)(C)C5CCC43C)C2C1)C,O/W,10.1016/j.ijpharm.2015.11.018,470.6940000000004,74.6,6.412600000000008,90.0,1.0,0.4285714285714285,40.2,22.3,74.3,1.0,0.3775964930882785,AUC <= 0.5,88.3792048929663,12,0.969006314052016,0.006007393715341933,0.012014787430683866,0.0180221811460258,3
136,39,prilocaine,O=C(NC=1C=CC=CC1C)C(NCCC)C,O/W,10.1016/j.jddst.2015.10.009 ,220.3159999999999,41.13,2.32162,46.0,1.0,0.03103142547532263,89.0,2.1,68.9,0.0,0.5063935072222562,AUC > 0.5,18.4884654644436,36,0.845260292616536,0.10439497716894977,0.13657834101382454,0.18345624385447387,2
137,39,prilocaine,O=C(NC=1C=CC=CC1C)C(NCCC)C,O/W,10.1016/j.jddst.2015.10.009 ,220.3159999999999,41.13,2.32162,46.0,1.0,0.07164026571282575,89.0,4.6,69.3,0.0,0.6585904120421789,AUC > 0.5,19.1755018713848,35,0.917461721674038,0.1473022003745326,0.21270644095788507,0.2594131371141417,2
138,39,prilocaine,O=C(NC=1C=CC=CC1C)C(NCCC)C,O/W,10.1016/j.jddst.2015.10.009 ,220.3159999999999,41.13,2.32162,46.0,1.0,0.1022488440521227,89.0,6.5,70.6,0.0,0.65927417086262,AUC > 0.5,16.1829193603266,29,0.887553589656345,0.23526934029425803,0.3054091928251118,0.3628192067372993,2
139,39,prilocaine,O=C(NC=1C=CC=CC1C)C(NCCC)C,O/W,10.1016/j.jddst.2015.10.009 ,220.3159999999999,41.13,2.32162,46.0,1.0,0.3013919960228685,89.0,16.0,69.1,0.0,0.7632599427522978,AUC > 0.5,19.1738686628104,37,0.929149370534195,0.22790236609464465,0.3973958333333331,0.5079535996670825,2
140,39,prilocaine,O=C(NC=1C=CC=CC1C)C(NCCC)C,O/W,10.1016/j.jddst.2015.10.009 ,220.3159999999999,41.13,2.32162,46.0,1.0,0.5030762626985263,81.0,23.3,69.7,0.0,0.7568042273923967,AUC > 0.5,19.1768628785301,32,0.906008846546444,0.26249999999999984,0.47429762949956084,0.6061015831134563,2
141,39,prilocaine,O=C(NC=1C=CC=CC1C)C(NCCC)C,O/W,10.1016/j.jddst.2015.10.009 ,220.3159999999999,41.13,2.32162,46.0,1.0,0.6722621902478018,82.0,28.6,71.2,0.0,0.8817720047101963,AUC > 0.5,18.2287853011228,26,0.958465464443688,0.4471436058700218,0.7363095238095236,0.8426757812499993,2
142,39,prilocaine,O=C(NC=1C=CC=CC1C)C(NCCC)C,O/W,10.1016/j.jddst.2015.10.009 ,220.3159999999999,41.13,2.32162,46.0,1.0,1.016191210485736,82.0,34.8,69.0,0.0,0.89989053264746,AUC > 0.5,18.2619938754678,31,0.970193943518203,0.42777484143763284,0.7711406518010298,0.9167497330010675,2
143,55,risperidone,O=C1C(=C(N=C2N1CCCC2)C)CCN3CCC(C4=NOC=5C=C(F)C=CC54)CC3,O/W,10.1007/s11095-015-1731-1,410.4930000000002,64.16,3.590420000000003,28.0,3.0,0.5,5.91,19.97,59.97,0.0,0.5783339284724919,AUC > 0.5,60.0151066276132,20,0.815950920245398,0.019756194702853436,0.03994216614090439,0.07261041009463692,3
144,20,donepezil HCl,Cl.O=C1C2=CC(OC)=C(OC)C=C2CC1CC3CCN(CC=4C=CC=CC4)CC3,O/W,10.1016/j.ajps.2015.06.001 ,415.9610000000002,38.77,4.782900000000005,5.0,3.0,0.25,29.4,15.92,78.79,0.0,0.7151303848916879,AUC > 0.5,9.99491426910781,14,0.876126126126126,0.4446140785481683,0.5716107759780877,0.681202079403518,3
145,76,simvastatin,O=C1OC(CCC2C(C=CC3=CC(C)CC(OC(=O)C(C)(C)CC)C32)C)CC(O)C1,S/O/W,10.1002/jbm.a.35463 ,418.5740000000002,72.83,4.585600000000006,22.0,1.0,0.0025,217.95,0.212718204488778,85.3,0.0,0.502132561385189,AUC > 0.5,21.1344506807014,8,0.947214076246334,0.027602595740791474,0.05520519148158295,0.08365021291620428,2
146,73,tacrolimus,O=C1OC(C(=CC2CCC(O)C(OC)C2)C)C(C)C(O)CC(=O)C(C=C(C)CC(C)CC(OC)C3OC(O)(C(=O)C(=O)N4CCCCC14)C(C)CC3OC)CC=C,O/W,10.1016/j.ijpharm.2015.07.004,804.0309999999998,178.36,4.639000000000004,13.6,3.0,0.43,16.3,29.3,97.7,1.0,0.636671548339783,AUC > 0.5,13.9679633867276,5,0.967237433914621,0.032721301686818964,0.16168084788774467,0.29064039408867043,1
147,73,tacrolimus,O=C1OC(C(=CC2CCC(O)C(OC)C2)C)C(C)C(O)CC(=O)C(C=C(C)CC(C)CC(OC)C3OC(O)(C(=O)C(=O)N4CCCCC14)C(C)CC3OC)CC=C,O/W,10.1016/j.ijpharm.2015.07.004,804.0309999999998,178.36,4.639000000000004,13.6,3.0,0.43,16.1,29.5,98.3,1.0,0.39077442312729704,AUC <= 0.5,9.97421731123388,5,0.902145702171399,0.011531813317968572,0.05424096732453118,0.09999597325482361,1
148,61,progesterone,O=C1C=C2CCC3C(CCC4(C)C(C(=O)C)CCC34)C2(C)CC1,S/O/W,10.3109/02652048.2015.1065914 ,314.4690000000001,34.14,4.723500000000005,8.65,1.0,0.25,22.1,19.6,78.3,1.0,0.7062078815823492,AUC > 0.5,16.7765331121106,17,0.992523364485981,0.22198762935648803,0.3513697135602631,0.4552034304371785,3
149,4,fluorofenidone ,CC1=CN(C(=O)C=C1)C2=CC(=CC=C2)F,O/W,10.1039/c5ra00656b ,203.216,22.0,2.28502,18.0,1.0,0.3,18.1,8.2,80.2,0.0,0.5380171097049118,AUC > 0.5,7.5,14,0.694143167028199,0.33508183790179535,0.4502636346649118,0.5426725444918709,2
150,7,rifapentine,CC1C=CC=C(C(=O)NC2=C(C(=C3C(=C2O)C(=C(C4=C3C(=O)C(O4)(OC=CC(C(C(C(C(C(C1O)C)O)C)OC(=O)C)C)OC)C)C)O)O)C=NN5CCN(CC5)C6CCCC6)C,O/W,10.2147/DDDT.S78407,877.0449999999994,220.15,5.648220000000007,45.0,1.0,0.1,16.737,8.04,88.49,0.0,0.4785325447523322,AUC <= 0.5,29.8488975187656,31,0.723579545454545,0.05180686533383655,0.09087342468292216,0.11174206499492359,1
151,7,rifapentine,CC1C=CC=C(C(=O)NC2=C(C(=C3C(=C2O)C(=C(C4=C3C(=O)C(O4)(OC=CC(C(C(C(C(C(C1O)C)O)C)OC(=O)C)C)OC)C)C)O)O)C=NN5CCN(CC5)C6CCCC6)C,O/W,10.2147/DDDT.S78407,877.0449999999994,220.15,5.648220000000007,45.0,1.0,0.25,25.267,17.16,85.78,0.0,0.5299427191215649,AUC > 0.5,29.9929628857381,31,0.805397727272727,0.07878035008469828,0.1321656355604722,0.1648710864689573,1
152,7,rifapentine,CC1C=CC=C(C(=O)NC2=C(C(=C3C(=C2O)C(=C(C4=C3C(=O)C(O4)(OC=CC(C(C(C(C(C(C1O)C)O)C)OC(=O)C)C)OC)C)C)O)O)C=NN5CCN(CC5)C6CCCC6)C,O/W,10.2147/DDDT.S78407,877.0449999999994,220.15,5.648220000000007,45.0,1.0,0.5,27.833,23.93,71.8,0.0,0.53352970844911,AUC > 0.5,29.8537844036697,31,0.784943181818182,0.1007666290868095,0.15781164948868662,0.1879338815524597,1
153,65,dexamethasone,O=C1C=CC2(C(=C1)CCC3C4CC(C)C(O)(C(=O)CO)C4(C)CC(O)C32F)C,O/W,10.1016/j.actbio.2014.06.038 ,392.4670000000002,94.83,1.8957,9.5,3.0,0.2,11.34,11.4,68.4,0.0,0.6542023616389108,AUC > 0.5,28.2723950253727,7,0.702626666316093,0.3899131700722734,0.5108986115227931,0.5752624854408068,0
154,65,β-methasone ,O=C1C=CC2(C(=C1)CCC3C4CC(C)C(O)(C(=O)CO)C4(C)CC(O)C32F)C,S/O/W,10.3109/10837450.2011.635152 ,392.4670000000002,94.83,1.8957,20.0,3.0,0.1428571428571428,113.9,10.93,66.57,0.0,0.6797692735328792,AUC > 0.5,11.114602876798,13,0.977642276422764,0.44510896801718036,0.5040911783888196,0.5419025322058377,0
155,65,β-methasone ,O=C1C=CC2(C(=C1)CCC3C4CC(C)C(O)(C(=O)CO)C4(C)CC(O)C32F)C,S/O/W,10.3109/10837450.2011.635152 ,392.4670000000002,94.83,1.8957,20.0,3.0,0.125,69.07,10.46,64.28,0.0,0.6398676614833938,AUC > 0.5,11.0560506566604,13,0.955284552845528,0.41855119703270977,0.46887411025666414,0.5193799515004913,0
156,65,β-methasone ,O=C1C=CC2(C(=C1)CCC3C4CC(C)C(O)(C(=O)CO)C4(C)CC(O)C32F)C,S/O/W,10.3109/10837450.2011.635152 ,392.4670000000002,94.83,1.8957,20.0,3.0,0.1111111111111111,53.74,8.14,63.16,0.0,0.616045902912901,AUC > 0.5,11.1131175734834,14,0.939024390243902,0.4144936179547313,0.452683282298157,0.5021395687814335,0
157,65,β-methasone ,O=C1C=CC2(C(=C1)CCC3C4CC(C)C(O)(C(=O)CO)C4(C)CC(O)C32F)C,S/O/W,10.3109/10837450.2011.635152 ,392.4670000000002,94.83,1.8957,20.0,3.0,0.1,43.49,6.55,42.83,0.0,0.6017364941369531,AUC > 0.5,11.0741869918699,15,0.926829268292682,0.37388316213854345,0.4320272951377299,0.47631175769442297,0
158,65,β-methasone ,O=C1C=CC2(C(=C1)CCC3C4CC(C)C(O)(C(=O)CO)C4(C)CC(O)C32F)C,S/O/W,10.3109/10837450.2011.635152 ,392.4670000000002,94.83,1.8957,20.0,3.0,0.1,40.51,7.69,53.92,0.0,0.6796698651140884,AUC > 0.5,11.0772239263803,14,0.926380368098159,0.48792206622974005,0.5361513188496906,0.5781475725929647,0
159,65,β-methasone ,O=C1C=CC2(C(=C1)CCC3C4CC(C)C(O)(C(=O)CO)C4(C)CC(O)C32F)C,S/O/W,10.3109/10837450.2011.635152 ,392.4670000000002,94.83,1.8957,20.0,3.0,0.1,37.47,6.01,45.2,0.0,0.7183806144312984,AUC > 0.5,11.07745398773,17,0.930470347648261,0.5240109837907752,0.5644120332857451,0.6227615628992406,0
160,65,β-methasone ,O=C1C=CC2(C(=C1)CCC3C4CC(C)C(O)(C(=O)CO)C4(C)CC(O)C32F)C,S/O/W,10.3109/10837450.2011.635152 ,392.4670000000002,94.83,1.8957,20.0,3.0,0.1,35.48,5.12,37.96,0.0,0.7356871967156186,AUC > 0.5,11.0968941717791,15,0.942740286298568,0.5587198845327905,0.573296628972243,0.6128687553557222,0
161,65,β-methasone ,O=C1C=CC2(C(=C1)CCC3C4CC(C)C(O)(C(=O)CO)C4(C)CC(O)C32F)C,S/O/W,10.3109/10837450.2011.635152 ,392.4670000000002,94.83,1.8957,20.0,3.0,0.1,41.73,8.14,65.27,0.0,0.7798439155317015,AUC > 0.5,10.9223087725194,15,0.98569319586639,0.5135262438336916,0.5732856761117754,0.6837292007043603,0
162,65,β-methasone ,O=C1C=CC2(C(=C1)CCC3C4CC(C)C(O)(C(=O)CO)C4(C)CC(O)C32F)C,S/O/W,10.3109/10837450.2011.635152 ,392.4670000000002,94.83,1.8957,20.0,3.0,0.1,39.85,7.81,52.73,0.0,0.7999855018808857,AUC > 0.5,10.9397001812355,15,0.985690195278274,0.5478019339641639,0.6834569540020076,0.6951138998586188,0
163,65,β-methasone ,O=C1C=CC2(C(=C1)CCC3C4CC(C)C(O)(C(=O)CO)C4(C)CC(O)C32F)C,S/O/W,10.3109/10837450.2011.635152 ,392.4670000000002,94.83,1.8957,20.0,3.0,0.1,36.52,7.23,51.89,0.0,0.8217066474894794,AUC > 0.5,10.9570195758368,16,0.987931634600381,0.502218646466683,0.6553279202063065,0.7520345994403274,0
164,65,β-methasone ,O=C1C=CC2(C(=C1)CCC3C4CC(C)C(O)(C(=O)CO)C4(C)CC(O)C32F)C,S/O/W,10.3109/10837450.2011.635152 ,392.4670000000002,94.83,1.8957,20.0,3.0,0.1,35.79,7.55,56.98,0.0,0.7218266838769618,AUC > 0.5,11.0452154308617,14,0.985971943887775,0.36586324660328,0.5145791686771904,0.5619406021155418,0
165,65,β-methasone ,O=C1C=CC2(C(=C1)CCC3C4CC(C)C(O)(C(=O)CO)C4(C)CC(O)C32F)C,S/O/W,10.3109/10837450.2011.635152 ,392.4670000000002,94.83,1.8957,20.0,3.0,0.1,35.86,6.87,53.42,0.0,0.7926341650364768,AUC > 0.5,11.011329477136,14,0.997995991983967,0.45960251672825275,0.6529511634874672,0.6836942377631703,0
166,65,β-methasone ,O=C1C=CC2(C(=C1)CCC3C4CC(C)C(O)(C(=O)CO)C4(C)CC(O)C32F)C,S/O/W,10.3109/10837450.2011.635152 ,392.4670000000002,94.83,1.8957,20.0,3.0,0.1,36.31,6.59,51.97,0.0,0.8160241633360544,AUC > 0.5,10.9942157041355,15,0.993987975951903,0.5071052228853763,0.6129183883168275,0.712059573881266,0
167,65,β-methasone ,O=C1C=CC2(C(=C1)CCC3C4CC(C)C(O)(C(=O)CO)C4(C)CC(O)C32F)C,S/O/W,10.3109/10837450.2011.635152 ,392.4670000000002,94.83,1.8957,20.0,3.0,0.1,50.56,8.39,63.92,0.0,0.6356741143630352,AUC > 0.5,11.0905575748201,14,0.935437039953318,0.4713371779265836,0.5005879148082566,0.529632500985509,0
168,65,β-methasone ,O=C1C=CC2(C(=C1)CCC3C4CC(C)C(O)(C(=O)CO)C4(C)CC(O)C32F)C,S/O/W,10.3109/10837450.2011.635152 ,392.4670000000002,94.83,1.8957,20.0,3.0,0.1,46.54,6.67,50.84,0.0,0.6349001644347838,AUC > 0.5,11.0157268298169,14,0.955540245077017,0.406175445218613,0.4649170933255167,0.5554907003211702,0
169,65,β-methasone ,O=C1C=CC2(C(=C1)CCC3C4CC(C)C(O)(C(=O)CO)C4(C)CC(O)C32F)C,S/O/W,10.3109/10837450.2011.635152 ,392.4670000000002,94.83,1.8957,20.0,3.0,0.1,37.94,4.58,34.77,0.0,0.7229897042309856,AUC > 0.5,11.016739196153,15,0.98232577105054,0.5158469213361982,0.5406263181830436,0.5983364098783652,0
170,25,apomorphine hydrochloride ,Cl.OC1=CC=C2C(=C1O)C=3C=CC=C4C3C(N(C)CC4)C2,S/O/W,10.1016/j.jconrel.2012.12.024 ,303.7890000000002,43.7,3.271700000000002,10.32,1.0,0.25,33.0,10.9,54.0,0.0,0.5710948890327161,AUC > 0.5,7.00531288865888,9,0.693033563433303,0.528859893476639,0.5117486167751979,0.5682659225444208,0
171,25,apomorphine hydrochloride ,Cl.OC1=CC=C2C(=C1O)C=3C=CC=C4C3C(N(C)CC4)C2,S/O/W,10.1016/j.jconrel.2012.12.024 ,303.7890000000002,43.7,3.271700000000002,9.5,1.0,0.25,38.0,6.0,30.0,0.0,0.517134119133463,AUC > 0.5,7.03705249451182,9,0.674590786541238,0.35290948025349894,0.4677288853861251,0.5276456688003757,0
172,25,apomorphine hydrochloride ,Cl.OC1=CC=C2C(=C1O)C=3C=CC=C4C3C(N(C)CC4)C2,S/O/W,10.1016/j.jconrel.2012.12.024 ,303.7890000000002,43.7,3.271700000000002,18.79,1.0,0.25,34.0,6.5,32.0,0.0,0.5018222336695216,AUC > 0.5,11.9870537465672,12,0.632780481290118,0.41996789658464195,0.3841770743974646,0.3837396011994426,0
173,17,clonidine hydrochloride,Cl.ClC1=CC=CC(Cl)=C1NC2=NCCN2,W/O/W,10.3109/02652048.2013.778905 ,266.559,36.42,2.786300000000001,61.5,1.0,0.01,38.0,0.02217821782178218,2.24,0.0,0.618452585345918,AUC > 0.5,35.1116244558052,13,0.975458708436489,0.16782875474325976,0.20944331051794884,0.25047312184816456,2
174,17,clonidine hydrochloride,Cl.ClC1=CC=CC(Cl)=C1NC2=NCCN2,W/O/W,10.3109/02652048.2013.778905 ,266.559,36.42,2.786300000000001,61.5,1.0,0.06666666666666667,32.0,0.081875,1.31,0.0,0.6211122625287564,AUC > 0.5,35.0179737345746,12,1.0017697585012,0.1734212344434705,0.21038068480046906,0.2473401351574676,2
175,17,clonidine hydrochloride,Cl.ClC1=CC=CC(Cl)=C1NC2=NCCN2,W/O/W,10.3109/02652048.2013.778905 ,266.559,36.42,2.786300000000001,61.5,1.0,0.01,17.2,0.2396039603960396,24.2,0.0,0.8120614771495194,AUC > 0.5,35.1604188828669,12,1.00380125876174,0.33193719760933665,0.40855124373950935,0.4790271242964159,2
176,17,clonidine hydrochloride,Cl.ClC1=CC=CC(Cl)=C1NC2=NCCN2,W/O/W,10.3109/02652048.2013.778905 ,266.559,36.42,2.786300000000001,61.5,1.0,0.06666666666666667,26.0,0.475,7.6,0.0,0.8412221287889575,AUC > 0.5,35.1128731320883,13,1.00177456110229,0.28143489227630747,0.35969410121083156,0.4312745467641207,2
177,6,rifampicin,CC1C=CC=C(C(=O)NC2=C(C(=C3C(=C2O)C(=C(C4=C3C(=O)C(O4)(OC=CC(C(C(C(C(C(C1O)C)O)C)OC(=O)C)C)OC)C)C)O)O)C=NN5CCN(CC5)C)C,O/W,10.1016/j.ijpharm.2012.07.036 ,822.9529999999996,220.15,4.335420000000004,10.5,1.0,1.0,2.7,34.2,68.5,0.0,0.4883921700984532,AUC <= 0.5,5.98997493734635,13,0.708830265318468,0.29124104233044495,0.3955371882363692,0.5527595119262444,2
178,13,rhodamine-B ,CCN(CC)C1=CC2=C(C=C1)C(=C3C=CC(=[N+](CC)CC)C=C3O2)C4=CC=CC=C4C(=O)O.[Cl-],O/W,10.1021/ja306866w,479.0200000000002,56.69,2.565,43.0,1.0,0.001,2.1,0.03996003996003997,40.0,0.0,0.8077110975893815,AUC > 0.5,17.9565898809575,14,0.929373355677308,0.39393724504502514,0.5348667409662246,0.6456291131802809,4
179,13,rhodamine-B ,CCN(CC)C1=CC2=C(C=C1)C(=C3C=CC(=[N+](CC)CC)C=C3O2)C4=CC=CC=C4C(=O)O.[Cl-],O/W,10.1021/ja306866w,479.0200000000002,56.69,2.565,103.0,1.0,0.005,3.5,0.02786069651741294,5.6,0.0,0.5998625987298135,AUC > 0.5,30.1068913480885,19,0.723809523809523,0.23327235318906264,0.3533326593199206,0.42300946988845045,4
180,13,rhodamine-B ,CCN(CC)C1=CC2=C(C=C1)C(=C3C=CC(=[N+](CC)CC)C=C3O2)C4=CC=CC=C4C(=O)O.[Cl-],O/W,10.1021/ja306866w,479.0200000000002,56.69,2.565,43.0,1.0,0.0005,2.1,0.02998500749625188,60.0,0.0,0.7774077917740235,AUC > 0.5,30.1207243460764,19,0.83047619047619,0.34534337694374656,0.5625249988987265,0.6984078516902946,4
181,13,rhodamine-B ,CCN(CC)C1=CC2=C(C=C1)C(=C3C=CC(=[N+](CC)CC)C=C3O2)C4=CC=CC=C4C(=O)O.[Cl-],O/W,10.1021/ja306866w,479.0200000000002,56.69,2.565,43.0,1.0,0.005,2.1,0.05472636815920398,11.0,0.0,0.7872360676267999,AUC > 0.5,30.1244969818913,19,0.857142857142857,0.3077200902934548,0.4893511724931663,0.627217107217107,4
182,39,prilocaine,O=C(NC=1C=CC=CC1C)C(NCCC)C,O/W,10.1016/j.ijpharm.2012.04.053,220.3159999999999,41.13,2.32162,12.0,1.0,0.046,68.0,3.3,82.5,0.0,0.7451952754618908,AUC > 0.5,13.8463725806145,20,0.863206384713086,0.3449360865290068,0.533968671267389,0.7070088845014809,2
183,39,prilocaine,O=C(NC=1C=CC=CC1C)C(NCCC)C,O/W,10.1016/j.ijpharm.2012.04.053,220.3159999999999,41.13,2.32162,12.0,1.0,0.2511961722488038,73.0,14.2,71.0,0.0,0.7940363545248681,AUC > 0.5,13.8797083252849,13,0.844311377245509,0.7262347202318301,0.7652969986576078,0.7799821651435147,2
184,65,dexamethasone,O=C1C=CC2(C(=C1)CCC3C4CC(C)C(O)(C(=O)CO)C4(C)CC(O)C32F)C,S/O/W,10.1016/j.ijpharm.2012.04.053,392.4670000000002,94.83,1.8957,12.0,1.0,0.25,35.0,16.9,84.5,0.0,0.46083243673328894,AUC <= 0.5,117.812499999999,48,0.623069775963148,0.061614620722660884,0.07082435989471163,0.07811976549413731,0
185,79,camptothecin ,O=C1OCC=2C(=O)N3C(=CC2C1(O)CC)C=4N=C5C=CC=CC5=CC4C3,W/O/W,10.1016/j.ijpharm.2012.02.012 ,348.3580000000001,81.42,2.0796,14.4,3.0,0.02,39.3,0.5901960784313726,30.1,0.0,0.5929941414484259,AUC > 0.5,28.1119409143423,8,0.751807228915662,0.19187150158189417,0.2699387053237138,0.3460086718291098,4
186,83,2-methoxyestradiol ,OC=1C=C2C(=CC1OC)C3CCC4(C)C(O)CCC4C3CC2,O/W,10.3109/10717544.2012.657719 ,302.414,49.69,3.617800000000003,38.5,3.0,0.1368,55.44,11.66,81.7,1.0,0.460006453321697,AUC <= 0.5,45.8905767052016,10,0.812227074235808,0.04877149877149882,0.07536698148336192,0.0989612967288398,0
187,64,methylprednisolone ,O=C1C=CC2(C(=C1)C(C)CC3C4CCC(O)(C(=O)CO)C4(C)CC(O)C32)C,S/O/W,10.1002/jps.22722,374.4770000000001,94.83,1.8036,17.2,1.13,0.4285714285714285,18.2,17.0,60.0,0.02,0.585678475591961,AUC > 0.5,84.1987041788059,15,0.901149425287356,0.19566857953367123,0.2150465190697852,0.2323232955461631,3
188,16,rasagiline mesylate ,CS(=O)(=O)O.C#CCNC1CCC2=CC=CC=C12,O/W,10.1016/j.ijpharm.2011.07.029 ,267.35,66.4,1.4007,15.0,1.0,0.1,103.1,4.8,52.8,0.0,0.774249577902788,AUC > 0.5,33.9596340455742,14,0.966292101314608,0.13124590269149328,0.18378255531546006,0.23631920793942685,0
189,37,lornoxicam ,O=C(NC1=NC=CC=C1)C2=C(O)C=3SC(Cl)=CC3S(=O)(=O)N2C,S/O/W,10.3109/10717544.2011.596584 ,371.8270000000001,99.59999999999998,2.2959,25.0,3.0,0.05,7.47,12.17,82.22,1.0,0.6840102460835361,AUC > 0.5,31.9783197512195,16,0.892940296274128,0.22728083473602959,0.28100978069048393,0.33185499751251535,4
190,6,rifampicin,CC1C=CC=C(C(=O)NC2=C(C(=C3C(=C2O)C(=C(C4=C3C(=O)C(O4)(OC=CC(C(C(C(C(C(C1O)C)O)C)OC(=O)C)C)OC)C)C)O)O)C=NN5CCN(CC5)C)C,W/O/W,10.1016/j.ijpharm.2011.05.007,822.9529999999996,220.15,4.335420000000004,10.5,1.0,0.8918918918918918,2.08,16.5,35.0,0.0,0.7126001142998585,AUC > 0.5,5.01709401709401,13,0.870017094017093,0.6185,0.7320000000000001,0.774271929824561,2
191,6,rifampicin,CC1C=CC=C(C(=O)NC2=C(C(=C3C(=C2O)C(=C(C4=C3C(=O)C(O4)(OC=CC(C(C(C(C(C(C1O)C)O)C)OC(=O)C)C)OC)C)C)O)O)C=NN5CCN(CC5)C)C,W/O/W,10.1016/j.ijpharm.2011.05.007,822.9529999999996,220.15,4.335420000000004,10.5,1.0,0.4180327868852458,3.48,10.2,34.6,0.0,0.7026746458160426,AUC > 0.5,5.01709401709401,13,0.860017094017093,0.5845833333333333,0.7035677966101704,0.7775614035087723,2
192,6,rifampicin,CC1C=CC=C(C(=O)NC2=C(C(=C3C(=C2O)C(=C(C4=C3C(=O)C(O4)(OC=CC(C(C(C(C(C(C1O)C)O)C)OC(=O)C)C)OC)C)C)O)O)C=NN5CCN(CC5)C)C,W/O/W,10.1016/j.ijpharm.2011.05.007,822.9529999999996,220.15,4.335420000000004,10.5,1.0,0.2438162544169611,4.51,6.9,35.2,0.0,0.743292192664424,AUC > 0.5,5.01709401709401,13,0.860017094017093,0.6940833333333333,0.7289262295081969,0.7897241379310348,2
193,6,rifampicin,CC1C=CC=C(C(=O)NC2=C(C(=C3C(=C2O)C(=C(C4=C3C(=O)C(O4)(OC=CC(C(C(C(C(C(C1O)C)O)C)OC(=O)C)C)OC)C)C)O)O)C=NN5CCN(CC5)C)C,W/O/W,10.1016/j.ijpharm.2011.05.007,822.9529999999996,220.15,4.335420000000004,10.5,1.0,0.1194379391100703,6.71,5.1,47.8,0.0,0.8253641688143388,AUC > 0.5,5.01709401709401,13,0.895017094017094,0.802833333333333,0.8464396551724144,0.863,2
194,6,rifampicin,CC1C=CC=C(C(=O)NC2=C(C(=C3C(=C2O)C(=C(C4=C3C(=O)C(O4)(OC=CC(C(C(C(C(C(C1O)C)O)C)OC(=O)C)C)OC)C)C)O)O)C=NN5CCN(CC5)C)C,W/O/W,10.1016/j.ijpharm.2011.05.007,822.9529999999996,220.15,4.335420000000004,10.5,1.0,0.07903225806451612,8.43,4.9,66.9,0.0,0.9555631472244076,AUC > 0.5,5.008547008547,13,1.03950427350427,0.9388688524590164,0.9890258620689659,1.0084918032786827,2
195,65,dexamethasone,O=C1C=CC2(C(=C1)CCC3C4CC(C)C(O)(C(=O)CO)C4(C)CC(O)C32F)C,O/W,10.1016/j.ijpharm.2010.11.022 ,392.4670000000002,94.83,1.8957,9.5,3.0,0.2,11.0,15.6,74.0,0.0,0.6172652546739692,AUC > 0.5,18.0089883256805,6,0.712793733681462,0.3927127894969754,0.45805778969317795,0.5529534295491744,0
196,31,fenretinide ,O=C(C=C(C=CC=C(C=CC1=C(C)CCCC1(C)C)C)C)NC2=CC=C(O)C=C2,S/O/W,10.1007/s11095-010-0202-y ,391.555,49.33,6.862300000000007,31.0,1.0,0.25,32.5,14.96,74.8,1.0,0.8799276942285827,AUC > 0.5,28.1463414634146,7,0.976344086021505,0.5831029185867895,0.6460829493087556,0.7090629800307219,1
197,31,fenretinide ,O=C(C=C(C=CC=C(C=CC1=C(C)CCCC1(C)C)C)C)NC2=CC=C(O)C=C2,S/O/W,10.1007/s11095-010-0202-y ,391.555,49.33,6.862300000000007,31.0,1.0,0.25,32.5,15.02,75.1,1.0,0.7752032520325198,AUC > 0.5,28.0,7,0.881720430107526,0.3867546432062584,0.5182431201020595,0.6295790049207214,1
198,31,fenretinide ,O=C(C=C(C=CC=C(C=CC1=C(C)CCCC1(C)C)C)C)NC2=CC=C(O)C=C2,S/O/W,10.1007/s11095-010-0202-y ,391.555,49.33,6.862300000000007,31.0,1.0,0.25,32.5,11.42,57.1,1.0,0.5758597475455816,AUC > 0.5,28.0487804878048,7,0.744086021505376,0.1381279746166048,0.2624361008284856,0.38674422704036643,1
199,31,fenretinide ,O=C(C=C(C=CC=C(C=CC1=C(C)CCCC1(C)C)C)C)NC2=CC=C(O)C=C2,S/O/W,10.1007/s11095-010-0202-y ,391.555,49.33,6.862300000000007,31.0,1.0,0.25,55.0,15.92,79.6,1.0,0.6527243216584366,AUC > 0.5,28.0745494433395,7,0.790526179101825,0.1668338286280344,0.29013135309619226,0.40838155103760154,1
200,31,fenretinide ,O=C(C=C(C=CC=C(C=CC1=C(C)CCCC1(C)C)C)C)NC2=CC=C(O)C=C2,S/O/W,10.1007/s11095-010-0202-y ,391.555,49.33,6.862300000000007,31.0,1.0,0.25,55.0,14.86,74.3,1.0,0.5054476339290184,AUC > 0.5,27.9859758472925,7,0.658034841681531,0.21076145190568757,0.24669978986025143,0.2826381278148153,1
201,31,fenretinide ,O=C(C=C(C=CC=C(C=CC1=C(C)CCCC1(C)C)C)C)NC2=CC=C(O)C=C2,S/O/W,10.1007/s11095-010-0202-y ,391.555,49.33,6.862300000000007,31.0,1.0,0.25,55.0,12.96,64.8,1.0,0.4511860682561497,AUC <= 0.5,27.9376909355586,7,0.618935339908009,0.13840528186896897,0.17825567950659635,0.21718418381269994,1
202,31,fenretinide ,O=C(C=C(C=CC=C(C=CC1=C(C)CCCC1(C)C)C)C)NC2=CC=C(O)C=C2,S/O/W,10.1007/s11095-010-0202-y ,391.555,49.33,6.862300000000007,12.0,1.0,0.25,41.5,17.06,85.3,1.0,0.8037800397264574,AUC > 0.5,28.0386929928673,7,0.90234986747157,0.3957847106991988,0.522227330519707,0.6486699503402152,1
203,31,fenretinide ,O=C(C=C(C=CC=C(C=CC1=C(C)CCCC1(C)C)C)C)NC2=CC=C(O)C=C2,S/O/W,10.1007/s11095-010-0202-y ,391.555,49.33,6.862300000000007,12.0,1.0,0.25,41.5,11.42,57.1,1.0,0.8474556510064458,AUC > 0.5,28.0919318815245,7,0.963578381370939,0.3311891490152378,0.4860381560345462,0.6372126990484827,1
204,79,camptothecin ,O=C1OCC=2C(=O)N3C(=CC2C1(O)CC)C=4N=C5C=CC=CC5=CC4C3,W/O/W,10.1248/cpb.58.1142,348.3580000000001,81.42,2.0796,14.4,3.0,0.0303030303030303,32.0,0.9902912621359223,34.0,0.0,0.59099938770411,AUC > 0.5,27.8858589969701,9,0.735449735449735,0.2610547667342808,0.3045669105499175,0.34600088378258953,4
205,79,camptothecin ,O=C1OCC=2C(=O)N3C(=CC2C1(O)CC)C=4N=C5C=CC=CC5=CC4C3,W/O/W,10.1248/cpb.58.1142,348.3580000000001,81.42,2.0796,14.4,3.0,0.02,39.0,0.7254901960784313,37.0,0.0,0.5864321635029767,AUC > 0.5,27.8433500655722,9,0.732804232804232,0.2427967021045773,0.297374701670644,0.35195270123671074,4
206,67,prednisolone ,O=C1C=CC2(C(=C1)CCC3C4CCC(O)(C(=O)CO)C4(C)CC(O)C32)C,O/W,10.1208/s12249-010-9445-5 ,360.4500000000001,94.83,1.5576,34.0,1.0,0.25,47.11,5.27,26.3,0.0,0.8174898856936855,AUC > 0.5,27.9303736825295,11,1.04218362282878,0.5275878254074623,0.5612895980873376,0.5899134286395841,4
207,67,prednisolone ,O=C1C=CC2(C(=C1)CCC3C4CCC(O)(C(=O)CO)C4(C)CC(O)C32)C,O/W,10.1208/s12249-010-9445-5 ,360.4500000000001,94.83,1.5576,34.0,1.0,0.25,49.2,7.43,37.17,0.0,0.7470174699855419,AUC > 0.5,27.8917708768395,10,1.06600496277915,0.33599021577706195,0.398209162521517,0.4419153870603964,4
208,67,prednisolone ,O=C1C=CC2(C(=C1)CCC3C4CCC(O)(C(=O)CO)C4(C)CC(O)C32)C,O/W,10.1208/s12249-010-9445-5 ,360.4500000000001,94.83,1.5576,34.0,1.0,0.25,53.42,13.6,68.0,0.0,0.6019578031064865,AUC > 0.5,28.0108960027516,10,0.940942928039702,0.22736988249333084,0.27430803363869566,0.30392821161191635,4
209,67,prednisolone ,O=C1C=CC2(C(=C1)CCC3C4CCC(O)(C(=O)CO)C4(C)CC(O)C32)C,O/W,10.1208/s12249-010-9445-5 ,360.4500000000001,94.83,1.5576,34.0,1.0,0.25,39.37,6.88,34.42,0.0,0.4934586407410802,AUC <= 0.5,28.0003305813882,11,0.803632915466859,0.20987161985044345,0.21336062867831254,0.22133623311457246,4
210,67,prednisolone ,O=C1C=CC2(C(=C1)CCC3C4CCC(O)(C(=O)CO)C4(C)CC(O)C32)C,O/W,10.1208/s12249-010-9445-5 ,360.4500000000001,94.83,1.5576,34.0,1.0,0.25,17.04,5.145,25.73,0.0,0.61929597298176,AUC > 0.5,28.0871516933596,11,0.958665147152215,0.31504157502166463,0.3167865846812248,0.33527237402920596,4
211,67,prednisolone ,O=C1C=CC2(C(=C1)CCC3C4CCC(O)(C(=O)CO)C4(C)CC(O)C32)C,O/W,10.1208/s12249-010-9445-5 ,360.4500000000001,94.83,1.5576,34.0,1.0,0.25,39.1,10.15,50.75,0.0,0.7373424892099404,AUC > 0.5,27.9035655314456,12,1.03268432998232,0.35675496884097063,0.40129747697466406,0.42372609134196176,4
212,67,prednisolone ,O=C1C=CC2(C(=C1)CCC3C4CCC(O)(C(=O)CO)C4(C)CC(O)C32)C,O/W,10.1208/s12249-010-9445-5 ,360.4500000000001,94.83,1.5576,34.0,1.0,0.25,64.84,8.82,44.1,0.0,0.6461433797559386,AUC > 0.5,28.0134021039611,7,1.0298277039051,0.17242612309969857,0.27020784190489966,0.28138033685584035,4
213,67,prednisolone ,O=C1C=CC2(C(=C1)CCC3C4CCC(O)(C(=O)CO)C4(C)CC(O)C32)C,O/W,10.1208/s12249-010-9445-5 ,360.4500000000001,94.83,1.5576,34.0,1.0,0.25,55.89,8.16,40.78,0.0,0.6902196226126976,AUC > 0.5,28.0141022574114,11,1.02407244254365,0.273973580989769,0.3081606581289232,0.33831153112380835,4
214,67,prednisolone ,O=C1C=CC2(C(=C1)CCC3C4CCC(O)(C(=O)CO)C4(C)CC(O)C32)C,O/W,10.1208/s12249-010-9445-5 ,360.4500000000001,94.83,1.5576,34.0,1.0,0.25,64.55,10.99,54.94,0.0,0.6787390432206426,AUC > 0.5,27.9758563751888,10,1.03845359441277,0.2921514034163613,0.3811526357668859,0.4043370638186924,4
215,65,dexamethasone,O=C1C=CC2(C(=C1)CCC3C4CC(C)C(O)(C(=O)CO)C4(C)CC(O)C32F)C,O/W,10.1002/jbm.a.32512 ,392.4670000000002,94.83,1.8957,31.0,1.0,0.625,16.0,14.9,38.9,0.0,0.5665294486911894,AUC > 0.5,24.2235359709539,9,0.898134990515172,0.09195354141936092,0.18390708283872184,0.2717338742897004,0
216,38,lidocaine,O=C(NC=1C(=CC=CC1C)C)CN(CC)CC,O/W,10.1002/lary.20713,234.3429999999999,32.34,2.583740000000001,10.0,2.33,1.0,100.0,41.8,83.6,0.2,0.7920417239211105,AUC > 0.5,55.6984749574853,7,0.824558395962477,0.6171982333595889,0.6480630132338028,0.6789277931080167,3
217,38,lidocaine,O=C(NC=1C(=CC=CC1C)C)CN(CC)CC,O/W,10.1002/lary.20713,234.3429999999999,32.34,2.583740000000001,10.0,2.33,1.0,5.0,5.0,10.0,0.2,0.8894271591331591,AUC > 0.5,56.0761698392671,8,0.995885676669043,0.319364257090906,0.39780555263746475,0.4762468481840235,3
218,40,ibuprofen,O=C(O)C(C1=CC=C(C=C1)CC(C)C)C,W/O/W,10.1007/s10544-009-9327-3 ,206.285,37.3,3.073200000000002,20.0,1.0,0.25,35.0,11.96,59.8,0.0,0.797082356093285,AUC > 0.5,20.1062682103289,8,1.00511402410439,0.44015078933554713,0.4992275065523183,0.5583042237690894,1
219,65,dexamethasone,O=C1C=CC2(C(=C1)CCC3C4CC(C)C(O)(C(=O)CO)C4(C)CC(O)C32F)C,O/W,10.1016/j.exer.2009.03.012 ,392.4670000000002,94.83,1.8957,12.0,1.0,0.2,36.5,15.66,93.96,0.0,0.5883801776770022,AUC > 0.5,52.9402152013968,24,1.00290715895354,0.17784684585885924,0.2758580275378539,0.3163547591311573,0
220,41,fenofibric acid ,O=C(O)C(OC1=CC=C(C=C1)C(=O)C2=CC=C(Cl)C=C2)(C)C,O/W,10.1016/j.ejps.2008.12.016 ,318.7560000000001,63.6,3.813000000000002,12.0,1.0,0.35,11.0,20.6,79.45714285714287,0.0,0.6093681139151095,AUC > 0.5,3.19847501991578,11,0.73019801980198,0.6027816881625108,0.6917562662189568,0.7232498275363798,3
221,2,propanolol hydrochloride,CC(C)NCC(COC1=CC=CC2=CC=CC=C21)O.Cl,W/O/W,10.1007/s11095-008-9747-4 ,295.81,41.48999999999999,2.999300000000002,46.0,1.0,0.25,140.0,6.0,30.0,0.0,0.3475781412683831,AUC <= 0.5,30.1669758812616,6,0.666029257552823,0.018982192558667767,0.03796438511733553,0.0569465776760033,2
222,35,imatinib mesylate ,O=C(NC1=CC=C(C(=C1)NC=2N=CC=C(N2)C3=CN=CC=C3)C)C4=CC=C(C=C4)CN5CCN(C)CC5.O=S(=O)(O)C,W/O/W,10.1158/1078-0432.CCR-08-1316,589.7220000000004,140.65,4.094320000000002,12.0,1.0,0.005,33.83,0.2716417910447761,54.6,0.0,0.8656333228145839,AUC > 0.5,17.2429805281243,7,1.00446173026428,0.5784077036413418,0.7009227567790758,0.7893106072463654,0
223,3,gentamicin sulphate ,CC(C1CCC(C(O1)OC2C(CC(C(C2O)OC3C(C(C(CO3)(C)O)NC)O)N)N)N)N.CC(C1CCC(C(O1)OC2C(CC(C(C2O)OC3C(C(C(CO3)(C)O)NC)O)N)N)N)NC.CC1(COC(C(C1NC)O)OC2C(CC(C(C2O)OC3C(CCC(O3)CN)N)N)N)O.OS(=O)(=O)O,W/O/W,10.1016/j.apsusc.2008.06.085 ,1488.807000000001,701.7700000000002,-11.54519999999993,60.0,1.0,0.06,246.37,2.377924528301887,42.01,0.0,0.6551430130288761,AUC > 0.5,30.0369458128078,17,0.853448275862069,0.36134048257372636,0.47281501340482557,0.49089618716656014,2
224,87,cefazolin sodium ,[Na].O=C(O)C1=C(CSC2=NN=C(S2)C)CSC3N1C(=O)C3NC(=O)CN4N=NN=C4,W/O/W,10.1016/j.ijpharm.2008.01.017 ,477.5090000000001,156.09,-1.016879999999999,25.0,1.0,0.04,9.8,2.39,62.14,0.0,0.4258995995684839,AUC <= 0.5,25.1675041876046,36,0.612637362637362,0.023482671174978743,0.03819780219780188,0.08142857142857174,0
225,65,dexamethasone,O=C1C=CC2(C(=C1)CCC3C4CC(C)C(O)(C(=O)CO)C4(C)CC(O)C32F)C,O/W,10.1016/j.jconrel.2008.01.004 ,392.4670000000002,94.83,1.8957,13.0,1.0,0.1,20.0,7.64,84.03999999999999,0.0,0.6064345214877148,AUC > 0.5,31.17903930131,10,0.84611030244218,0.11682460455246911,0.23364920910493822,0.3267518939393938,0
226,65,dexamethasone,O=C1C=CC2(C(=C1)CCC3C4CC(C)C(O)(C(=O)CO)C4(C)CC(O)C32F)C,O/W,10.1016/j.jconrel.2008.01.004 ,392.4670000000002,94.83,1.8957,28.0,1.0,0.1,20.0,8.25,90.75,0.0,0.5601431002082884,AUC > 0.5,53.1877729257641,16,0.849075421855625,0.12427903163580241,0.17013888888888842,0.18301091269841221,0
227,11,ABT627 ,CCCCN(CCCC)C(=O)CN1CC(C(C1C2=CC=C(C=C2)OC)C(=O)O)C3=CC4=C(C=C3)OCO4,O/W,10.1016/j.ejpb.2007.06.008 ,510.6310000000003,88.54,4.694000000000004,34.0,1.0,0.25,18.5295598227625,8.58899357360676,42.9449678680338,0.5,0.4936060780961007,AUC <= 0.5,32.9369981470043,20,0.812261563056352,0.12491609326456504,0.14743897796343064,0.16824753920005386,1
228,11,ABT627 ,CCCCN(CCCC)C(=O)CN1CC(C(C1C2=CC=C(C=C2)OC)C(=O)O)C3=CC4=C(C=C3)OCO4,O/W,10.1016/j.ejpb.2007.06.008 ,510.6310000000003,88.54,4.694000000000004,34.0,1.0,0.25,21.82033385522195,9.480906141912769,47.40453070956384,0.5,0.5552854955487214,AUC > 0.5,32.9285506667151,18,0.95447443955964,0.03615854289558119,0.060537323165951014,0.07945935804129332,1
229,11,ABT627 ,CCCCN(CCCC)C(=O)CN1CC(C(C1C2=CC=C(C=C2)OC)C(=O)O)C3=CC4=C(C=C3)OCO4,O/W,10.1016/j.ejpb.2007.06.008 ,510.6310000000003,88.54,4.694000000000004,34.0,1.0,0.25,17.12656367041195,15.76804660158405,78.84023300792025,0.5,0.4619691497160824,AUC <= 0.5,32.8770482868873,18,0.867052101878428,0.007966504469842805,0.01838529872608143,0.02943271804333648,1
230,11,ABT627 ,CCCCN(CCCC)C(=O)CN1CC(C(C1C2=CC=C(C=C2)OC)C(=O)O)C3=CC4=C(C=C3)OCO4,O/W,10.1016/j.ejpb.2007.06.008 ,510.6310000000003,88.54,4.694000000000004,34.0,1.0,0.25,13.75336103954415,12.8615827284292,64.30791364214599,0.5,0.5211671116240676,AUC > 0.5,32.9177378498346,18,0.927167406470968,0.04393833833746223,0.06450391280194454,0.08506948726642684,1
231,11,ABT627 ,CCCCN(CCCC)C(=O)CN1CC(C(C1C2=CC=C(C=C2)OC)C(=O)O)C3=CC4=C(C=C3)OCO4,O/W,10.1016/j.ejpb.2007.06.008 ,510.6310000000003,88.54,4.694000000000004,34.0,1.0,0.25,17.0120029719588,15.79488951368915,78.97444756844575,0.5,0.4668792778306957,AUC <= 0.5,32.9843909940422,18,0.860669927780634,0.01680108085978692,0.027243478708481695,0.037148725734414766,1
232,11,ABT627 ,CCCCN(CCCC)C(=O)CN1CC(C(C1C2=CC=C(C=C2)OC)C(=O)O)C3=CC4=C(C=C3)OCO4,O/W,10.1016/j.ejpb.2007.06.008 ,510.6310000000003,88.54,4.694000000000004,34.0,1.0,0.25,31.32798227515205,17.51174399461195,87.55871997305974,0.5,0.4321593104482225,AUC <= 0.5,32.9798625426311,18,0.927030609501257,0.018437380802366253,0.028269627885167587,0.03810187496796892,1
233,11,ABT627 ,CCCCN(CCCC)C(=O)CN1CC(C(C1C2=CC=C(C=C2)OC)C(=O)O)C3=CC4=C(C=C3)OCO4,O/W,10.1016/j.ejpb.2007.06.008 ,510.6310000000003,88.54,4.694000000000004,34.0,1.0,0.25,35.88307651190385,18.037850675105,90.189253375525,0.5,0.45195281795507825,AUC <= 0.5,32.8571698122107,18,0.920167175331261,0.02340704880474286,0.030392535361963898,0.03748062548152217,1
234,11,ABT627 ,CCCCN(CCCC)C(=O)CN1CC(C(C1C2=CC=C(C=C2)OC)C(=O)O)C3=CC4=C(C=C3)OCO4,O/W,10.1016/j.ejpb.2007.06.008 ,510.6310000000003,88.54,4.694000000000004,34.0,1.0,0.25,39.04160672860025,18.32282042099185,91.61410210495924,0.5,0.3543764803370727,AUC <= 0.5,33.1693499313656,18,0.892487016080719,0.006583366921939992,0.009256337643663144,0.011729125044500506,1
235,11,ABT627 ,CCCCN(CCCC)C(=O)CN1CC(C(C1C2=CC=C(C=C2)OC)C(=O)O)C3=CC4=C(C=C3)OCO4,O/W,10.1016/j.ejpb.2007.06.008 ,510.6310000000003,88.54,4.694000000000004,34.0,1.0,0.25,23.70415192650485,17.49900841914735,87.49504209573675,0.5,0.4915428601825955,AUC <= 0.5,33.381136911482,18,0.935978803690029,0.0317700082185805,0.04711860069424478,0.061761337344822,1
236,11,ABT627 ,CCCCN(CCCC)C(=O)CN1CC(C(C1C2=CC=C(C=C2)OC)C(=O)O)C3=CC4=C(C=C3)OCO4,O/W,10.1016/j.ejpb.2007.06.008 ,510.6310000000003,88.54,4.694000000000004,34.0,1.0,0.25,17.79357740298915,16.8031872094777,84.0159360473885,0.5,0.40963156879059476,AUC <= 0.5,33.0351203734781,18,0.837060995331522,0.0279550476322953,0.03565645191906548,0.04335884674994917,1
237,11,ABT627 ,CCCCN(CCCC)C(=O)CN1CC(C(C1C2=CC=C(C=C2)OC)C(=O)O)C3=CC4=C(C=C3)OCO4,O/W,10.1016/j.ejpb.2007.06.008 ,510.6310000000003,88.54,4.694000000000004,34.0,1.0,0.25,17.08824215000685,15.7006292421396,78.503146210698,0.5,0.4705524779699829,AUC <= 0.5,33.3045494767033,18,0.857697901728048,0.018914408602785447,0.028480104039838833,0.036940667394334215,1
238,11,ABT627 ,CCCCN(CCCC)C(=O)CN1CC(C(C1C2=CC=C(C=C2)OC)C(=O)O)C3=CC4=C(C=C3)OCO4,O/W,10.1016/j.ejpb.2007.06.008 ,510.6310000000003,88.54,4.694000000000004,34.0,1.0,0.25,17.5491930618401,14.9998080324699,74.9990401623495,0.5,0.4718345067890893,AUC <= 0.5,33.3133982241479,18,0.928828608915875,0.02445892301582875,0.03241931199805998,0.040774417665403684,1
239,11,ABT627 ,CCCCN(CCCC)C(=O)CN1CC(C(C1C2=CC=C(C=C2)OC)C(=O)O)C3=CC4=C(C=C3)OCO4,O/W,10.1016/j.ejpb.2007.06.008 ,510.6310000000003,88.54,4.694000000000004,34.0,1.0,0.25,16.0947101449275,14.78253623188405,73.91268115942025,0.5,0.5023280136525973,AUC > 0.5,32.9781348942086,18,1.01294498381877,0.03812422714734128,0.048663559402644274,0.059571098647311096,1
240,11,ABT627 ,CCCCN(CCCC)C(=O)CN1CC(C(C1C2=CC=C(C=C2)OC)C(=O)O)C3=CC4=C(C=C3)OCO4,O/W,10.1016/j.ejpb.2007.06.008 ,510.6310000000003,88.54,4.694000000000004,34.0,1.0,0.25,17.8792753623188,16.7245652173913,83.62282608695651,0.5,0.4162344710902583,AUC <= 0.5,32.9670942717278,18,0.844660194174757,0.028004742912579372,0.03994825913549637,0.04988950994410501,1
241,11,ABT627 ,CCCCN(CCCC)C(=O)CN1CC(C(C1C2=CC=C(C=C2)OC)C(=O)O)C3=CC4=C(C=C3)OCO4,O/W,10.1016/j.ejpb.2007.06.008 ,510.6310000000003,88.54,4.694000000000004,34.0,1.0,0.25,19.20768115942025,15.9910144927536,79.95507246376799,0.5,0.6388354721233377,AUC > 0.5,33.0411073335436,19,1.01294498381877,0.06865009013303923,0.08515709965287598,0.10009800078400613,1
242,11,ABT627 ,CCCCN(CCCC)C(=O)CN1CC(C(C1C2=CC=C(C=C2)OC)C(=O)O)C3=CC4=C(C=C3)OCO4,O/W,10.1016/j.ejpb.2007.06.008 ,510.6310000000003,88.54,4.694000000000004,34.0,1.0,0.4285714285714285,22.3,28.5,94.2,0.5,0.36306550389828607,AUC <= 0.5,34.0021722846442,19,0.818184671395392,0.0096093869047567,0.011496734846373386,0.01310440836026003,1
243,11,ABT627 ,CCCCN(CCCC)C(=O)CN1CC(C(C1C2=CC=C(C=C2)OC)C(=O)O)C3=CC4=C(C=C3)OCO4,O/W,10.1016/j.ejpb.2007.06.008 ,510.6310000000003,88.54,4.694000000000004,34.0,1.0,0.5384615384615384,18.7,33.5,96.2,0.5,0.3979301831623202,AUC <= 0.5,33.9444382022472,19,0.861954679555583,0.0128448299105195,0.013202579572346036,0.014460837378948781,1
244,11,ABT627 ,CCCCN(CCCC)C(=O)CN1CC(C(C1C2=CC=C(C=C2)OC)C(=O)O)C3=CC4=C(C=C3)OCO4,O/W,10.1016/j.ejpb.2007.06.008 ,510.6310000000003,88.54,4.694000000000004,34.0,1.0,0.6666666666666666,19.6,37.2,93.0,0.5,0.37601092108971845,AUC <= 0.5,33.7712359550561,19,0.89466449061578,0.016080272916282355,0.018200645460898453,0.019801283904212257,1
245,11,ABT627 ,CCCCN(CCCC)C(=O)CN1CC(C(C1C2=CC=C(C=C2)OC)C(=O)O)C3=CC4=C(C=C3)OCO4,O/W,10.1016/j.ejpb.2007.06.008 ,510.6310000000003,88.54,4.694000000000004,34.0,1.0,0.8181818181818182,19.8,42.9,95.5,0.5,0.29511132114790156,AUC <= 0.5,34.0599063670412,19,0.844353775657523,0.012161067863043757,0.013202579572346029,0.013657498147266797,1
246,23,prednisone hydrochloride ,Cl.O=C1C=CC2(C(=C1)CCC3C2C(=O)CC4(C)C3CCC4(O)C(=O)CO)C,S/O/W,10.1002/jps.21073 ,394.8950000000002,91.67,2.1876,12.0,1.0,0.2,38.0,15.8,79.0,0.0,0.6111853843781547,AUC > 0.5,100.44448774384,12,0.998019570246743,0.011901377995136965,0.02380275599027393,0.0357041339854109,1
247,23,prednisone hydrochloride ,Cl.O=C1C=CC2(C(=C1)CCC3C2C(=O)CC4(C)C3CCC4(O)C(=O)CO)C,S/O/W,10.1002/jps.21073 ,394.8950000000002,91.67,2.1876,48.0,1.0,0.2,23.0,14.0,70.0,0.0,0.7154049342655342,AUC > 0.5,159.971224355685,17,0.94226147073915,0.045771936993553405,0.09154387398710681,0.1373158109806602,1
248,23,prednisone hydrochloride ,Cl.O=C1C=CC2(C(=C1)CCC3C2C(=O)CC4(C)C3CCC4(O)C(=O)CO)C,S/O/W,10.1002/jps.21073 ,394.8950000000002,91.67,2.1876,48.0,1.0,0.2,32.0,13.3,67.0,0.0,0.6408465193560271,AUC > 0.5,159.562610206414,17,0.84301493424073,0.0492764165468105,0.098552833093621,0.1478292496404315,1
249,23,prednisone hydrochloride ,Cl.O=C1C=CC2(C(=C1)CCC3C2C(=O)CC4(C)C3CCC4(O)C(=O)CO)C,S/O/W,10.1002/jps.21073 ,394.8950000000002,91.67,2.1876,12.0,1.0,0.3,42.0,19.3,64.0,0.0,0.6841074406390485,AUC > 0.5,142.834355354645,18,0.950035435861091,0.060499592100654004,0.09119855215816629,0.10757092768467201,1
250,23,prednisone hydrochloride ,Cl.O=C1C=CC2(C(=C1)CCC3C2C(=O)CC4(C)C3CCC4(O)C(=O)CO)C,S/O/W,10.1002/jps.21073 ,394.8950000000002,91.67,2.1876,48.0,1.0,0.3,45.0,24.6,82.0,0.0,0.7889989019628552,AUC > 0.5,143.250714846668,17,0.981831938245829,0.29141003901772805,0.31713453371996353,0.33856688457292267,1
251,23,prednisone hydrochloride ,Cl.O=C1C=CC2(C(=C1)CCC3C2C(=O)CC4(C)C3CCC4(O)C(=O)CO)C,S/O/W,10.1002/jps.21073 ,394.8950000000002,91.67,2.1876,48.0,1.0,0.3,33.0,18.3,61.0,0.0,0.7918732185568966,AUC > 0.5,141.292906794108,17,0.981736165648284,0.41645774775736977,0.4404298805958281,0.4498847929383179,1
252,70,ganciclovir,O=C1N=C(N)NC2=C1N=CN2COC(CO)CO,O/W,10.1089/jop.2006.132,255.234,139.28,-1.9709,8.0,1.0,0.1,229.0,4.238181818181818,46.62,0.0,0.6686125430520251,AUC > 0.5,14.2897098277994,17,0.996894409937888,0.13356736485795945,0.1962233557829683,0.2763477670177226,2
253,18,doxycycline HCL ,Cl.O=C(N)C=1C(=O)C2(O)C(O)=C3C(=O)C=4C(O)=CC=CC4C(C)C3C(O)C2C(C1O)N(C)C,W/O/W,10.1016/j.jconrel.2007.01.008,480.9010000000002,181.62,0.07420000000000004,60.0,1.0,0.6,200.0,9.2625,24.7,0.0,0.5931264328372452,AUC > 0.5,10.9969660381203,12,0.841704398550586,0.3862535344256582,0.4814459119665682,0.5349031063820674,3
254,33,temozolomide ,O=C(N)C=1N=CN2C(=O)N(N=NC12)C,O/W,10.1016/j.ijpharm.2006.08.027 ,194.154,108.17,-2.0781,20.0,3.0,0.05,61.5,3.868095238095238,81.23,0.0,0.5194274851782642,AUC > 0.5,34.9171780199582,7,0.933501530245099,0.10199077963398848,0.13220877249986587,0.14341402024612715,2
255,33,temozolomide ,O=C(N)C=1N=CN2C(=O)N(N=NC12)C,O/W,10.1016/j.ijpharm.2006.08.027 ,194.154,108.17,-2.0781,20.0,3.0,0.1,62.6,7.699090909090909,84.69,0.0,0.6255340651862208,AUC > 0.5,34.9126888097034,7,0.9631816382148,0.18536402748669403,0.2204567098706676,0.23949865761068,2
256,33,temozolomide ,O=C(N)C=1N=CN2C(=O)N(N=NC12)C,O/W,10.1016/j.ijpharm.2006.08.027 ,194.154,108.17,-2.0781,20.0,3.0,0.2,64.9,13.40666666666667,80.44,0.0,0.6815508521007054,AUC > 0.5,34.9620701225062,7,0.970033783881418,0.2419804278524112,0.3361438249268839,0.35729301368257194,2
257,28,etizolam ,ClC=1C=CC=CC1C2=NCC3=NN=C(N3C=4SC(=CC24)CC)C,W/O/W,10.1080/02652040601058152 ,342.8550000000001,43.07,4.204020000000003,34.0,1.0,0.1,6.4,3.727272727272728,41.0,0.0,0.564326926932832,AUC > 0.5,3.0425,8,0.935109289617486,0.4785363982176796,0.6970796969726902,0.9253163834553207,1
258,78,etoposide ,O=C1OCC2C(OC3OC4COC(OC4C(O)C3O)C)C5=CC=6OCOC6C=C5C(C7=CC(OC)=C(O)C(OC)=C7)C12,O/W,10.1080/10837450601168581 ,588.5620000000004,160.83,1.338600000000001,15.0,1.0,0.05,48.15,3.770952380952381,79.19,0.1,0.36407652121583445,AUC <= 0.5,28.0827722478943,7,0.616723290791493,0.12997000441429787,0.16861135753981815,0.19603332817344682,1
259,22,mitoxantrone dihydrochloride ,Cl.O=C1C=2C(O)=CC=C(O)C2C(=O)C=3C(=CC=C(NCCNCCO)C13)NCCNCCO,W/O/W,10.1016/j.ijpharm.2006.07.010 ,480.9490000000003,163.18,0.2826000000000005,31.0,1.0,0.1111111111111111,3.8,2.67,26.7,0.0,0.6017115282219125,AUC > 0.5,70.296648121477,13,0.91830125088644,0.021636725294499854,0.05132624344621957,0.09021950943982168,2
260,84,dipyridamole ,OCCN(C=1N=C2C(N=C(N=C2N3CCCCC3)N(CCO)CCO)=C(N1)N4CCCCC4)CCO,O/W,10.1002/jbm.b.30412 ,504.6360000000005,145.44,-0.01759999999999823,10.0,1.0,0.1764705882352941,6.0,6.3,42.0,6.4,0.7593439864197079,AUC > 0.5,24.8465177613909,28,0.994780248460173,0.22492978070247158,0.34875215334711074,0.42432758042017155,2
261,84,dipyridamole ,OCCN(C=1N=C2C(N=C(N=C2N3CCCCC3)N(CCO)CCO)=C(N1)N4CCCCC4)CCO,O/W,10.1002/jbm.b.30412 ,504.6360000000005,145.44,-0.01759999999999823,28.5,1.0,0.1764705882352941,6.0,7.065,47.1,6.4,0.6304307787264427,AUC > 0.5,26.9750801469122,30,0.992749290588313,0.1757162036194126,0.21899484053373505,0.24469897500075702,2
262,84,dipyridamole ,OCCN(C=1N=C2C(N=C(N=C2N3CCCCC3)N(CCO)CCO)=C(N1)N4CCCCC4)CCO,O/W,10.1002/jbm.b.30412 ,504.6360000000005,145.44,-0.01759999999999823,57.5,1.0,0.1764705882352941,6.0,7.23,48.2,6.4,0.35923947871791945,AUC <= 0.5,39.8786298310382,43,0.993363006829966,0.16337663831273608,0.2183138342546243,0.23004902878847425,2
263,59,rotenone ,O=C1C2=CC=C3OC(C(=C)C)CC3=C2OC4COC5=CC(OC)=C(OC)C=C5C14,O/W,10.1016/j.biomaterials.2005.07.005 ,394.4230000000001,63.22000000000001,3.703300000000003,15.0,3.0,0.25,100.0,19.6,97.4,20.0,0.550092215060421,AUC > 0.5,15.2105887009715,16,0.999999999999999,0.11725303778508632,0.20387278687679034,0.27993869091215634,0
264,70,ganciclovir,O=C1N=C(N)NC2=C1N=CN2COC(CO)CO,O/W,10.1007/s11095-005-9042-6 ,255.234,139.28,-1.9709,108.0,3.0,0.1,158.29,4.655454545454545,51.21,0.0,0.30110938786889196,AUC <= 0.5,90.9597281929243,41,0.997214484679665,0.139275766016713,0.139275766016713,0.1621141303810734,2
265,70,ganciclovir,O=C1N=C(N)NC2=C1N=CN2COC(CO)CO,O/W,10.1007/s11095-005-9042-6 ,255.234,139.28,-1.9709,8.0,1.0,0.1,220.01,4.284545454545455,47.13,0.0,0.5010987549496355,AUC > 0.5,9.09483689707359,12,0.988424711928915,0.10039547185399504,0.13815767669209947,0.19373076916402338,2
266,48,indomethacin,O=C(O)CC=1C=2C=C(OC)C=CC2N(C(=O)C3=CC=C(Cl)C=C3)C1C,O/W,10.1080/02652040500273902 ,357.7930000000001,68.53,3.927320000000003,34.0,1.0,0.1,51.535,8.272727272727272,91.0,0.0,0.42989400408618067,AUC <= 0.5,17.135050973654,9,0.922222222222222,0.06360304908928839,0.08862630962376392,0.10472178065689383,0
267,38,lidocaine,O=C(NC=1C(=CC=CC1C)C)CN(CC)CC,O/W,10.1021/bm050228k,234.3429999999999,32.34,2.583740000000001,46.0,1.0,0.046,7.2,4.0,90.95652173913044,0.0,0.758614707217631,AUC > 0.5,35.0727136665372,12,0.997885844426397,0.23652462757608636,0.2418712732855396,0.3708453534231242,3
268,38,lidocaine,O=C(NC=1C(=CC=CC1C)C)CN(CC)CC,O/W,10.1021/bm050228k,234.3429999999999,32.34,2.583740000000001,46.0,1.0,0.046,24.0,4.0,90.95652173913044,0.0,0.7366712663040478,AUC > 0.5,35.0708689223544,11,0.972515977543166,0.1321227234381334,0.21138763439343838,0.2774649470066115,3
269,38,lidocaine,O=C(NC=1C(=CC=CC1C)C)CN(CC)CC,O/W,10.1021/bm050228k,234.3429999999999,32.34,2.583740000000001,46.0,1.0,0.046,37.0,4.0,90.95652173913044,0.0,0.7226661185604489,AUC > 0.5,35.2178335422478,11,0.993648705907277,0.12164260446985582,0.18579112104670675,0.23567802411527194,3
270,38,lidocaine,O=C(NC=1C(=CC=CC1C)C)CN(CC)CC,O/W,10.1021/bm050228k,234.3429999999999,32.34,2.583740000000001,46.0,1.0,0.046,53.0,3.9,88.68260869565218,0.0,0.716441820178972,AUC > 0.5,35.1451198757106,11,0.993653119593234,0.1338678433666411,0.19948400041470749,0.24805552767525854,3
271,22,mitoxantrone dihydrochloride ,Cl.O=C1C=2C(O)=CC=C(O)C2C(=O)C=3C(=CC=C(NCCNCCO)C13)NCCNCCO,W/O/W,10.1016/S1773-2247(05)50032-7,480.9490000000003,163.18,0.2826000000000005,31.0,1.0,0.1111111111111111,7.7,2.97,29.7,0.0,0.48385038532162816,AUC <= 0.5,91.8924436408177,13,0.910481495523345,0.0011026577399066788,0.0022053154798133577,0.0033079732197200365,2
272,65,dexamethasone,O=C1C=CC2(C(=C1)CCC3C4CC(C)C(O)(C(=O)CO)C4(C)CC(O)C32F)C,S/O/W,10.1208/aapsj070122,392.4670000000002,94.83,1.8957,60.0,1.0,0.1,40.0,4.736363636363636,52.1,0.0,0.6369914809017947,AUC > 0.5,28.0198591803574,12,0.940765481133778,0.2851820196336996,0.41397604075832256,0.4246125511578452,0
273,6,rifampicin,CC1C=CC=C(C(=O)NC2=C(C(=C3C(=C2O)C(=C(C4=C3C(=O)C(O4)(OC=CC(C(C(C(C(C(C1O)C)O)C)OC(=O)C)C)OC)C)C)O)O)C=NN5CCN(CC5)C)C,O/W,10.1016/j.colsurfb.2004.08.016 ,822.9529999999996,220.15,4.335420000000004,10.0,3.0,0.075,1.35,4.702325581395349,67.4,0.0,0.8356090764358874,AUC > 0.5,20.1204819277108,21,0.913428279592358,0.5741098265895952,0.7063996696944677,0.7525185796862098,2
274,6,rifampicin,CC1C=CC=C(C(=O)NC2=C(C(=C3C(=C2O)C(=C(C4=C3C(=O)C(O4)(OC=CC(C(C(C(C(C(C1O)C)O)C)OC(=O)C)C)OC)C)C)O)O)C=NN5CCN(CC5)C)C,O/W,10.1016/j.colsurfb.2004.08.016 ,822.9529999999996,220.15,4.335420000000004,10.0,3.0,0.075,2.2,3.509302325581395,50.3,0.0,0.8316257136816272,AUC > 0.5,20.1204819277108,21,0.913869350233303,0.5704913294797682,0.6837341040462431,0.7434368978805392,2
275,6,rifampicin,CC1C=CC=C(C(=O)NC2=C(C(=C3C(=C2O)C(=C(C4=C3C(=O)C(O4)(OC=CC(C(C(C(C(C(C1O)C)O)C)OC(=O)C)C)OC)C)C)O)O)C=NN5CCN(CC5)C)C,O/W,10.1016/j.colsurfb.2004.08.016 ,822.9529999999996,220.15,4.335420000000004,10.0,3.0,0.075,5.2,4.332558139534884,62.1,0.0,0.5717514218724604,AUC > 0.5,20.0803212851405,21,0.713861225247812,0.32197736030828483,0.40664739884393053,0.4270644095788604,2
276,6,rifampicin,CC1C=CC=C(C(=O)NC2=C(C(=C3C(=C2O)C(=C(C4=C3C(=O)C(O4)(OC=CC(C(C(C(C(C(C1O)C)O)C)OC(=O)C)C)OC)C)C)O)O)C=NN5CCN(CC5)C)C,O/W,10.1016/j.colsurfb.2004.08.016 ,822.9529999999996,220.15,4.335420000000004,10.0,3.0,0.075,9.0,3.976744186046512,57.0,0.0,0.6007100848864422,AUC > 0.5,20.0401606425702,21,0.754329456554542,0.37894571500376956,0.3918325840291151,0.4418208092485542,2
277,71,5-fluorouracil,O=C1NC=C(F)C(=O)N1,S/O/W,10.1016/j.jconrel.2004.01.011 ,130.078,65.72,-0.7977000000000001,104.0,1.0,0.8,78.2,34.7,78.07500000000002,0.0,0.8394217163991393,AUC > 0.5,20.92959451203,23,1.00927293679089,0.3795685557467482,0.5609612665636876,0.6849163730308528,2
278,71,5-fluorouracil,O=C1NC=C(F)C(=O)N1,S/O/W,10.1016/j.jconrel.2004.01.011 ,130.078,65.72,-0.7977000000000001,104.0,1.0,0.8,65.1,31.9,71.775,0.0,0.7590730851241125,AUC > 0.5,20.9642694178699,23,1.01856134136626,0.30123118611657496,0.4968837522628064,0.5951515999427021,2
279,71,5-fluorouracil,O=C1NC=C(F)C(=O)N1,S/O/W,10.1016/j.jconrel.2004.01.011 ,130.078,65.72,-0.7977000000000001,104.0,1.0,0.8,50.9,26.8,60.3,0.0,0.7125221730489617,AUC > 0.5,20.8945947827163,21,1.00926520289866,0.24177593742811151,0.375820961852803,0.5010282974444391,2
280,71,5-fluorouracil,O=C1NC=C(F)C(=O)N1,S/O/W,10.1016/j.jconrel.2004.01.011 ,130.078,65.72,-0.7977000000000001,104.0,1.0,0.8,39.3,24.0,54.0,0.0,0.7024255292821622,AUC > 0.5,20.9645942413438,23,1.00928067068313,0.3016959325041863,0.4415947921683893,0.508460780922159,2
281,71,5-fluorouracil,O=C1NC=C(F)C(=O)N1,S/O/W,10.1016/j.jconrel.2004.01.011 ,130.078,65.72,-0.7977000000000001,104.0,1.0,0.8,28.5,17.6,39.60000000000001,0.0,0.6527634787374486,AUC > 0.5,20.8947571944532,25,1.00462486755709,0.2473180500201974,0.365904620485018,0.430075155403466,2
282,71,5-fluorouracil,O=C1NC=C(F)C(=O)N1,S/O/W,10.1016/j.jconrel.2004.01.011 ,130.078,65.72,-0.7977000000000001,104.0,1.0,0.8,47.1,26.1,58.72500000000001,0.0,0.7697851963343048,AUC > 0.5,20.963782182659,23,1.03248234739097,0.33335195069134793,0.49317008225036724,0.6021657563508397,2
283,61,progesterone,O=C1C=C2CCC3C(CCC4(C)C(C(=O)C)CCC34)C2(C)CC1,O/W,10.1081/LABB-200039635 ,314.4690000000001,34.14,4.723500000000005,13.1325,1.0,0.1111111111111111,13.61,8.64,86.37,15.84,0.4149263812217057,AUC <= 0.5,32.0714238672286,17,0.692307692307692,0.08374626804629719,0.1264582296888745,0.16906446179757997,3
284,61,progesterone,O=C1C=C2CCC3C(CCC4(C)C(C(=O)C)CCC34)C2(C)CC1,O/W,10.1081/LABB-200039635 ,314.4690000000001,34.14,4.723500000000005,13.1325,3.0,0.1111111111111111,9.14,9.77,97.65,15.84,0.40142922882640064,AUC <= 0.5,20.255866438263,7,0.616056910569105,0.11604415422885557,0.1394732587064671,0.16290236318407864,3
285,32,fentanyl,O=C(N(C=1C=CC=CC1)C2CCN(CCC=3C=CC=CC3)CC2)CC,O/W,10.3109/02652040309178347,336.4790000000001,23.55,4.136700000000004,33.0,1.0,0.1,26.7,7.227272727272727,79.5,0.0,0.38982557827106,AUC <= 0.5,10.9815169966269,7,0.82382313878347,0.017178833999742286,0.0807897153351704,0.14471074380165333,3
286,32,fentanyl,O=C(N(C=1C=CC=CC1)C2CCN(CCC=3C=CC=CC3)CC2)CC,O/W,10.3109/02652040309178347,336.4790000000001,23.55,4.136700000000004,33.0,1.0,0.2,27.5,10.21666666666667,61.3,0.0,0.4403184308688616,AUC <= 0.5,10.995896573084,8,0.909811166622936,0.022753660581822995,0.05784459880948628,0.15770616690799036,3
287,32,fentanyl,O=C(N(C=1C=CC=CC1)C2CCN(CCC=3C=CC=CC3)CC2)CC,O/W,10.3109/02652040309178347,336.4790000000001,23.55,4.136700000000004,33.0,1.0,0.3,31.3,12.43846153846154,53.9,0.0,0.45792085444783737,AUC <= 0.5,11.0104709067843,8,0.990191808834946,0.016621469983168432,0.06491117503205071,0.1481973756504317,3
288,32,fentanyl,O=C(N(C=1C=CC=CC1)C2CCN(CCC=3C=CC=CC3)CC2)CC,O/W,10.3109/02652040309178347,336.4790000000001,23.55,4.136700000000004,33.0,1.0,0.1111111111111111,28.1,8.77,87.7,0.0,0.401482192915884,AUC <= 0.5,10.9869113039761,8,0.931237942031757,0.030007013145051695,0.0808851458106189,0.13132892097974358,3
289,32,fentanyl,O=C(N(C=1C=CC=CC1)C2CCN(CCC=3C=CC=CC3)CC2)CC,O/W,10.3109/02652040309178347,336.4790000000001,23.55,4.136700000000004,33.0,1.0,0.1111111111111111,32.3,9.06,90.6,0.0,0.4358660139700309,AUC <= 0.5,10.9876200172116,8,0.971162120964975,0.023479819129589522,0.08685650347452885,0.15212156507733185,3
290,56,ipriflavone,O=C1C(=COC2=CC(OC(C)C)=CC=C21)C=3C=CC=CC3,O/W,10.1016/S0378-5173(03)00072-3 ,280.323,39.44,4.247200000000003,34.0,1.0,0.1,24.42,5.5,60.5,0.15,0.4433962264150937,AUC <= 0.5,31.0657193605683,25,1.0,0.09088907239196288,0.10622992935131663,0.1490416793428659,1
291,32,fentanyl,O=C(N(C=1C=CC=CC1)C2CCN(CCC=3C=CC=CC3)CC2)CC,O/W,10.1007/BF03218313,336.4790000000001,23.55,4.136700000000004,5.0,1.0,0.05263157894736842,21.5,4.925,98.5,0.0,0.5199719988499429,AUC > 0.5,11.024420915771,12,0.942770971987616,0.1420188996811462,0.24870478167796137,0.30778225063124287,3
292,32,fentanyl,O=C(N(C=1C=CC=CC1)C2CCN(CCC=3C=CC=CC3)CC2)CC,O/W,10.1007/BF03218313,336.4790000000001,23.55,4.136700000000004,5.0,1.0,0.1111111111111111,27.5,9.75,97.5,0.0,0.49187696997405295,AUC <= 0.5,10.9343251610565,12,0.835740966712314,0.13832804433257942,0.21698309353293802,0.3061931971977063,3
293,32,fentanyl,O=C(N(C=1C=CC=CC1)C2CCN(CCC=3C=CC=CC3)CC2)CC,O/W,10.1007/BF03218313,336.4790000000001,23.55,4.136700000000004,5.0,1.0,0.25,30.0,19.28,96.4,0.0,0.4453136742897552,AUC <= 0.5,11.0680940175949,12,0.68166486382795,0.18012015455274316,0.19931435469536274,0.3209261561473448,3
294,32,fentanyl,O=C(N(C=1C=CC=CC1)C2CCN(CCC=3C=CC=CC3)CC2)CC,O/W,10.1007/BF03218313,336.4790000000001,23.55,4.136700000000004,5.0,1.0,0.4285714285714285,32.0,27.66,92.2,0.0,0.38961521113866665,AUC <= 0.5,11.0231420548098,12,0.626844357292438,0.1397083949403464,0.2233452938637882,0.29170899220427654,3
295,32,fentanyl,O=C(N(C=1C=CC=CC1)C2CCN(CCC=3C=CC=CC3)CC2)CC,O/W,10.1007/BF03218313,336.4790000000001,23.55,4.136700000000004,5.0,1.0,0.1111111111111111,40.7,8.46,84.6,0.0,0.5567343221964421,AUC > 0.5,11.0194946003392,12,0.952970350172831,0.19608313725974746,0.268628600586888,0.3632684602455039,3
296,32,fentanyl,O=C(N(C=1C=CC=CC1)C2CCN(CCC=3C=CC=CC3)CC2)CC,O/W,10.1007/BF03218313,336.4790000000001,23.55,4.136700000000004,5.0,1.0,0.1111111111111111,26.5,7.14,71.4,0.0,0.433187873073821,AUC <= 0.5,11.001202310153,12,0.698381175258174,0.13593922157149227,0.24037426571087336,0.32957610312375446,3
297,32,fentanyl,O=C(N(C=1C=CC=CC1)C2CCN(CCC=3C=CC=CC3)CC2)CC,O/W,10.1007/BF03218313,336.4790000000001,23.55,4.136700000000004,5.0,1.0,0.1111111111111111,25.4,7.22,72.2,0.0,0.40429935935851546,AUC <= 0.5,11.0278678317624,12,0.61176116967602,0.16225399417695238,0.2379260237618701,0.2978946113419916,3
298,71,5-fluorouracil,O=C1NC=C(F)C(=O)N1,O/W,10.1016/S0928-0987(02)00023-4,130.078,65.72,-0.7977000000000001,104.0,1.0,0.8,26.0,20.0,45.0,0.0,0.6186768310292402,AUC > 0.5,23.1034171035979,25,0.973391355307701,0.23798706287344654,0.31060556225789,0.3716588186572552,2
299,86,naproxen sodium ,[Na].O=C(O)C(C1=CC=C2C=C(OC)C=CC2=C1)C,O/W,10.1080/02652040010018641 ,253.253,46.53,2.655700000000001,34.0,1.0,0.1,9.0,2.0,22.0,0.0,0.8307554714374109,AUC > 0.5,4.0129473187113,11,0.998644488753629,0.7107595923040281,0.9149635834640483,0.9913080235753875,0
300,6,rifampicin,CC1C=CC=C(C(=O)NC2=C(C(=C3C(=C2O)C(=C(C4=C3C(=O)C(O4)(OC=CC(C(C(C(C(C(C1O)C)O)C)OC(=O)C)C)OC)C)C)O)O)C=NN5CCN(CC5)C)C,O/W,10.1023/A:1007527204887,822.9529999999996,220.15,4.335420000000004,82.5,3.0,0.5,6.84,4.066666666666666,12.2,0.0,0.5501174975363655,AUC > 0.5,9.05283757338551,10,0.723943044683626,0.36492257343550427,0.4376776721897336,0.4897965399610131,2
301,6,rifampicin,CC1C=CC=C(C(=O)NC2=C(C(=C3C(=C2O)C(=C(C4=C3C(=O)C(O4)(OC=CC(C(C(C(C(C(C1O)C)O)C)OC(=O)C)C)OC)C)C)O)O)C=NN5CCN(CC5)C)C,O/W,10.1023/A:1007527204887,822.9529999999996,220.15,4.335420000000004,82.5,3.0,0.88,3.45,20.78297872340425,44.4,0.0,0.5697030964018132,AUC > 0.5,9.07045009784735,10,0.648417115133724,0.4959919410150895,0.565378552043422,0.5817468869731797,2
302,69,guanosine,O=C1N=C(N)NC2=C1N=CN2C3OC(CO)C(O)C3O,O/W,10.1081/PDT-100100542 ,283.244,159.51,-2.6867,75.0,1.0,0.06,115.0,2.49,46.5,0.0,0.5083335108611401,AUC > 0.5,8.11504367381285,15,0.740065146579804,0.23219149779348067,0.3694460993790698,0.452552678513558,4
303,69,guanosine,O=C1N=C(N)NC2=C1N=CN2C3OC(CO)C(O)C3O,O/W,10.1081/PDT-100100542 ,283.244,159.51,-2.6867,75.0,1.0,0.06,207.5,2.72,50.8,0.0,0.49030898246021365,AUC <= 0.5,3.96932276711236,16,0.646254071661237,0.4204514013678915,0.5472525497246109,0.646254071661237,4
304,69,guanosine,O=C1N=C(N)NC2=C1N=CN2C3OC(CO)C(O)C3O,O/W,10.1081/PDT-100100542 ,283.244,159.51,-2.6867,140.0,5.67,0.06,115.0,2.53,47.3,0.0,0.5281009991466363,AUC > 0.5,7.04113924022468,13,0.837129413724184,0.2605921052656209,0.35699248121149785,0.4631203007646147,4
305,69,guanosine,O=C1N=C(N)NC2=C1N=CN2C3OC(CO)C(O)C3O,O/W,10.1081/PDT-100100542 ,283.244,159.51,-2.6867,140.0,5.67,0.06,207.5,2.62,48.9,0.0,0.49038957361758795,AUC <= 0.5,3.29641350197784,13,0.727910559626915,0.3970087719341175,0.558195983393357,0.7278947368420101,4
306,49,nifedipine ,O=C(OC)C1=C(NC(=C(C(=O)OC)C1C=2C=CC=CC2N(=O)=O)C)C,O/W,10.3109/02652049809008239 ,346.3390000000001,107.77,2.1756,46.0,1.0,0.2,17.0,6.5,39.0,0.0,0.5778689541405337,AUC > 0.5,18.1134268789444,14,0.950924880969102,0.12247568353240519,0.17353124841891288,0.22604546794888522,1
307,49,nifedipine ,O=C(OC)C1=C(NC(=C(C(=O)OC)C1C=2C=CC=CC2N(=O)=O)C)C,O/W,10.3109/02652049809008239 ,346.3390000000001,107.77,2.1756,46.0,1.0,0.2,81.0,15.1,90.60000000000001,0.0,0.4064875656804692,AUC <= 0.5,22.0170734546583,13,0.842866012184238,0.02715653413468938,0.03950359686431755,0.06700831302393231,1
308,26,thioridazine hydrochloride ,Cl.S1C=2C=CC=CC2N(C3=CC(SC)=CC=C13)CCC4N(C)CCCC4,O/W,10.1016/S0939-6411(97)00126-4,407.0480000000003,6.48,6.307400000000005,64.0,3.0,0.08106877873367017,160.0,1.781,23.75,0.0,0.5627229578228977,AUC > 0.5,41.805359661495,11,1.00335327271612,0.025348594642072755,0.1191699604743072,0.13837597478901723,1
309,26,thioridazine hydrochloride ,Cl.S1C=2C=CC=CC2N(C3=CC(SC)=CC=C13)CCC4N(C)CCCC4,O/W,10.1016/S0939-6411(97)00126-4,407.0480000000003,6.48,6.307400000000005,100.0,3.0,0.08109709140453765,160.0,1.369,18.25,0.0,0.5041603805989682,AUC > 0.5,21.0120894642598,9,0.995934959349593,0.04288157332193248,0.058507909362975785,0.07497743682310483,1
310,26,thioridazine hydrochloride ,Cl.S1C=2C=CC=CC2N(C3=CC(SC)=CC=C13)CCC4N(C)CCCC4,W/O/W,10.1016/S0939-6411(97)00126-4,407.0480000000003,6.48,6.307400000000005,64.0,3.0,0.02040816326530612,140.0,1.38,69.0,0.0,0.7825159413458583,AUC > 0.5,41.805359661495,11,1.00008919761173,0.05259387351778658,0.4711242863416795,0.5277681708388223,1
311,26,thioridazine hydrochloride ,Cl.S1C=2C=CC=CC2N(C3=CC(SC)=CC=C13)CCC4N(C)CCCC4,W/O/W,10.1016/S0939-6411(97)00126-4,407.0480000000003,6.48,6.307400000000005,100.0,3.0,0.02040816326530612,140.0,1.99,99.5,0.0,0.8088796262589468,AUC > 0.5,41.9155183343899,11,1.0060975609756,0.10812261450381645,0.15360225940530714,0.2205790485343584,1
312,19,doxycycline hyclate,Cl.O=C(N)C=1C(=O)C2(O)C(O)=C3C(=O)C=4C(O)=CC=CC4C(C)C3C(O)C2C(C1O)N(C)C.O.OCC,O/W,10.1208/s12249-024-02760-7,544.9850000000001,233.35,-0.7518999999999993,45.0,1.0,0.2049778881029559,33.528,3.4021,19.9995,0.0,0.6443572023878402,AUC > 0.5,7.99674703755828,12,0.863360713517945,0.4404873380388338,0.5147086344782758,0.6429071492669819,0
313,65,dexamethasone,O=C1C=CC2(C(=C1)CCC3C4CC(C)C(O)(C(=O)CO)C4(C)CC(O)C32F)C,O/W,10.1016/j.ijbiomac.2024.130356,392.4670000000002,94.83,1.8957,46.0,1.0,0.0101010101010101,4.0,0.041,4.1,1.0,0.8592221368604547,AUC > 0.5,20.8552262018059,17,0.998249808500266,0.4599938022931518,0.6059295564845523,0.6909531894251761,0
314,34,ivacaftor,O=C(NC1=CC(O)=C(C=C1C(C)(C)C)C(C)(C)C)C2=CNC=3C=CC=CC3C2=O,O/W,10.1016/j.ijpharm.2023.123693,392.4990000000001,82.19,5.081000000000005,31.0,1.0,0.1,6.83,9.53,76.25,0.4,0.48911479976606026,AUC <= 0.5,42.1626984126984,13,0.669283097854526,0.10626384092098394,0.18767922553636807,0.2265803244374672,4
315,34,ivacaftor,O=C(NC1=CC(O)=C(C=C1C(C)(C)C)C(C)(C)C)C2=CNC=3C=CC=CC3C2=O,O/W,10.1016/j.ijpharm.2023.123693,392.4990000000001,82.19,5.081000000000005,31.0,1.0,0.2,6.93,12.13,45.01,0.4,0.42462968859532185,AUC <= 0.5,42.063492063492,13,0.636302982731554,0.0481208791208796,0.10865978344000304,0.13264963973755192,4
316,34,ivacaftor,O=C(NC1=CC(O)=C(C=C1C(C)(C)C)C(C)(C)C)C2=CNC=3C=CC=CC3C2=O,O/W,10.1016/j.ijpharm.2023.123693,392.4990000000001,82.19,5.081000000000005,31.0,1.0,0.1,6.38,4.48,49.3,0.4,0.8016992493880947,AUC > 0.5,42.3011654713114,15,0.863839285714285,0.4814277003484323,0.6355075017946874,0.7029550910408545,4
317,34,ivacaftor,O=C(NC1=CC(O)=C(C=C1C(C)(C)C)C(C)(C)C)C2=CNC=3C=CC=CC3C2=O,O/W,10.1016/j.ijpharm.2023.123693,392.4990000000001,82.19,5.081000000000005,31.0,1.0,0.1,3.32,3.91,43.0,0.4,0.6173534567212869,AUC > 0.5,42.1349282073956,14,0.708803611738148,0.2531111111111105,0.4040000000000004,0.464961866307761,4
318,34,ivacaftor,O=C(NC1=CC(O)=C(C=C1C(C)(C)C)C(C)(C)C)C2=CNC=3C=CC=CC3C2=O,O/W,10.1016/j.ijpharm.2023.123693,392.4990000000001,82.19,5.081000000000005,31.0,1.0,0.1,1.91,2.59,26.6,0.4,0.5863298710142444,AUC > 0.5,42.0241558260222,14,0.634311512415349,0.37923265670309997,0.48693453217195815,0.5195512459127293,4
319,34,ivacaftor,O=C(NC1=CC(O)=C(C=C1C(C)(C)C)C(C)(C)C)C2=CNC=3C=CC=CC3C2=O,O/W,10.1016/j.ijpharm.2023.123693,392.4990000000001,82.19,5.081000000000005,12.0,1.0,0.1,5.64,6.61,33.2,0.4,0.5773624366325696,AUC > 0.5,42.1043394542336,14,0.624983703228265,0.32491497737449837,0.47016819004938243,0.5063493406001782,4
320,50,rivastigmine base,O=C(OC1=CC=CC(=C1)C(N(C)C)C)N(C)CC,O/W,10.1016/j.xphs.2023.08.011,250.342,32.78,2.759700000000001,12.0,1.0,0.075,56.1,3.3,54.8,0.0,0.7701558080946116,AUC > 0.5,31.0589684926577,18,0.880596609617172,0.4556483540667388,0.6427158746919858,0.7034099925713467,4
321,77,triptolide ,O=C1OCC2=C1CCC3(C)C2CC4OC45C(O)C6(OC6C7OC753)C(C)C,O/W,10.1371/journal. pone.0292861 ,360.4060000000001,84.12,1.1031,20.0,3.0,0.1123470522803114,42.36,7.96,80.16,0.0,0.5908920913246611,AUC > 0.5,28.0270970883519,7,0.924953095684803,0.1314034641575542,0.16995477122006664,0.20721301922916785,3
