Formulation Index,Time,Release,Drug Group
1,0.0,0.0,8
1,1.88976377952756,0.0626223091976516,8
1,7.18110236220472,0.0567514677103717,8
1,13.9842519685039,0.0587084148727985,8
1,27.9685039370078,0.0587084148727985,8
1,48.755905511811,0.0489236790606653,8
1,62.7401574803149,0.0450097847358121,8
1,69.5433070866141,0.0450097847358121,8
1,76.7244094488189,0.0469667318982387,8
1,107.71653543307,0.0821917808219178,8
1,143.622047244094,0.0998043052837572,8
1,164.031496062992,0.217221135029354,8
1,179.905511811023,0.598825831702544,8
1,193.889763779527,0.818003913894324,8
1,219.968503937007,0.917808219178082,8
1,237.732283464566,0.917808219178082,8
2,0.0,0.0,65
2,0.991911348769296,0.575135495786455,65
2,2.00354875672644,0.698655436995063,65
2,3.04961007189375,0.77915999864625,65
2,5.03217571664096,0.894484922618731,65
2,7.01242064854254,0.945294029482722,65
2,9.99830781355006,0.952957216691727,65
2,14.0280322772478,0.979297307489617,65
2,18.0212055136269,0.989513278828813,65
2,20.0356809600015,0.99193068804301,65
3,0.0,0.0,65
3,1.0135713353285,0.177283122132348,65
3,2.02230785222861,0.220158291955345,65
3,2.9982643001842,0.351747545120943,65
3,5.01805804683005,0.502013701875426,65
3,7.03630465157881,0.609269313890916,65
3,10.0301209188088,0.837361542887257,65
3,13.9903206935063,0.930915279476679,65
3,18.0199484608355,0.954567211228382,65
3,20.0350040854215,0.973113574719701,65
4,0.0,0.0,65
4,0.97440930605851,0.0885787084266049,65
4,1.98275903748434,0.120701242064854,65
4,2.99420305270435,0.238844865181088,65
4,4.97773566113724,0.381051379615438,65
4,6.99743271141452,0.528629377323734,65
4,10.0323449352859,0.899189200949558,65
4,13.9921579245091,0.981990301354232,65
4,18.0566930808913,0.97606764877945,65
4,20.0357776563701,0.994618847089197,65
5,0.0,0.0,65
5,1.00941339148008,0.0616922831463062,65
5,1.98179207379866,0.0938196516029843,65
5,2.9928493035444,0.201210638534469,65
5,5.01215956834741,0.338036000058017,65
5,6.99656244409741,0.504435945908051,65
5,10.0664787533904,0.848109344253576,65
5,14.0629396663008,0.949722723163131,65
5,18.0195616753612,0.943814575043634,65
5,20.0350040854215,0.973113574719701,65
6,0.0,0.0,65
6,1.05219746745273,0.148541114058355,65
6,2.10959687321329,0.19893899204244,65
6,3.06042684012709,0.259946949602121,65
6,5.06893739865593,0.36604774535809,65
6,7.08054100158401,0.413793103448275,65
6,10.0933068393772,0.572944297082228,65
6,14.002493181243,0.819628647214854,65
6,18.0280904668622,0.870026525198939,65
6,20.9401917687527,0.928381962864721,65
6,23.9590031024172,0.973474801061008,65
6,27.88056162188,0.986737400530504,65
6,29.9469964664311,1.0,65
7,0.0,0.0,65
7,1.05768059161503,0.0450928381962865,65
7,2.06418535771527,0.0557029177718833,65
7,3.06998715917931,0.079575596816976,65
7,5.02788426390229,0.140583554376657,65
7,7.03990964561209,0.180371352785145,65
7,10.1089126543007,0.278514588859416,65
7,14.0218950052019,0.453580901856764,65
7,17.9828195442914,0.724137931034482,65
7,20.9434254060792,0.867374005305039,65
7,24.0165056096578,0.888594164456233,65
7,27.9888181758536,0.944297082228116,65
7,29.9469964664311,1.0,65
8,0.0,0.0,65
8,1.05880533503294,0.0238726790450927,65
8,2.11817304177484,0.0371352785145888,65
8,3.07097130966998,0.0610079575596815,65
8,5.08426202772492,0.0769230769230768,65
8,7.04412743342925,0.100795755968169,65
8,10.061954616603,0.16445623342175,65
8,14.0234415274015,0.424403183023872,65
8,18.0341359627335,0.755968169761273,65
8,20.9930547093944,0.93103448275862,65
8,23.9597060670534,0.960212201591512,65
8,27.9331433766672,0.994694960212201,65
8,29.9469964664311,1.0,65
9,0.0,0.0,65
9,1.11223064738356,0.0159151193633952,65
9,2.11873541348379,0.026525198938992,65
9,3.07237723894236,0.0344827586206895,65
9,5.03294560928288,0.0450928381962865,65
9,7.09909926797949,0.0636604774535809,65
9,10.061954616603,0.16445623342175,65
9,13.9697350291964,0.437665782493368,65
9,17.9811324291646,0.755968169761273,65
9,20.9933358952488,0.925729442970822,65
9,23.9057183829938,0.978779840848806,65
9,27.9334245625216,0.989389920424403,65
9,29.9469964664311,1.0,65
10,0.0,0.0,65
10,1.06943425125243,0.0614250614250615,65
10,2.04050863141772,0.152334152334152,65
10,3.04133826861099,0.326781326781327,65
10,5.01818820000638,0.439803439803439,65
10,6.98682153227607,0.805896805896806,65
10,10.0012763649127,0.96068796068796,65
10,12.9554229554229,0.972972972972973,65
10,15.0007179552634,0.977886977886978,65
10,17.9547050001595,0.995085995085995,65
10,19.9676122403395,0.997542997542997,65
11,0.0,0.0,65
11,1.03640830913558,0.0786240786240788,65
11,2.04018954018954,0.162162162162162,65
11,3.04237531510258,0.294840294840295,65
11,5.01938479211206,0.402948402948403,65
11,6.95642809279173,0.742014742014742,65
11,9.83790165608347,0.992628992628992,65
11,12.987172532627,0.995085995085995,65
11,14.9676920131465,0.995085995085995,65
11,17.9544656817384,1.002457002457,65
11,19.9673729219183,1.004914004914,65
12,0.0,0.0,65
12,1.00162736526372,0.149877149877149,65
12,2.03739749194294,0.248157248157248,65
12,3.00639777912505,0.402948402948403,65
12,4.98268930087112,0.533169533169533,65
12,6.98570471297744,0.84029484029484,65
12,10.0002393184211,0.992628992628992,65
12,12.922237467692,0.995085995085995,65
12,14.9676122403395,0.997542997542997,65
12,17.9543061361243,1.007371007371,65
12,19.9672133763042,1.00982800982801,65
13,0.0,0.0,65
13,1.0182201091292,0.638820638820639,65
13,2.02391588755225,0.663390663390663,65
13,3.02913302913303,0.702702702702702,65
13,5.00733909824819,0.773955773955774,65
13,6.98466766648585,0.872235872235872,65
13,10.0026325026325,0.918918918918919,65
13,12.9560611378793,0.953316953316953,65
13,14.968489741217,0.97051597051597,65
13,17.9547847729665,0.992628992628992,65
13,19.9675324675324,1.0,65
14,0.0,0.0,65
14,1.02564102564102,0.0231958762886597,65
14,2.05128205128205,0.0360824742268039,65
14,3.02564102564102,0.0489690721649485,65
14,5.02564102564102,0.0541237113402062,65
14,7.02564102564102,0.105670103092783,65
14,10.0,0.45360824742268,65
14,13.025641025641,0.706185567010309,65
14,14.9743589743589,0.81701030927835,65
14,18.0,0.956185567010309,65
14,20.9230769230769,0.974226804123711,65
14,24.9230769230769,0.981958762886597,65
14,27.9487179487179,0.987113402061855,65
14,29.9487179487179,1.00515463917525,65
15,0.0,0.0,65
15,1.07692307692307,0.0283505154639174,65
15,2.0,0.038659793814433,65
15,2.97435897435897,0.0592783505154639,65
15,4.97435897435897,0.0824742268041238,65
15,6.92307692307692,0.15721649484536,65
15,10.0,0.404639175257731,65
15,12.9230769230769,0.600515463917525,65
15,14.9743589743589,0.721649484536082,65
15,17.9487179487179,0.886597938144329,65
15,20.9743589743589,0.943298969072164,65
15,24.9743589743589,0.971649484536082,65
15,27.9487179487179,0.989690721649484,65
15,29.8974358974359,1.00257731958762,65
16,0.0,0.0,65
16,0.974358974358974,0.0695876288659793,65
16,2.0,0.0850515463917525,65
16,3.07692307692307,0.136597938144329,65
16,5.02564102564102,0.224226804123711,65
16,7.02564102564102,0.350515463917525,65
16,10.0,0.541237113402061,65
16,12.9230769230769,0.711340206185566,65
16,14.9743589743589,0.796391752577319,65
16,18.0,0.922680412371134,65
16,20.9230769230769,0.95360824742268,65
16,24.9230769230769,0.981958762886597,65
16,27.9487179487179,0.992268041237113,65
16,29.9487179487179,1.00515463917525,65
17,0.0,0.0,65
17,1.07692307692307,0.404639175257731,65
17,2.05128205128205,0.432989690721649,65
17,3.02564102564102,0.471649484536082,65
17,5.02564102564102,0.505154639175257,65
17,6.97435897435897,0.600515463917525,65
17,10.0,0.713917525773195,65
17,13.025641025641,0.780927835051546,65
17,14.9743589743589,0.829896907216494,65
17,17.9487179487179,0.889175257731958,65
17,20.9743589743589,0.922680412371134,65
17,24.9743589743589,0.974226804123711,65
17,27.9487179487179,0.987113402061855,65
17,29.9487179487179,0.999999999999999,65
18,0.0,0.0,65
18,2.02166064981949,0.0238017512865811,65
18,3.10469314079422,0.0343680390198939,65
18,4.98194945848375,0.0395623703817495,65
18,7.00361010830324,0.0500662493279053,65
18,10.0361010830324,0.0631624932790535,65
18,12.9963898916967,0.0815826868423073,65
18,14.9458483754512,0.0894317919963127,65
18,18.0505415162454,0.107842384207696,65
18,21.0108303249097,0.104985982026269,65
18,24.9819494584837,0.139296412934941,65
18,28.0144404332129,0.256116061141408,65
18,31.985559566787,0.468617981411782,65
18,35.956678700361,0.790162454873646,65
18,40.0,0.949468085106383,65
19,0.0,0.0,65
19,1.05886218505802,0.096514745308311,65
19,2.05239072567012,0.112600536193029,65
19,3.11487197558083,0.158176943699732,65
19,5.03164300782384,0.179624664879356,65
19,7.01946199743808,0.201072386058981,65
19,10.0023333444444,0.217158176943699,65
19,13.0560621717246,0.235924932975871,65
19,14.9713093871875,0.27882037533512,65
19,18.0957052176438,0.302949061662198,65
19,20.9353377873227,0.335120643431635,65
19,24.906785270406,0.436997319034852,65
19,27.8843232586821,0.528150134048257,65
19,31.923580588479,0.675603217158177,65
19,35.8927423463921,0.809651474530831,65
19,39.9359996952366,0.900804289544236,65
20,0.0,0.0,63
20,0.981370444941035,0.043138925149899,63
20,1.96108148770936,0.0574540345598157,63
20,3.05711662278469,0.0919308803681657,63
20,4.90021461601433,0.100399362789565,63
20,6.97695643516162,0.166482288647476,63
20,10.0388853242471,0.341980662433347,63
20,12.0114166869482,0.598275328008496,63
20,15.0170918423789,0.796833860654468,63
20,18.0763656879881,0.926222979401287,63
20,21.0140053543376,0.943231851671571,63
20,26.0821514702303,0.960036064340553,63
20,30.0562537336548,0.976945372480474,63
21,0.0,0.0,46
21,0.481283422459893,0.122908862135033,46
21,0.989304812834224,0.19768461589789,46
21,1.97860962566844,0.344567092758347,46
21,2.99465240641711,0.502139990658392,46
21,3.98395721925133,0.619610702812967,46
21,5.0,0.688948306595365,46
21,5.98930481283422,0.734226505380956,46
21,6.97860962566844,0.766135720209328,46
21,7.99465240641711,0.781997388162848,46
21,8.98395721925133,0.789842431868226,46
21,9.97326203208556,0.795013678782159,46
21,10.9893048128342,0.79750636277846,46
21,11.9786096256684,0.80000381290095,46
21,12.9679144385026,0.799827466231995,46
21,13.9839572192513,0.799646353436853,46
21,14.9732620320855,0.799470006767898,46
22,0.0,0.0,46
22,0.49763033,0.0504451,46
22,0.99526066,0.10267062,46
22,1.99052133,0.22611276,46
22,2.98578199,0.40652819,46
22,4.00473934,0.5537092,46
22,5.0,0.6462908,46
22,5.99526066,0.71038576,46
22,6.99052133,0.74836795,46
22,7.98578199,0.77922849,46
22,9.00473934,0.79109792,46
22,10.0,0.79821958,46
22,10.9952607,0.80296736,46
22,12.014218,0.80534125,46
22,12.985782,0.80771513,46
22,13.9810427,0.81008902,46
22,15.0,0.81008902,46
23,0.0,0.0,46
23,0.497630332,0.033827893,46
23,0.971563981,0.067062315,46
23,1.990521327,0.150148368,46
23,2.985781991,0.313946588,46
23,3.981042654,0.458753709,46
23,5.0,0.558456973,46
23,5.995260664,0.634421365,46
23,6.966824645,0.686646884,46
23,8.009478673,0.717507418,46
23,9.004739336,0.736498516,46
23,10.0,0.748367953,46
23,10.99526066,0.757863501,46
23,12.01421801,0.762611276,46
23,13.00947867,0.764985163,46
23,14.00473934,0.764985163,46
23,15.0,0.764985163,46
24,0.0,0.0,46
24,0.497630332,0.055192878,46
24,0.971563981,0.102670623,46
24,1.990521327,0.230860534,46
24,2.962085308,0.43264095,46
24,4.004739336,0.582195846,46
24,4.976303318,0.670029674,46
24,5.995260664,0.72462908,46
24,6.990521327,0.76735905,46
24,8.009478673,0.783976261,46
24,8.981042654,0.79347181,46
24,10.0,0.802967359,46
24,11.01895735,0.802967359,46
24,12.01421801,0.807715134,46
24,12.98578199,0.807715134,46
24,14.00473934,0.807715134,46
24,15.0,0.807715134,46
25,0.0,0.0,46
25,0.497630332,0.050445104,46
25,0.995260664,0.10504451,46
25,1.990521327,0.185756677,46
25,2.985781991,0.344807122,46
25,4.004739336,0.529970326,46
25,5.0,0.65578635,46
25,5.995260664,0.719881306,46
25,6.990521327,0.734124629,46
25,7.985781991,0.75074184,46
25,8.981042654,0.760237389,46
25,10.0,0.762611276,46
25,10.99526066,0.764985163,46
25,12.01421801,0.764985163,46
25,13.00947867,0.764985163,46
25,14.00473934,0.764985163,46
25,15.0,0.764985163,46
26,0.0,0.0,80
26,0.923616044592602,0.165616973605114,80
26,2.95425979561724,0.501338870976556,80
26,5.0222006667031,0.651381223017651,80
26,7.04382753155909,0.790234439040384,80
26,9.06207306410186,0.855261899557352,80
26,11.0799087381824,0.911340783649379,80
26,15.0208003169572,0.954140253565768,80
26,19.0516558281873,0.961152248756762,80
26,23.082613804033,0.970401388053992,80
26,28.075509590688,0.981959396688343,80
27,0.0,0.0,20
27,2.09774969416811,0.0525859498949718,20
27,3.02295538109907,0.13693729504124,20
27,4.02238312424827,0.252944381431464,20
27,5.02366127877132,0.353120170511981,20
27,6.02586463898131,0.445380310937644,20
27,7.02837640108694,0.535001901811689,20
27,7.99346873318781,0.611434171615374,20
27,8.99813930856295,0.682585915628094,20
27,10.0031182858337,0.751099110089196,20
27,10.9326415993036,0.798510761512814,20
27,11.9419382031134,0.830084262251265,20
27,12.9515432088189,0.859019213438098,20
27,13.9620734202112,0.880038515970078,20
27,14.9339505940163,0.898422695638169,20
27,15.9457144129912,0.908887799963677,20
27,16.9182083905875,0.921994880528532,20
27,17.8919359757664,0.924547762886916,20
27,18.9046250004283,0.92709721855757,20
27,19.9173140250902,0.929646674228224,20
27,20.9303114516477,0.92955758034726,20
27,21.9040390368266,0.932110462705644,20
27,22.9170364633841,0.93202136882468,20
27,23.8910724504586,0.931935701631446,20
27,24.8648000356375,0.934488583989829,20
27,25.877797462195,0.934399490108865,20
27,26.8904864868569,0.93694894577952,20
27,27.9034839134144,0.936859851898556,20
27,28.9164813399719,0.936770758017592,20
27,29.8905173270464,0.936685090824358,20
28,0.0,0.0,20
28,2.0222940303673,0.0314844068574873,20
28,3.06808485849493,0.0841628773211524,20
28,4.03348559249144,0.157956597573219,20
28,5.07495879408005,0.247574761759535,20
28,6.0385091167027,0.33719977932131,20
28,7.04132928070397,0.424182820643737,20
28,8.00642161280484,0.500615090447422,20
28,9.01140059007562,0.569128284908524,20
28,9.97772652975906,0.635006356505738,20
28,10.9848643202993,0.685049704105514,20
28,11.9146960356649,0.729822805977514,20
28,12.9617204713751,0.771947078234707,20
28,13.9320556357019,0.803524005660888,20
28,14.941969043303,0.829820407296103,20
28,15.9524992546954,0.850839709828083,20
28,16.9243764285004,0.869223889496174,20
28,17.9358318455797,0.8823275433733,20
28,18.9095594307586,0.884880425731683,20
28,19.9219400535248,0.890068430953955,20
28,20.8953592368081,0.895259862863957,20
28,21.9080482614699,0.897809318534611,20
28,22.8820842485445,0.897723651341377,20
28,23.895081675102,0.897634557460413,20
28,24.9077706997638,0.900184013131067,20
28,25.8818066868384,0.900098345937833,20
28,26.8948041133959,0.900009252056869,20
28,27.8688401004704,0.899923584863635,20
28,28.8821459289236,0.897195941431053,20
28,29.8945265516898,0.902383946653325,20
29,0.0,0.0,20
29,2.06341428311979,0.0130111333084326,20
29,3.07363609261651,0.0366689853920301,20
29,4.07954027557422,0.0972665311982785,20
29,5.04617461715331,0.160506053243873,20
29,6.04961158494587,0.242211995463065,20
29,7.05150654326021,0.337110685440346,20
29,8.01629047346544,0.416181504795649,20
29,9.02065264694493,0.489971798359987,20
29,9.98543657715016,0.56904261771529,20
29,10.9922659657948,0.621724514866684,20
29,11.9598255130608,0.677048388257426,20
29,12.9669633036011,0.727091735857203,20
29,13.9357564584496,0.771861411041473,20
29,14.9435110527812,0.816627659538014,20
29,15.9521908527997,0.853478259379701,20
29,16.9234512228135,0.877139538151028,20
29,17.9339814342058,0.898158840683007,20
29,18.9064754118021,0.911265921247862,20
29,19.9179308288814,0.924369575124988,20
29,20.8916584140603,0.926922457483372,20
29,21.8650775973436,0.932113889393373,20
29,22.8780750239011,0.932024795512409,20
29,23.8910724504586,0.931935701631446,20
29,24.9037614751205,0.9344851573021,20
29,26.8907948887525,0.934310396227902,20
29,27.9034839134144,0.936859851898556,20
29,28.8772114985933,0.93941273425694,20
29,29.8515558875635,0.936688517512087,20
30,0.0,0.0,44
30,0.251735988546289,0.668708153427783,44
30,0.793852948568427,0.758318201970513,44
30,1.01712409035329,0.731650763439615,44
30,2.05124801974466,0.782460232519393,44
30,3.0841859138543,0.804194893835723,44
30,3.98112509565939,0.792018264943338,44
30,5.06229509122588,0.8961284419732229,44
30,6.00519314019784,0.910600613914453,44
30,7.12619415397561,0.891139751666803,44
30,14.0807097009214,0.876120873938569,44
30,21.0374984821572,0.916828711090277,44
30,28.0823503830611,0.916341024678005,44
30,35.0821329432595,0.911010643254706,44
31,0.0,0.0,44
31,0.174781523096129,0.519115398890679,44
31,0.305867665418226,0.560271074877816,44
31,0.786516853932584,0.692880001868766,44
31,1.00499375780274,0.788915622623487,44
31,2.00998751560549,0.775128542544272,44
31,3.01498127340823,0.841383042506638,44
31,4.01997503121098,0.827595962427423,44
31,5.02496878901373,0.907571876111202,44
31,6.02996254681647,0.902932405179596,44
31,7.03495630461922,0.907440543395599,44
31,14.0262172284644,0.886401613367905,44
31,20.9737827715355,0.938546411580119,44
31,28.0524344569288,0.940370794303378,44
31,35.043695380774,0.942200887144707,44
32,0.0,0.0,51
32,0.3328165374677,0.00297785443803388,51
32,1.01291989664082,0.0119986518368722,51
32,1.70749354005167,0.0210154840500407,51
32,2.3875968992248,0.0392434425741983,51
32,3.06770025839793,0.0697476159321159,51
32,3.73333333333333,0.0849104859335034,51
32,4.41343669250646,0.106207498166101,51
32,5.09354005167958,0.142849778940898,51
32,5.77364341085271,0.240873133884493,51
32,6.45374677002583,0.29286068320149,51
32,7.13385012919896,0.418505521521045,51
32,7.79948320413436,0.51653284165031,51
32,8.47958656330749,0.731180237514621,51
32,9.15968992248062,0.841479807291976,51
32,9.83979328165374,0.902674517734292,51
32,10.5343669250646,0.94238188703186,51
32,11.2144702842377,0.994369436348856,51
33,0.0,0.0,51
33,0.3328165374677,0.00297785443803388,51
33,1.02739018087855,0.00585657923432236,51
33,1.70749354005167,0.0179464303416005,51
33,2.3875968992248,0.0361743888657584,51
33,3.06770025839793,0.0605404548067962,51
33,3.73333333333333,0.0757033248081837,51
33,4.41343669250646,0.0970003370407817,51
33,5.09354005167958,0.152056940066218,51
33,5.75917312661498,0.262360475029243,51
33,6.46821705426356,0.3143400939749,51
33,7.13385012919896,0.455334166022323,51
33,7.81395348837209,0.531874145006839,51
33,8.49405684754521,0.715831003786752,51
33,9.17416020671834,0.847613949523186,51
33,9.83979328165374,0.887329249192093,51
33,10.5343669250646,0.92396756478122,51
33,11.2144702842377,0.963678899264457,51
34,0.0,0.0,51
34,0.361757105943152,0.00296992406669405,51
34,1.01291989664082,0.00586054441999217,51
34,1.70749354005167,0.0240845377584804,51
34,2.3875968992248,0.0453815499910781,51
34,3.06770025839793,0.0697476159321159,51
34,3.73333333333333,0.0879795396419433,51
34,4.41343669250646,0.1215527667083,51
34,5.09354005167958,0.167402208608417,51
34,5.77364341085271,0.286908939511092,51
34,6.45374677002583,0.357310811078728,51
34,7.13385012919896,0.489093756815162,51
34,7.79948320413436,0.559499593568468,51
34,8.49405684754521,0.746521540871151,51
34,9.17416020671834,0.866028271773825,51
34,9.85426356589147,0.905739606257062,51
34,10.5343669250646,0.948519994448739,51
34,11.2144702842377,0.997438490057296,51
35,0.0,0.0,9
35,1.0,0.25625,9
35,2.94209702660406,0.478967985598584,9
35,7.07355242566509,0.6106488151829099,9
35,10.1721439749608,0.7464658048033039,9
35,13.9593114241001,0.9240625847406408,9
35,21.017214397496,0.9243304876813654,9
35,29.9687010954616,0.9893884298600697,9
36,0.0,0.0,9
36,0.338983050847457,0.258333333333334,9
36,1.01694915254237,0.435416666666667,9
36,5.00782472613457,0.495747857593252,9
36,10.0,0.504288080606115,9
36,21.017214397496,0.533933827973641,9
36,30.1408450704225,0.5760337949758401,9
36,45.1173708920187,0.6663726268536769,9
36,60.0938967136149,0.71704548795907,9
36,75.0704225352112,0.840787242592647,9
36,90.0469483568074,0.883109373009106,9
36,119.999999999999,0.974016681858724,9
37,0.0,0.0,81
37,0.995334370139971,0.275471698113207,81
37,1.99066874027994,0.383018867924528,81
37,3.98133748055987,0.549056603773584,81
37,7.09175738724728,0.750943396226415,81
37,12.0684292379471,0.881132075471698,81
37,21.0264385692068,0.933962264150943,81
37,28.9891135303266,0.956603773584905,81
37,36.9517884914463,0.958490566037735,81
37,59.9688958009331,0.973584905660377,81
37,75.0233281493001,0.979245283018868,81
38,0.0,0.0,81
38,0.995334370139971,0.196226415094339,81
38,1.99066874027994,0.20188679245283,81
38,3.98133748055987,0.233962264150943,81
38,6.96734059097978,0.290566037735849,81
38,11.9440124416796,0.375471698113207,81
38,20.9020217729393,0.475471698113207,81
38,28.9891135303266,0.592452830188679,81
38,36.9517884914463,0.694339622641509,81
38,59.9688958009331,0.766037735849056,81
38,75.0233281493001,0.80566037735849,81
39,0.0,0.0,62
39,1.93637621023513,0.175470686199791,62
39,3.87275242047026,0.201961780562847,62
39,8.02213001383125,0.252897507550738,62
39,15.0760719225449,0.303773957715866,62
39,19.9170124481327,0.303675163011262,62
39,21.9917012448132,0.350571597933779,62
39,29.1839557399723,0.489200327433878,62
39,35.9612724757953,0.591102831173963,62
39,42.0470262793914,0.705264346402461,62
39,48.9626556016597,0.83981708866119,62
39,56.0165975103734,0.9294690490304,62
39,63.0705394190871,0.988508764501651,62
39,69.9861687413554,0.996530894515482,62
39,76.9017980636237,0.998430575549721,62
39,83.9557399723374,0.998286617551584,62
39,90.0414937759335,0.998162418494368,62
40,0.0,0.0,21
40,0.346558648386649,0.0172413793103449,21
40,0.431510524858053,0.0409482758620691,21
40,0.517024996537875,0.0581896551724139,21
40,1.12143978211697,0.112068965517241,21
40,2.07485112865254,0.155172413793103,21
40,2.93974749573004,0.21551724137931,21
40,3.97904837741771,0.271551724137931,21
40,5.01853679084152,0.325431034482758,21
40,7.0170625028851,0.357758620689655,21
40,7.96991125421224,0.407327586206896,21
40,9.96862449799196,0.4375,21
40,14.9234004985459,0.495689655172413,21
40,19.8791141577805,0.543103448275862,21
40,24.92446798689,0.560344827586207,21
40,29.8801816461247,0.607758620689655,21
40,34.9253479434981,0.627155172413793,21
40,39.8776860314822,0.713362068965517,21
40,44.8337747541891,0.756465517241379,21
40,49.8765031389927,0.803879310344827,21
40,54.9186689285879,0.857758620689655,21
40,59.9630850990167,0.885775862068965,21
41,0.0,0.0,60
41,0.336806998107372,0.129310344827586,60
41,0.93822127590823,0.217672413793103,60
41,1.80255504777731,0.284482758620689,60
41,3.01138461893551,0.392241379310345,60
41,3.95992014033143,0.491379310344827,60
41,4.99828336333841,0.558189655172413,60
41,6.81415316438166,0.689655172413793,60
41,7.85345404606933,0.745689655172413,60
41,9.84954184554309,0.80603448275862,60
41,14.8080684808198,0.821120689655172,60
41,19.9404370354983,0.838362068965517,60
41,25.071867931496,0.866379310344827,60
41,29.9424421825231,0.892241379310345,60
41,34.8137665604948,0.909482758620689,60
42,0.0,0.0,60
42,0.337932188524211,0.116379310344827,60
42,0.340370101094031,0.0883620689655173,60
42,1.02636119189401,0.204741379310344,60
42,2.06547454184554,0.262931034482758,60
42,2.9320586945483,0.303879310344827,60
42,3.97248476665281,0.346982758620689,60
42,5.01178564834048,0.40301724137931,60
42,6.82671779070303,0.545258620689655,60
42,7.95584637400175,0.568965517241379,60
42,10.0425120020311,0.588362068965517,60
42,14.8264465909615,0.609913793103448,60
42,19.8723630152795,0.620689655172413,60
42,24.8318273092369,0.625,60
42,29.8726803766791,0.693965517241379,60
42,34.7411917786086,0.74353448275862,60
42,39.9579496145501,0.790948275862069,60
42,44.8275862068965,0.827586206896551,60
42,49.8714397821169,0.862068965517241,60
43,0.0,0.0,55
43,0.934913117726801,0.0498371507543882,55
43,2.9862854527209,0.0769317441594337,55
43,7.02677769757574,0.128856886322423,55
43,10.0103871410714,0.164968926603404,55
43,14.058766571011,0.343877748631186,55
43,17.1039242266861,0.370916004999912,55
43,21.020756676819,0.431918452139927,55
43,24.0767592119857,0.63355926832274,55
43,28.0649988556539,0.844217531381489,55
43,32.0467597401454,0.95056777169416,55
43,35.155437404271,1.00027816411682,55
43,40.1247865354483,1.00679917607084,55
44,0.0,0.0,55
44,0.932659636274009,0.0135560993644479,55
44,3.04487597049347,0.0202390802978822,55
44,7.02142567912536,0.0426893892713156,55
44,10.0051759652118,0.0810689952641678,55
44,14.0470766359747,0.15566979454587,55
44,17.0305452368796,0.18951426911498,55
44,21.071319166916,0.245974542701713,55
44,23.936057463777,0.368261122163342,55
44,28.0527455502543,0.646939314448689,55
44,32.1066178412351,0.91428319923945,55
44,35.0927624513652,0.991211422334114,55
44,40.1870389605816,1.00906322071794,55
45,0.0,0.0,66
45,0.106779661016949,0.0916101694915254,66
45,0.177966101694915,0.179067796610169,66
45,0.510169491525423,0.276786723163841,66
45,1.00847457627118,0.38274011299435,66
45,2.01694915254237,0.530056497175141,66
45,3.01355932203389,0.648213276836158,66
45,4.01016949152542,0.751786723163841,66
45,5.0186440677966,0.819936440677966,66
45,6.01525423728813,0.865176553672316,66
45,7.03559322033898,0.893735875706214,66
46,0.0,0.0,47
46,0.197044334975369,0.0321782178217824,47
46,0.344827586206895,0.0792079207920792,47
46,0.985221674876847,0.136138613861386,47
46,2.01970443349753,0.205445544554455,47
46,3.00492610837438,0.297029702970297,47
46,3.99014778325123,0.341584158415841,47
46,5.02463054187192,0.378712871287128,47
46,5.96059113300492,0.413366336633663,47
46,6.99507389162561,0.445544554455445,47
46,8.0295566502463,0.482673267326732,47
46,10.0,0.574257425742574,47
46,11.9704433497536,0.631188118811881,47
46,14.975369458128,0.68069306930693,47
46,18.9655172413793,0.717821782178217,47
46,21.9704433497536,0.745049504950495,47
46,25.9605911330049,0.789603960396039,47
46,28.9655172413793,0.826732673267326,47
47,0.0,0.0,36
47,0.228608155665265,0.0452074518193189,36
47,1.08973248182886,0.161691750761659,36
47,2.01160054064442,0.239912539106928,36
47,4.03378712598338,0.333737661429305,36
47,6.05836817381277,0.394519201383747,36
47,7.85131648177845,0.451832551457314,36
47,9.93575909186859,0.486524532213397,36
47,11.9632386995548,0.507305946143497,36
47,15.9593445473993,0.561045245889243,36
47,19.9567106386598,0.597393186493971,36
47,24.9383268378287,0.651089637963572,36
47,29.9779142341343,0.704783568946342,36
48,0.15361038492743,0.0345082484449654,82
48,0.461372036419364,0.101314342378076,82
48,1.0806815108627,0.186539258992157,82
48,2.09050752726945,0.280962769313981,82
48,4.04399170648156,0.315434958983142,82
48,7.01451365726133,0.352164428017668,82
48,10.063463445416,0.386586135400703,82
48,14.0519246371585,0.414052104931037,82
48,21.0785179843144,0.614189128279095,82
48,27.9561885873974,0.717558820878031,82
48,34.9903542774722,0.820921301721806,82
48,42.0247002614261,0.92197962679167,82
49,0.186219739292363,0.0773333333333334,82
49,0.372439478584729,0.109333333333333,82
49,1.11731843575418,0.128,82
49,2.14152700186219,0.149333333333333,82
49,4.09683426443202,0.175999999999999,82
49,7.07635009310986,0.205333333333333,82
49,10.0558659217877,0.213333333333333,82
49,14.0595903165735,0.256,82
49,21.0428305400372,0.338666666666666,82
49,28.0260707635009,0.570666666666666,82
49,35.0093109869646,0.848,82
49,41.9925512104282,0.984,82
50,0.0,0.0,81
50,0.197368421052631,0.370967741935483,81
50,0.513157894736842,0.499999999999999,81
50,1.0657894736842,0.709677419354838,81
50,1.97368421052631,0.911290322580645,81
50,3.03947368421052,0.979838709677419,81
50,4.02631578947368,1.00403225806451,81
50,5.01315789473684,1.00806451612903,81
50,6.03947368421052,1.00403225806451,81
50,7.02631578947368,1.02016129032258,81
50,9.98684210526315,1.00806451612903,81
50,13.0263157894736,1.02419354838709,81
50,15.9868421052631,1.02419354838709,81
50,18.9868421052631,1.03225806451612,81
50,24.9868421052631,1.02822580645161,81
50,30.0394736842105,1.02419354838709,81
51,0.0,0.0,27
51,0.0394736842105265,0.133064516129032,27
51,1.02631578947368,0.25,27
51,2.01315789473684,0.27016129032258,27
51,3.0,0.326612903225806,27
51,3.98684210526315,0.350806451612903,27
51,5.01315789473684,0.387096774193548,27
51,6.0,0.419354838709677,27
51,7.02631578947368,0.443548387096774,27
51,10.0657894736842,0.516129032258064,27
51,13.0263157894736,0.596774193548387,27
51,16.0263157894736,0.685483870967741,27
51,19.0657894736842,0.794354838709677,27
51,25.0263157894736,0.991935483870967,27
51,30.0394736842105,0.991935483870967,27
52,0.0,0.0,74
52,0.236842105263157,0.340725806451612,74
52,1.02631578947368,0.584677419354838,74
52,2.05263157894736,0.649193548387096,74
52,3.03947368421052,0.673387096774193,74
52,4.02631578947368,0.69758064516129,74
52,5.01315789473684,0.729838709677419,74
52,6.07894736842105,0.766129032258064,74
52,7.02631578947368,0.798387096774193,74
52,10.0263157894736,0.866935483870967,74
52,13.1052631578947,0.931451612903225,74
52,16.0263157894736,0.999999999999999,74
52,19.0657894736842,1.00806451612903,74
52,25.0263157894736,1.01209677419354,74
52,30.078947368421,1.00806451612903,74
53,0.0,0.0,40
53,0.513157894736842,0.237903225806451,40
53,1.02631578947368,0.306451612903225,40
53,2.05263157894736,0.576612903225806,40
53,3.0,0.826612903225806,40
53,3.98684210526315,0.903225806451612,40
53,5.01315789473684,0.979838709677419,40
53,6.0,1.04435483870967,40
53,7.06578947368421,1.03629032258064,40
53,9.98684210526315,1.03225806451612,40
53,13.0657894736842,1.04032258064516,40
53,16.0263157894736,1.03629032258064,40
53,19.0263157894736,1.04032258064516,40
53,25.0263157894736,1.04435483870967,40
53,30.078947368421,1.03629032258064,40
54,0.0,0.0,48
54,0.0394736842105265,0.129032258064516,48
54,0.157894736842104,0.193548387096774,48
54,0.473684210526315,0.318548387096774,48
54,1.02631578947368,0.383064516129032,48
54,2.01315789473684,0.491935483870967,48
54,3.03947368421052,0.59274193548387,48
54,4.02631578947368,0.641129032258064,48
54,5.01315789473684,0.701612903225806,48
54,6.0,0.782258064516129,48
54,6.98684210526315,0.854838709677419,48
54,10.0263157894736,1.01209677419354,48
54,13.0263157894736,1.00403225806451,48
54,16.0263157894736,1.00403225806451,48
54,19.0263157894736,1.00806451612903,48
54,24.9868421052631,1.02016129032258,48
54,30.078947368421,1.00806451612903,48
55,0.0,0.0,72
55,0.0394736842105265,0.229838709677419,72
55,0.197368421052631,0.435483870967741,72
55,0.276315789473684,0.487903225806451,72
55,0.513157894736842,0.524193548387096,72
55,0.986842105263158,0.552419354838709,72
55,2.01315789473684,0.584677419354838,72
55,2.96052631578947,0.612903225806451,72
55,4.02631578947368,0.641129032258064,72
55,5.01315789473684,0.693548387096774,72
55,6.0,0.725806451612903,72
55,7.02631578947368,0.758064516129032,72
55,10.0263157894736,0.810483870967741,72
55,13.0657894736842,0.854838709677419,72
55,16.0263157894736,0.89516129032258,72
55,18.9868421052631,0.951612903225806,72
55,25.0263157894736,1.00403225806451,72
55,30.0,0.995967741935483,72
56,0.0,0.0,53
56,0.0789473684210526,0.310483870967741,53
56,0.197368421052631,0.354838709677419,53
56,0.31578947368421,0.399193548387096,53
56,0.513157894736842,0.471774193548387,53
56,1.02631578947368,0.528225806451612,53
56,2.01315789473684,0.612903225806451,53
56,3.03947368421052,0.669354838709677,53
56,4.02631578947368,0.762096774193548,53
56,5.01315789473684,0.866935483870967,53
56,6.03947368421052,0.931451612903225,53
56,7.02631578947368,0.975806451612903,53
56,10.0263157894736,0.995967741935483,53
56,13.0263157894736,0.983870967741935,53
56,15.9868421052631,0.983870967741935,53
56,19.0263157894736,0.995967741935483,53
56,25.0263157894736,1.01209677419354,53
56,30.0394736842105,1.00806451612903,53
57,0.186711766737714,0.0829493087557602,55
57,0.324981676340995,0.108294930875575,55
57,0.372159832854531,0.140552995391705,55
57,0.9682052923782,0.182027649769585,55
57,1.47242184011659,0.214285714285714,55
57,1.97895517232664,0.297235023041474,55
57,2.4858044296919,0.387096774193548,55
57,2.94831885694066,0.506912442396313,55
57,3.49813393541647,0.536866359447004,55
57,3.95685726080253,0.573732718894009,55
57,4.4607578833857,0.599078341013824,55
57,5.01109950378688,0.640552995391705,55
57,5.51500012637006,0.66589861751152,55
57,5.97456591883672,0.721198156682027,55
57,6.47878246657511,0.753456221198156,55
57,7.02922939536137,0.797235023041474,55
57,13.7512742314594,0.875576036866359,55
57,21.0205014364063,0.92626728110599,55
57,28.0165586904691,0.999999999999999,55
58,0.0,0.0,15
58,0.203248396718553,0.0395706175927981,15
58,0.40775055325237,0.0978911567471692,15
58,1.0135951573161,0.15826992022289,15
58,1.95433293870089,0.226961065256588,15
58,2.96263444346367,0.306064649997281,15
58,4.90679799699633,0.380943018143331,15
58,7.98714655644847,0.447416970310532,15
58,9.92977773687358,0.499378767659104,15
58,12.9417267330708,0.542940332411594,15
58,16.9564049681853,0.582272497186675,15
58,18.0952368003815,0.613451248948925,15
58,19.0329098355512,0.636309252387665,15
58,19.9705828707209,0.659167255826406,15
58,20.9745658694533,0.673687777410569,15
58,26.0588405336322,0.708786358825473,15
58,27.9996607276575,0.733664936140662,15
59,0.0,0.0,30
59,1.0,0.327272727,30
59,2.0,0.535064935,30
59,3.0,0.675324675,30
59,4.0,0.774025974,30
59,7.0,0.872727273,30
59,8.0,0.919480519,30
59,9.0,0.955844156,30
59,10.0,0.971428571,30
59,11.0,0.981818182,30
59,14.0,0.992207792,30
60,0.0,0.0,30
60,1.0,0.305882353,30
60,2.0,0.545882353,30
60,3.0,0.701176471,30
60,4.0,0.842352941,30
60,7.0,0.927058824,30
60,8.0,0.969411765,30
60,9.0,0.988235294,30
60,10.0,0.997647059,30
60,11.0,1.002352941,30
60,14.0,1.007058824,30
61,0.0,0.0,82
61,0.636042402826854,0.0386473429951692,82
61,0.954063604240282,0.103864734299517,82
61,1.59010600706713,0.188405797101449,82
61,2.54416961130742,0.285024154589372,82
61,4.53180212014134,0.318840579710145,82
61,7.47349823321554,0.355072463768116,82
61,10.4946996466431,0.388888888888889,82
61,14.4699646643109,0.415458937198067,82
61,21.3074204946996,0.620772946859903,82
61,28.2243816254416,0.722222222222222,82
61,35.1413427561837,0.826086956521739,82
61,42.0583038869257,0.927536231884058,82
62,0.0,0.0,82
62,0.715547703180211,0.0386473429951692,82
62,0.954063604240282,0.0821256038647344,82
62,1.66961130742049,0.13768115942029,82
62,2.62367491166077,0.195652173913043,82
62,4.53180212014134,0.243961352657004,82
62,7.5530035335689,0.340579710144927,82
62,10.4946996466431,0.36231884057971,82
62,14.4699646643109,0.405797101449275,82
62,21.386925795053,0.538647342995169,82
62,28.2243816254416,0.630434782608695,82
62,35.1413427561837,0.756038647342995,82
62,42.0583038869257,0.792270531400966,82
63,0.0,0.0,45
63,1.02996482241394,0.382542694497153,45
63,3.06397086086937,0.421252371916508,45
63,6.01789102737869,0.453130929791271,45
63,9.03786653704863,0.478178368121442,45
63,12.0584652103333,0.491840607210626,45
63,15.0140056022408,0.494117647058823,45
63,18.0349781736943,0.500948766603415,45
63,20.0051722580022,0.50550284629981,45
63,24.9932230956898,0.57381404174573,45
63,29.9807754024858,0.65123339658444,45
63,34.969823301957,0.701328273244781,45
63,39.9583726705365,0.760531309297912,45
64,0.0,0.0,58
64,0.0425531914893619,0.118246458458677,58
64,0.340425531914894,0.287873981294098,58
64,0.978723404255319,0.534578570256522,58
64,2.04255319148936,0.629557512443253,58
64,3.02127659574468,0.701411146967127,58
64,4.04255319148936,0.73469890061806,58
64,7.02127659574468,0.819148936170212,58
64,8.0,0.860154241645244,58
64,11.0212765957446,0.965164360334737,58
64,14.0,1.00077120822622,58
64,16.0,0.995372750642673,58
64,17.0212765957446,0.995241481157359,58
64,18.0425531914893,1.00025159984685,58
64,22.0425531914893,0.994596072854564,58
65,0.0,0.0,58
65,0.170212765957446,0.035967838976098,58
65,0.51063829787234,0.0719137997046437,58
65,1.02127659574468,0.120691352622654,58
65,2.0,0.182262210796915,58
65,3.02127659574468,0.220691352622655,58
65,4.12765957446808,0.264250943499425,58
65,7.02127659574468,0.477246622545534,58
65,8.0,0.618508997429305,58
65,9.02127659574468,0.764907290925996,58
65,10.0,0.908740359897172,58
65,11.0212765957446,0.952310889897719,58
65,16.0425531914893,0.995367281080785,58
65,16.9787234042553,0.992676256631843,58
65,17.9148936170212,0.997697314445112,58
65,22.0,0.992030848329048,58
66,0.0,0.0,58
66,0.085106382978723,0.0385494721872778,58
66,0.297872340425531,0.071941147514084,58
66,0.978723404255319,0.102701963572717,58
66,1.91489361702127,0.141142044522233,58
66,2.97872340425531,0.176995022698681,58
66,3.91489361702127,0.192298856861565,58
66,7.02127659574468,0.356424000437564,58
66,8.0,0.466838046272493,58
66,9.02127659574468,0.582388010720341,58
66,9.95744680851063,0.700519608379368,58
66,11.0212765957446,0.777503691954274,58
66,16.0,0.990231362467866,58
66,16.9361702127659,0.972116173494503,58
66,18.0425531914893,0.989968823497237,58
66,22.0,0.992030848329048,58
67,0.0,0.0,57
67,0.000591265529958029,0.0173536433042873,57
67,0.206056037190601,0.0477446915441639,57
67,0.855635130041462,0.112891066716924,57
67,1.19723878997509,0.138958485768977,57
67,1.91436996962373,0.186758608456575,57
67,2.9724396354848,0.241103301478903,57
67,3.92918117114919,0.321467373228974,57
67,6.97005979172671,0.571254887179146,57
67,7.96257289195361,0.701514378838606,57
67,8.99026629121305,0.864315647103168,57
67,10.0158163529263,0.964209958389688,57
67,13.9693133189951,0.999345912507483,57
67,14.9915375121024,1.00162598020738,57
67,16.0818311493462,1.00174423331337,57
67,17.0017664057707,1.00184400937155,57
67,18.0920600430145,1.00196226247755,57
68,0.0,0.0,57
68,0.000739081912447758,0.0216920541303591,57
68,0.240201621545715,0.049917592366762,57
68,0.889706806205331,0.112894762126486,57
68,1.26471696858162,0.119443027870779,57
68,1.94711129834519,0.14771660643149,57
68,2.9365202545398,0.186869470743442,57
68,3.96000088689829,0.226026030464956,57
68,6.9631124217497,0.367349578353769,57
68,8.02192116952322,0.443386325506455,57
68,8.98117558368994,0.597503381299749,57
68,10.0094602484793,0.777658292868598,57
68,14.0376783958966,1.00586091956571,57
68,15.0938264487853,1.0038062718491,57
68,16.2180439458105,0.999589809538591,57
68,17.1382009268087,1.00619720183587,57
68,18.023990598878,1.00412407707146,57
69,0.0,0.0,14
69,0.231884057971014,0.0630434782608695,14
69,0.927536231884057,0.163938618925831,14
69,4.96231884057971,0.381063207891852,14
69,7.00289855072463,0.469459261965655,14
69,11.9652173913043,1.07741322616002,14
69,20.0347826086956,1.06040189989039,14
70,0.0,0.0,14
70,0.136170212765956,0.0751515151515151,14
70,0.998581560283687,0.126060606060606,14
70,4.99290780141843,0.363636363636363,14
70,7.0354609929078,0.545454545454545,14
70,11.9375886524822,0.911515151515151,14
70,14.9787234042553,1.0690909090909,14
71,0.0,0.0,14
71,0.983147903620128,0.0403587443946185,14
71,4.99878413889578,0.0914798206278024,14
71,6.96026879682045,0.121076233183856,14
71,11.9638640850318,0.27982062780269,14
71,15.0078573389637,0.433183856502241,14
71,20.0231667298565,0.742600896860986,14
71,24.9773954424819,0.866367713004484,14
71,30.0148779563074,0.860986547085201,14
72,0.0,0.0,14
72,0.881159420289855,0.0857837047862621,14
72,4.8695652173913,0.164249177932042,14
72,6.95652173913043,0.232480818414322,14
72,11.9652173913043,0.351362805991961,14
72,15.0260869565217,0.349082937522834,14
72,20.0347826086956,0.467964925100474,14
72,25.0434782608695,0.632225063938618,14
72,29.959420289855,0.862024113993423,14
73,0.0,0.0,14
73,0.272340425531914,0.0703030303030303,14
73,0.953191489361701,0.126060606060606,14
73,6.99007092198581,0.431515151515151,14
73,11.9829787234042,0.606060606060606,14
73,19.9716312056737,1.07393939393939,14
74,0.0,0.0,14
74,0.194956137483821,0.102242152466367,14
74,0.998836433997045,0.242152466367712,14
74,5.00526873145158,0.774887892376681,14
74,7.12573049719567,1.04932735426008,14
74,12.0728470760501,1.08161434977578,14
75,0.0,0.0,14
75,0.185507246376811,0.0680818414322248,14
75,0.927536231884057,0.163938618925831,14
75,4.9159420289855,0.423916697113627,14
75,7.00289855072463,0.499711362805991,14
75,12.0115942028985,0.643803434417244,14
75,20.0347826086956,0.825948118377785,14
75,24.9971014492753,0.841465107782243,14
75,29.959420289855,0.887234198027036,14
76,0.0,0.0,14
76,0.3177304964539,0.0484848484848485,14
76,0.998581560283687,0.111515151515151,14
76,4.94751773049645,0.346666666666666,14
76,6.99007092198581,0.453333333333333,14
76,11.9829787234042,0.562424242424242,14
76,14.9787234042553,0.698181818181818,14
76,20.0624113475177,0.843636363636363,14
76,24.9645390070921,0.88,14
76,30.0936170212765,1.00121212121212,14
77,0.0,0.0,14
77,0.194956137483821,0.102242152466367,14
77,0.950934121246192,0.226008968609865,14
77,5.06802285295925,0.382062780269058,14
77,7.08033834930512,0.465470852017937,14
77,11.9879198316097,0.589237668161434,14
77,15.0712390016865,0.648430493273542,14
77,20.1290120147995,0.904035874439461,14
77,24.986808560708,0.98744394618834,14
77,30.0629894494633,0.87982062780269,14
78,0.0,0.0,14
78,0.185507246376811,0.0529557910120566,14
78,0.881159420289855,0.108472780416514,14
78,4.9159420289855,0.292824260138837,14
78,7.04927536231884,0.383748629886736,14
78,11.9652173913043,0.885816587504566,14
78,19.9884057971014,0.911658750456704,14
78,25.0434782608695,0.821300694190719,14
79,0.0,0.0,14
79,0.272340425531914,0.0290909090909092,14
79,0.907801418439715,0.0775757575757576,14
79,4.94751773049645,0.256969696969697,14
79,6.89929078014184,0.4,14
79,11.9375886524822,0.831515151515151,14
79,14.8879432624113,0.972121212121212,14
79,20.0170212765957,0.95030303030303,14
79,25.0099290780141,0.8,14
79,30.0936170212765,0.814545454545454,14
80,0.0,0.0,14
80,0.333224385205715,0.0807174887892374,14
80,0.947796415170809,0.185650224215246,14
80,4.93226477009766,0.435874439461883,14
80,7.04101243316032,0.559641255605381,14
80,11.9582162140961,0.807174887892376,14
80,15.0055563545084,1.00358744394618,14
80,20.0955431499954,1.07354260089686,14
81,0.0,0.0,61
81,0.056596126019468,0.104910714285714,61
81,0.111691824519863,0.154017857142857,61
81,0.193555149960536,0.198660714285714,61
81,0.248050677453301,0.225446428571428,61
81,0.35602144172586,0.241071428571428,61
81,0.518007596685082,0.265625,61
81,0.923543146540383,0.348214285714285,61
81,1.13960470928702,0.383928571428571,61
81,1.30105071033938,0.388392857142857,61
81,1.46261674559326,0.397321428571428,61
81,1.97510276900815,0.457589285714285,61
81,2.40548539857932,0.464285714285714,61
81,2.97078647066561,0.488839285714285,61
81,3.34841406866614,0.533482142857143,61
81,4.02078564851354,0.540178571428571,61
81,4.47859609313338,0.566964285714285,61
81,4.99000180873454,0.587053571428571,61
81,5.50134750723493,0.604910714285714,61
81,5.985685510392,0.618303571428571,61
81,6.2008468166272,0.620535714285714,61
81,6.41612815706393,0.627232142857143,61
81,7.00801680478821,0.640625,61
81,7.4924748421468,0.658482142857143,61
81,8.00370050644567,0.671875,61
81,9.16023003814785,0.685267857142857,61
81,9.48288197184951,0.685267857142857,61
81,10.989491252302,0.71875,61
81,12.9807386214154,0.776785714285714,61
81,13.9769624769797,0.828125,61
82,0.0,0.0,55
82,1.04854368932038,0.0348027842227378,55
82,3.02912621359223,0.062645011600928,55
82,6.05825242718446,0.0928074245939674,55
82,8.03883495145631,0.11368909512761,55
82,10.0194174757281,0.136890951276102,55
82,13.0485436893203,0.162412993039443,55
82,15.0291262135922,0.19953596287703,55
82,17.009708737864,0.225058004640371,55
82,20.0388349514563,0.290023201856148,55
82,22.0194174757281,0.373549883990719,55
82,24.0,0.54292343387471,55
82,27.0291262135922,0.7122969837587,55
82,29.009708737864,0.819025522041763,55
82,30.9902912621359,0.91415313225058,55
82,34.0194174757281,0.937354988399071,55
82,36.0,0.955916473317865,55
82,37.9805825242718,0.96983758700696,55
82,41.009708737864,0.979118329466357,55
82,42.9902912621359,0.981438515081206,55
82,45.0873786407767,0.983758700696055,55
82,48.0,0.990719257540603,55
82,49.9805825242718,0.990719257540603,55
83,0.0,0.0,55
83,0.932038834951459,0.0139211136890951,55
83,3.02912621359223,0.0255220417633412,55
83,6.05825242718446,0.037122969837587,55
83,8.03883495145631,0.0510440835266821,55
83,10.0194174757281,0.0510440835266821,55
83,13.0485436893203,0.0788863109048723,55
83,15.0291262135922,0.102088167053364,55
83,17.009708737864,0.118329466357308,55
83,20.0388349514563,0.148491879350348,55
83,22.0194174757281,0.19953596287703,55
83,24.0,0.245939675174013,55
83,27.0291262135922,0.445475638051044,55
83,29.009708737864,0.612529002320185,55
83,30.9902912621359,0.754060324825986,55
83,34.0194174757281,0.870069605568445,55
83,36.0,0.91183294663573,55
83,37.9805825242718,0.923433874709976,55
83,41.009708737864,0.939675174013921,55
83,42.9902912621359,0.944315545243619,55
83,45.0873786407767,0.948955916473317,55
83,48.0,0.948955916473317,55
83,49.9805825242718,0.960556844547563,55
84,0.0,0.0,55
84,1.04854368932038,0.0974477958236659,55
84,3.02912621359223,0.11368909512761,55
84,6.05825242718446,0.127610208816705,55
84,8.03883495145631,0.153132250580046,55
84,10.0194174757281,0.174013921113689,55
84,13.0485436893203,0.218097447795823,55
84,15.0291262135922,0.269141531322505,55
84,17.009708737864,0.327146171693735,55
84,20.0388349514563,0.408352668213457,55
84,22.0194174757281,0.498839907192575,55
84,24.0,0.640371229698375,55
84,27.0291262135922,0.79814385150812,55
84,29.009708737864,0.921113689095127,55
84,30.9902912621359,0.944315545243619,55
84,34.0194174757281,0.965197215777262,55
84,36.0,0.972157772621809,55
84,37.9805825242718,0.976798143851508,55
84,41.009708737864,0.983758700696055,55
84,42.9902912621359,0.988399071925754,55
84,44.9708737864077,0.988399071925754,55
84,48.0,0.990719257540603,55
84,49.9805825242718,0.990719257540603,55
85,0.0,0.0,12
85,1.0,0.300248138957816,12
85,2.0,0.384615384615384,12
85,3.0,0.419354838709677,12
85,4.01515151515151,0.503722084367245,12
85,4.98484848484848,0.632754342431761,12
85,5.98484848484848,0.679900744416873,12
85,6.98484848484848,0.771712158808933,12
85,7.98484848484848,0.86848635235732,12
85,8.98484848484848,0.933002481389578,12
85,9.96969696969697,0.930521091811414,12
85,10.9848484848484,0.945409429280397,12
85,11.9696969696969,0.90818858560794,12
86,0.0,0.0,12
86,1.0,0.1712158808933,12
86,1.98484848484848,0.183622828784118,12
86,2.98484848484848,0.223325062034739,12
86,3.98484848484848,0.349875930521091,12
86,4.98484848484848,0.459057071960297,12
86,5.98484848484848,0.538461538461538,12
86,6.98484848484848,0.620347394540942,12
86,7.96969696969697,0.759305210918114,12
86,8.96969696969697,0.851116625310173,12
86,9.95454545454545,0.898263027295285,12
86,10.9696969696969,0.910669975186104,12
86,11.9545454545454,0.933002481389578,12
87,0.0,0.0,12
87,1.01515151515151,0.114143920595533,12
87,2.0,0.141439205955334,12
87,3.0,0.1712158808933,12
87,4.0,0.267990074441687,12
87,4.98484848484848,0.327543424317617,12
87,6.0,0.47394540942928,12
87,6.98484848484848,0.600496277915632,12
87,7.98484848484848,0.672456575682382,12
87,8.98484848484848,0.744416873449131,12
87,9.98484848484848,0.781637717121588,12
87,10.9696969696969,0.863523573200992,12
87,11.9696969696969,0.903225806451612,12
88,0.0,0.0,12
88,0.984848484848484,0.213399503722084,12
88,2.0,0.235732009925558,12
88,3.0,0.30272952853598,12
88,3.98484848484848,0.436724565756823,12
88,4.98484848484848,0.501240694789081,12
88,5.98484848484848,0.650124069478908,12
88,6.98484848484848,0.71712158808933,12
88,7.96969696969697,0.803970223325062,12
88,8.96969696969697,0.903225806451612,12
88,9.95454545454545,0.913151364764268,12
88,10.9545454545454,0.933002481389578,12
88,11.9696969696969,0.952853598014888,12
89,0.0,0.0,29
89,0.266666666666667,0.0120575303673893,29
89,2.86666666666666,0.138672777405171,29
89,3.86666666666666,0.237208435799985,29
89,6.0,0.307511737089201,29
89,8.2,0.385859602056785,29
89,9.86666666666666,0.454176913331842,29
89,12.0,0.520456069751844,29
89,13.9333333333333,0.564613607571354,29
89,16.0,0.620836127878381,29
89,17.9333333333333,0.662981593263283,29
89,20.0,0.733288620612564,29
89,22.0,0.779454504806617,29
89,24.0,0.835680751173708,29
89,26.0,0.92611222892913,29
89,28.0,0.974290185557791,29
89,29.9333333333333,1.00033907146583,29
89,32.0,0.998211491169237,29
89,34.0,1.00011178180192,29
89,36.0666666666666,0.997984201505328,29
90,0.0,0.0,29
90,0.933333333333333,0.0562858633281169,29
90,2.13333333333333,0.0904240256352932,29
90,3.06666666666666,0.132625381921156,29
90,4.06666666666666,0.194943736493032,29
90,6.0,0.263246143527833,29
90,8.0,0.329532752067963,29
90,10.0666666666666,0.365634548028914,29
90,12.0,0.4037558685446,29
90,14.0666666666666,0.453942171547805,29
90,16.0666666666666,0.52425292495715,29
90,18.0,0.602615694164989,29
90,20.0,0.68499888218198,29
90,22.0,0.733176838810641,29
90,24.0,0.775318578135479,29
90,26.0666666666666,0.81946866383486,29
90,28.0,0.847529622177509,29
90,30.0,0.909792085848423,29
90,32.1333333333333,0.992167821745286,29
90,34.0,0.994075564498099,29
90,36.0666666666666,0.991947984201505,29
91,0.0,0.0,29
91,1.0,0.020064833445115,29
91,2.13333333333333,0.0340859974662792,29
91,3.0,0.062206572769953,29
91,3.33333333333333,0.0923690289887472,29
91,4.6,0.130527610105074,29
91,5.93333333333333,0.154597958119084,29
91,8.13333333333333,0.194716446829122,29
91,10.0666666666666,0.244910201952455,29
91,11.9333333333333,0.295107683135852,29
91,13.9333333333333,0.343285639764512,29
91,16.0666666666666,0.385419926969222,29
91,18.0,0.429577464788732,29
91,20.0666666666666,0.481775840226544,29
91,22.0,0.529957522915269,29
91,24.0,0.574111334674715,29
91,26.0666666666666,0.614237275504881,29
91,28.0666666666666,0.678511811610403,29
91,30.0666666666666,0.748822565019748,29
91,32.0666666666666,0.805048811386839,29
91,34.0,0.895484015202325,29
91,36.0666666666666,0.929573738728668,29
92,0.0,0.0,29
92,0.933333333333333,0.060310008197332,29
92,2.06666666666666,0.0864036068261421,29
92,3.13333333333333,0.10042849690737,29
92,4.13333333333333,0.120493330352485,29
92,5.86666666666666,0.140517177136895,29
92,8.0,0.164542812430136,29
92,10.0,0.202660406885758,29
92,12.0,0.210596914822266,29
92,14.0666666666666,0.260783217825471,29
92,16.0666666666666,0.298900812281093,29
92,18.0,0.330985915492957,29
92,20.0666666666666,0.389220508234592,29
92,22.0666666666666,0.429350175124823,29
92,24.0,0.44936284372904,29
92,26.0666666666666,0.515645726209106,29
92,28.0666666666666,0.539678813622475,29
92,30.0,0.581824279007377,29
92,32.0666666666666,0.621950219837543,29
92,34.0,0.672143974960876,29
92,36.1333333333333,0.754519710857739,29
93,0.0,0.0,29
93,0.923076923076922,0.0220440881763528,29
93,1.84615384615384,0.0360721442885771,29
93,2.96703296703296,0.0661322645290581,29
93,3.89010989010988,0.104208416833667,29
93,6.13186813186813,0.148296593186372,29
93,7.91208791208791,0.172344689378757,29
93,10.021978021978,0.224448897795591,29
93,11.9340659340659,0.284569138276553,29
93,13.9780219780219,0.32064128256513,29
93,16.2197802197802,0.364729458917835,29
93,18.0,0.418837675350701,29
93,20.1098901098901,0.472945891783567,29
93,22.1538461538461,0.521042084168336,29
93,23.9340659340659,0.547094188376753,29
93,26.043956043956,0.607214428857715,29
93,28.021978021978,0.671342685370741,29
93,30.1978021978021,0.727454909819639,29
93,32.1758241758241,0.795591182364729,29
93,34.087912087912,0.885771543086172,29
93,36.1318681318681,0.93186372745491,29
94,0.0,0.0,29
94,0.989010989010988,0.0140280561122245,29
94,1.84615384615384,0.0180360721442887,29
94,3.09890109890109,0.0561122244488978,29
94,3.89010989010988,0.0761523046092184,29
94,6.06593406593406,0.120240480961923,29
94,8.04395604395604,0.160320641282565,29
94,10.021978021978,0.188376753507014,29
94,12.065934065934,0.234468937875751,29
94,14.043956043956,0.282565130260521,29
94,16.087912087912,0.31062124248497,29
94,18.065934065934,0.384769539078156,29
94,20.043956043956,0.412825651302605,29
94,22.1538461538461,0.468937875751503,29
94,24.065934065934,0.519038076152304,29
94,26.1098901098901,0.567134268537074,29
94,28.021978021978,0.605210420841683,29
94,30.1978021978021,0.655310621242485,29
94,31.9780219780219,0.737474949899799,29
94,34.1538461538461,0.845691382765531,29
94,36.1318681318681,0.879759519038076,29
95,0.0,0.0,29
95,0.921305182341649,0.0205192650372338,29
95,1.9193857965451,0.0384858942325154,29
95,3.14779270633397,0.0718125187152385,29
95,3.8387715930902,0.133237773119762,29
95,5.98848368522072,0.158950670312354,29
95,7.83109404990403,0.202546745143855,29
95,9.98080614203454,0.243604910878646,29
95,11.8234165067178,0.30510379900938,29
95,13.9731285988483,0.341046875230105,29
95,15.8157389635316,0.394873129089739,29
95,17.8886756238003,0.438483930666483,29
95,19.961612284069,0.494882456028392,29
95,22.1113243761996,0.546170800791317,29
95,23.8003838771593,0.58464196827859,29
95,26.1036468330134,0.630825041357609,29
95,28.0230326295585,0.702559017431557,29
95,30.0959692898272,0.766630177064566,29
95,32.0153550863723,0.807673616054115,29
95,34.0115163147792,0.904987948613476,29
95,36.0844529750479,0.938368571162087,29
96,0.0,0.0,29
96,0.921305182341649,0.0205192650372338,29
96,1.9193857965451,0.0384858942325154,29
96,2.99424184261036,0.0718027008850772,29
96,3.99232245681381,0.117902322407724,29
96,6.06525911708253,0.166628213498534,29
96,7.98464491362763,0.21278674200215,29
96,9.98080614203454,0.276852992720078,29
96,11.9769673704414,0.34347678819504,29
96,13.9731285988483,0.381967591342637,29
96,16.046065259117,0.415348213891247,29
96,17.8886756238003,0.469174467750882,29
96,19.961612284069,0.515342814084659,29
96,21.957773512476,0.571736430531488,29
96,23.9539347408829,0.605112144165017,29
96,26.0268714011516,0.661510669526927,29
96,28.0230326295585,0.735807099272989,29
96,30.0191938579654,0.781970536691685,29
96,32.0153550863723,0.828133974110381,29
96,34.0115163147792,0.922890761912709,29
96,36.0844529750479,0.938368571162087,29
97,0.0,0.0,5
97,2.1791483113069,0.286012526096033,5
97,4.23494860499265,0.478079331941544,5
97,6.49632892804699,0.60125260960334,5
97,8.59324522760646,0.682672233820459,5
97,15.0484581497797,0.739039665970772,5
97,21.5447870778267,0.78705636743215,5
97,28.0,0.818371607515657,5
98,0.0,0.0,5
98,2.1791483113069,0.369519832985386,5
98,4.23494860499265,0.496868475991649,5
98,6.41409691629956,0.634655532359081,5
98,14.9662261380323,0.730688935281837,5
98,21.503671071953,0.78705636743215,5
98,28.0,0.872651356993737,5
99,0.0,0.0,5
99,2.13803230543318,0.348643006263048,5
99,4.27606461086637,0.492693110647181,5
99,6.41409691629956,0.5741127348643,5
99,8.63436123348017,0.588726513569937,5
99,15.0895741556534,0.705636743215031,5
99,21.503671071953,0.784968684759916,5
99,28.0,0.845511482254697,5
100,0.0,0.0,1
100,1.06502785374911,0.0111057271730965,1
100,3.19804292046478,0.0670116000377237,1
100,5.12777277324479,0.116202003908955,1
100,10.0511221174703,0.216693387620772,1
100,15.1391711842965,0.443006318719735,1
100,20.3146351695452,0.532229373103652,1
100,25.1337240121106,0.603520661855811,1
100,30.2530739937365,0.63881833762061,1
101,0.0,0.0,1
101,1.12114185737189,0.0650311057922139,1
101,3.15627042689569,0.154657413520043,1
101,5.13642320788035,0.201594151525696,1
101,10.2235617026396,0.418918435507107,1
101,15.0967157616772,0.523910646863892,1
101,20.220390960621,0.601904396437061,1
101,25.1941632330511,0.700142114283298,1
101,30.3176107889781,0.77588870207708,1
102,0.0,0.0,1
102,1.09345211212736,0.025522041763341,1
102,2.91691804883766,0.0881670533642691,1
102,5.15619020695503,0.146171693735498,1
102,10.1029086784595,0.264501160092807,1
102,15.1594308822566,0.494199535962876,1
102,20.0526954489197,0.584686774941995,1
102,25.1536217994021,0.668213457076566,1
102,30.1473990133177,0.691415313225057,1
103,0.0,0.0,1
103,1.19758466264225,0.0278422273781902,1
103,3.12385585200456,0.0672853828306263,1
103,5.2078341601652,0.139211136890951,1
103,10.3625764058152,0.257540603248259,1
103,15.2133674408662,0.531322505800464,1
103,20.1588792779499,0.62645011600928,1
103,25.1542251166125,0.679814385150812,1
103,30.3554227874634,0.691415313225057,1
104,0.0,0.0,1
104,1.16703803001315,0.0384041111399158,1
104,3.09464350759517,0.0948436828305434,1
104,5.02247869446367,0.155818372148733,1
104,10.0424305867759,0.264011446085589,1
104,15.1191206728513,0.49237857403038,1
104,20.0405272812593,0.655006185742929,1
104,25.0581820807067,0.71784808340416,1
104,30.0228888896181,0.735345367912238,1
105,0.0,0.0,1
105,1.01520019164317,0.0406913593211106,1
105,3.09510292616815,0.103913918085668,1
105,5.0730147374915,0.153544250212481,1
105,9.89151158555194,0.284439164777034,1
105,15.0209199528767,0.553615788247416,1
105,19.9918289125234,0.693561248699681,1
105,24.9088710444881,0.770021625488542,1
105,29.8734629987562,0.785251351182838,1
106,0.0,0.0,61
106,0.0612557427258804,0.35022026431718,61
106,0.10719754977029,0.447136563876652,61
106,0.214395099540581,0.486784140969163,61
106,1.02603369065849,0.709251101321585,61
106,2.03675344563552,0.832599118942731,61
106,3.03215926493108,0.900881057268722,61
106,3.9969372128637,0.947136563876652,61
106,5.0229709035222,0.993392070484581,61
106,6.03369065849923,1.0022026431718,61
106,7.01378254211332,0.997797356828193,61
106,9.03522205206738,0.997797356828193,61
107,0.0,0.0,61
107,0.0435410545188075,0.176444431796353,61
107,0.141010408588686,0.226207161507431,61
107,0.270495243922394,0.285016043313388,61
107,1.00002134365417,0.384481029048713,61
107,2.01156826056333,0.468077007904266,61
107,3.02197684924977,0.533573568018668,61
107,4.03195856485269,0.592282846105138,61
107,7.05564290643653,0.668863877288217,61
107,9.10335308807103,0.72745576527672,61
107,11.027554657541,0.822260719850309,61
107,14.0223539204735,0.939569000476675,61
107,16.1321029902459,0.984579209857922,61
107,18.0195934745334,0.995677910029383,61
108,0.0,0.0,61
108,0.233281493001557,0.0290017214684783,61
108,1.0108864696734,0.0869774546512553,61
108,4.04354587869362,0.16074428399727,61
108,7.07620528771383,0.194422026483597,61
108,11.1197511664074,0.246007197608648,61
108,14.1524105754276,0.27300342561836,61
108,18.0404354587869,0.344619285296165,61
108,21.1508553654743,0.41616587058852,61
108,28.0715396578538,0.851080853598977,61
108,35.1477449455676,0.960842653624609,61
108,42.3017107309486,1.00825057930704,61
108,48.2892690513219,0.993193791629575,61
109,0.0,0.0,85
109,1.08180556460219,0.037127410651208,85
109,1.87861691627042,0.0610072000120254,85
109,3.0160384401477,0.079626020252226,85
109,4.15255808360431,0.0823717450885097,85
109,6.08468657150158,0.0878331320803877,85
109,8.07393415270839,0.098590561320353,85
109,10.0074154612366,0.127861591418107,85
109,14.0443825375908,0.178482135252,85
109,18.0571491559902,0.803174619080783,85
109,22.0439115555934,0.970192852096621,85
109,25.9672416989422,1.02080337503695,85
110,0.0,0.0,76
110,0.994475776627218,0.207589285714285,76
110,3.1254622781065,0.366071428571428,76
110,5.04761464497041,0.491071428571428,76
110,7.07042806952662,0.560267857142857,76
110,10.0769693047337,0.629464285714285,76
110,14.0692030325443,0.736607142857142,76
110,18.0068879437869,0.790178571428571,76
110,22.09943602071,0.834821428571428,76
110,26.0879715236686,0.870535714285714,76
110,30.0761603180473,0.899553571428571,76
111,0.0,0.0,75
111,0.989119966045805,0.142497428949215,75
111,3.00004897239589,0.298054163469857,75
111,7.05569793826213,0.502375161200802,75
111,14.0619337566724,0.700541961181214,75
111,21.1030624071564,0.821042622308558,75
111,28.0681614130168,0.931826343884163,75
112,0.0,0.0,24
112,1.0089667367483,0.0952089221815346,24
112,2.01970872029072,0.134278275156291,24
112,3.03159939293521,0.134751674301388,24
112,4.00871611367148,0.303629857562551,24
112,6.0001253115384,0.392280809234067,24
112,9.06534996727976,0.400732376324473,24
112,12.0074560365352,0.545968449339329,24
112,13.9978209715821,0.669706631765082,24
113,0.0,0.0,24
113,1.03831052199217,0.109257737987496,24
113,2.02023085170075,0.116734659779173,24
113,3.00183790256331,0.13473775079712,24
113,4.09800058478718,0.303671628075353,24
113,5.99824563846228,0.455437824591693,24
113,9.03381323011375,0.460366745102407,24
113,12.0337714596009,0.661770234332577,24
113,14.0224655741356,0.841647985965107,24
114,0.0,0.0,54
114,0.00519210799579439,0.0369560848155963,54
114,0.0259605399789719,0.0933742002478814,54
114,0.0415368639663551,0.163241550262955,54
114,0.0986500519200934,0.276052658024319,54
114,0.176531671857009,0.410335644658828,54
114,0.332294911730841,0.609009144809566,54
114,0.503634475592056,0.710883328308712,54
114,0.996884735192523,0.779980236492144,54
114,1.51090342677616,0.819473754731517,54
114,2.00934579437242,0.858992396074096,54
114,3.02180685355233,0.903058319096908,54
115,0.0,0.0,68
115,2.03468208092485,0.00879120879120876,68
115,3.0057803468208,0.0131868131868131,68
115,4.02312138728323,0.024175824175824,68
115,5.13294797687861,0.0307692307692306,68
115,6.10404624277456,0.0527472527472525,68
115,7.12138728323699,0.0637362637362636,68
115,8.13872832369942,0.0813186813186812,68
115,9.15606936416185,0.0989010989010987,68
115,10.0346820809248,0.127472527472527,68
115,11.0982658959537,0.171428571428571,68
115,12.0693641618497,0.206593406593406,68
115,12.9942196531791,0.235164835164835,68
115,14.1040462427745,0.327472527472527,68
115,15.028901734104,0.389010989010988,68
115,16.0,0.446153846153846,68
115,17.1098265895953,0.492307692307692,68
115,18.0809248554913,0.52087912087912,68
115,19.0520231213872,0.573626373626373,68
115,20.1618497109826,0.6,68
115,21.0404624277456,0.639560439560439,68
115,22.7514450867052,0.709890109890109,68
115,24.0462427745664,0.74065934065934,68
115,25.1560693641618,0.771428571428571,68
115,27.0057803468208,0.841758241758241,68
115,30.936416184971,0.903296703296703,68
115,32.0462427745664,0.929670329670329,68
115,32.9710982658959,0.942857142857142,68
115,34.0809248554913,0.942857142857142,68
115,35.0982658959537,0.964835164835164,68
115,36.0231213872832,0.971428571428571,68
115,39.1676300578034,0.989010989010989,68
116,0.0,0.0,68
116,1.61849710982659,0.0263736263736262,68
116,2.82080924855491,0.0417582417582418,68
116,3.88439306358381,0.0505494505494505,68
116,4.85549132947976,0.0615384615384615,68
116,5.87283236994219,0.079120879120879,68
116,7.90751445086705,0.167032967032967,68
116,8.878612716763,0.221978021978021,68
116,9.71098265895953,0.263736263736263,68
116,10.5895953757225,0.314285714285714,68
116,12.6242774566473,0.441758241758241,68
116,13.6416184971098,0.494505494505494,68
116,14.5664739884393,0.538461538461538,68
116,15.7225433526011,0.65054945054945,68
116,16.6473988439306,0.701098901098901,68
116,17.664739884393,0.725274725274725,68
116,19.6531791907514,0.848351648351648,68
116,20.8092485549132,0.883516483516483,68
116,21.7341040462427,0.914285714285714,68
116,22.7976878612716,0.936263736263736,68
116,24.6473988439306,0.962637362637362,68
116,27.6994219653179,0.989010989010989,68
116,28.8554913294797,0.997802197802197,68
116,30.6589595375722,1.0,68
117,0.0,0.0,68
117,0.554913294797688,0.0175824175824175,68
117,1.61849710982659,0.0439560439560438,68
117,2.91329479768786,0.138461538461538,68
117,3.83815028901734,0.18021978021978,68
117,4.80924855491329,0.29010989010989,68
117,5.82658959537572,0.351648351648351,68
117,7.76878612716763,0.593406593406593,68
117,8.83236994219653,0.65054945054945,68
117,9.66473988439306,0.696703296703296,68
117,10.543352601156,0.756043956043956,68
117,12.6705202312138,0.797802197802197,68
117,13.6416184971098,0.824175824175824,68
117,14.5202312138728,0.824175824175824,68
117,15.8150289017341,0.874725274725274,68
117,16.5086705202312,0.876923076923076,68
117,17.5722543352601,0.89010989010989,68
117,19.5606936416185,0.896703296703296,68
117,20.9479768786127,0.903296703296703,68
117,21.7803468208092,0.905494505494505,68
118,0.0,0.0,6
118,1.89239931672335,0.0118880903648759,6
118,2.99025869100198,0.0587787199335188,6
118,4.00455517766731,0.134900971053076,6
118,6.81014450377802,0.366168572351918,6
118,7.8267493575045,0.427671165417583,6
118,8.92599375201981,0.465790000153891,6
118,9.70391345162432,0.538965235992059,6
118,10.8821039996306,0.577091765285237,6
118,13.6410643111063,0.60367645927271,6
118,16.8681614625813,0.665394499930749,6
118,20.885643495791,0.721341622935935,6
118,23.8052661547221,0.730398116372478,6
118,28.7664086425262,0.809829026946338,6
118,30.9713608593281,0.845131653868053,6
118,35.7067450485526,0.854365122112617,6
118,38.8595127806589,0.886836152106,6
118,43.8335821240054,0.884396977578061,6
118,46.9129437835675,0.881773133685231,6
118,48.9641587540973,0.890744986996198,6
118,51.8016035456518,0.920261307151321,6
118,58.9852418399224,0.923885443437312,6
119,0.0,0.0,65
119,1.16980308083214,0.00231062410671767,65
119,2.09613704938859,0.0106836588851835,65
119,3.2173058599333,0.017067651262506,65
119,4.09530331904081,0.033575512148642,65
119,7.06983484198824,0.0709623630300142,65
119,8.19159917420994,0.0895664602191519,65
119,8.92399158329363,0.118258694616484,65
119,9.31495156423693,0.14075750357313,65
119,9.9997022391615,0.19184135302525,65
119,10.2451564236938,0.228561219628394,65
119,10.9330832142289,0.344818961410195,65
119,11.3741662696522,0.395843258694616,65
119,14.9537478164205,0.848856598380181,65
119,15.2474392567889,0.875404954740352,65
119,16.1260322375734,0.904132920438304,65
119,16.3224551373669,0.934730824202001,65
119,16.953906622201,0.892115292996665,65
119,17.3933023662061,0.908515959980943,65
119,17.9789979355248,0.926989042401143,65
119,18.4172026361759,0.918949499761791,65
119,20.9014213117357,0.89511672224869,65
119,21.3887565507384,0.895235826584087,65
119,21.9242297919644,0.88314673654121,65
119,22.3138994759409,0.879168651738923,65
119,23.0445053199936,0.87120057170081,65
119,24.0679093218993,0.871450690805145,65
119,25.0421827854533,0.86354216293473,65
120,0.0,0.0,65
120,1.16970382721931,0.000273939971415115,65
120,1.99876925520088,0.0126965221534063,65
120,3.02237176433222,0.017020009528347,65
120,3.99753851040177,0.027441638875655,65
120,7.11876687311418,0.075047641734159,65
120,7.89880101635699,0.0813482610767031,65
120,8.53283309512466,0.0916865173892329,65
120,9.02116087025567,0.112172463077655,65
120,9.41132682229633,0.118377798951881,65
120,9.899853104653,0.142937112910909,65
120,10.3395466094965,0.165447832301095,65
120,10.8303557249483,0.236850881372082,65
120,11.3202715578847,0.289923773225345,65
120,13.966174368747,0.583849452120057,65
120,14.3579283785929,0.622641734159123,65
120,14.9934492615531,0.663530252501191,65
120,15.2386056852469,0.694140066698427,65
120,16.0207241543592,0.743211052882325,65
120,16.4118826425281,0.769783230109575,65
120,16.9499364776877,0.810647927584564,65
120,17.3407972050182,0.831110052405907,65
120,18.220382721931,0.880204859456884,65
120,18.221573765285,0.904645069080514,65
120,21.2946641257741,0.964459266317294,65
120,21.8310306495156,0.970700333492139,65
120,22.3186636493568,0.976929490233444,65
120,22.90346593616,0.977072415435921,65
120,23.2938303954263,0.987351119580752,65
120,24.1226973161823,0.995700333492139,65
120,24.4638319834841,0.995783706526917,65
120,25.0486342702874,0.995926631729395,65
121,0.0,0.0,65
121,0.877699698269016,0.00834921391138632,65
121,1.85266793711291,0.0146974749880897,65
121,2.92480546291885,0.0149595045259647,65
121,4.77767190725742,0.0357789423535015,65
121,6.77743369858662,0.0708909004287754,65
121,7.89919803080832,0.0894949976179132,65
121,9.11813164999206,0.102012863268223,65
121,9.94878513577894,0.147022391615054,65
121,10.9261354613307,0.202251071939018,65
121,11.3167976814356,0.218639828489757,65
121,13.9039423535016,0.306848499285374,65
121,14.3924686358583,0.331407813244402,65
121,15.0276917579799,0.366186279180562,65
121,15.369918215023,0.388673177703668,65
121,16.1519374305224,0.435707479752263,65
121,16.4451326028267,0.452072415435921,65
121,17.1775250119104,0.480764649833253,65
121,17.4721097347943,0.525643163411148,65
121,17.961231538828,0.562422582181991,65
121,18.4016198189614,0.599190090519295,65
121,21.2362037478164,0.764852310624106,65
121,21.9700849610925,0.824094807050976,65
121,22.3624344926155,0.875107193901858,65
121,22.9457479752262,0.844699857074797,65
121,23.2395386692075,0.873284897570271,65
121,23.972030331904,0.904013816102906,65
121,24.2656225186596,0.928525488327775,65
121,25.1448110211211,0.969473558837541,65
122,0.0,0.0,65
122,1.02380101635699,0.00634826107670316,65
122,1.99886850881372,0.0147332062887088,65
122,3.31467365412101,0.015054787994283,65
122,4.1919763379387,0.0173058599333015,65
122,6.97127600444656,0.0485350166746068,65
122,8.14117833889153,0.0549309194854692,65
122,8.82384468794664,0.0632444020962361,65
122,9.40914324281403,0.0735707479752263,65
122,10.0922066063204,0.0900309671272033,65
122,10.3851040177862,0.100285850404954,65
122,11.1172979196442,0.124904716531681,65
122,11.4589288550103,0.135171510242972,65
122,13.9958511989836,0.192818008575512,65
122,14.3376806415753,0.207158170557408,65
122,14.9237732253454,0.233777989518818,65
122,15.3635659838018,0.258325393044306,65
122,16.1448904240114,0.291102906145783,65
122,16.3409163093536,0.31355407336827,65
122,17.0732094648245,0.3402096236303,65
122,17.4155351754803,0.364733206288709,65
122,18.0021240273145,0.401536445926631,65
122,18.3451445132602,0.440316817532158,65
122,21.0333293631888,0.601869938065745,65
122,21.2788828013339,0.640626488804192,65
122,21.9631372081943,0.6815269175798,65
122,22.3550897252659,0.724392567889471,65
122,22.9897173257106,0.746950929013816,65
122,23.3324400508178,0.779621248213435,65
122,23.9679609337779,0.820509766555502,65
122,24.310782912498,0.855216769890424,65
122,25.0444656185485,0.910385898046689,65
123,0.0,0.0,65
123,0.195728124503731,0.014292520247737,65
123,0.343119739558519,0.0387684611719867,65
123,1.07799348896299,0.118377798951881,65
123,1.32324916626965,0.151024297284421,65
123,2.00760282674289,0.193961410195331,65
123,2.68987216134667,0.194128156264888,65
123,3.03150309671271,0.204394949976179,65
123,3.90989757027155,0.229049547403525,65
123,4.20319199618866,0.247451167222486,65
123,4.5939534699063,0.265876607908527,65
123,6.74209941241861,0.345831348261076,65
123,7.18149515642369,0.362232015245355,65
123,7.62059313959028,0.372522629823725,65
123,8.35239002699698,0.388994759409242,65
123,9.08438542162934,0.409540257265364,65
123,9.62114895982213,0.423928060981419,65
123,10.2064475146895,0.434254406860409,65
123,10.9873749404478,0.458885183420676,65
123,11.3290058758138,0.469151977131967,65
123,13.9164483087184,0.563470700333492,65
123,14.4048753374622,0.585993330157217,65
123,14.9429291726218,0.626858027632205,65
123,15.4316539622042,0.655490709861839,65
123,15.9693107829124,0.688208670795617,65
123,16.2632007305065,0.718830395426393,65
123,16.9479514054311,0.769914244878513,65
123,17.3392091472129,0.798523106241067,65
123,18.1711529299666,0.870009528346831,65
123,18.4651421311735,0.90266793711291,65
123,21.1991821502302,1.00516912815626,65
123,22.368588216611,1.00138161029061,65
123,23.0022232809274,1.00357313006193,65
124,0.0,0.0,65
124,0.10272748928061,0.105919485469271,65
124,0.20614975385104,0.228144354454502,65
124,0.207241543592187,0.250547879942829,65
124,0.252004922979195,0.169092424964268,65
124,0.257166110846434,0.275,65
124,0.257960139749085,0.29129347308242,65
124,0.998789105923454,0.493103858980466,65
124,1.29297681435604,0.529835636017151,65
124,1.34300063522312,0.556324440209623,65
124,2.07559155153247,0.58909004287756,65
124,2.9980546291885,0.518032396379228,65
124,3.33968556455454,0.528299190090519,65
124,3.87575432745751,0.528430204859456,65
124,4.31465380339844,0.534647451167222,65
124,6.94725663014133,0.555657455931395,65
124,7.48302763220581,0.549678418294425,65
124,8.0667381292679,0.527417818008575,65
124,8.36023106241067,0.549892806098142,65
124,9.04250039701445,0.550059552167698,65
124,9.4323685882166,0.550154835636017,65
124,10.1145386692075,0.548284897570271,65
124,10.4560703509607,0.55651500714626,65
124,10.9921391138637,0.556646021915197,65
124,11.3332737811656,0.556729394949976,65
124,13.917837859298,0.591984278227727,65
124,14.3081030649515,0.600226298237255,65
124,15.0887327298713,0.618747022391615,65
124,15.4786009210735,0.618842305859933,65
124,16.1132285215181,0.641400666984278,65
124,16.2595283468318,0.6434730824202,65
124,17.0405550262029,0.670140543115769,65
124,17.3331546768302,0.674285373987613,65
124,18.0162180403366,0.69074559313959,65
124,18.4069795140543,0.709171033825631,65
124,20.8987414641892,0.840126250595521,65
124,21.4357035096077,0.858587422582182,65
124,22.1689892012069,0.905609814197236,65
124,23.2909520406542,0.928287279656979,65
124,24.0229474352866,0.948832777513101,65
124,24.4620454184532,0.959123392091472,65
124,25.0481380022232,0.985743211052882,65
125,0.0,0.0,43
125,0.00361010830324903,0.318075226017464,43
125,0.0216606498194945,0.403506741954395,43
125,0.0577617328519856,0.435480884939369,43
125,0.137184115523465,0.454541948224259,43
125,0.252707581227436,0.50344040235737,43
125,1.00361010830324,0.634314542256781,43
125,2.00633116883116,0.664370748299319,43
125,3.00297619047619,0.735041743970315,43
126,0.0,0.0,10
126,0.50251256281407,0.350130936372,10
126,1.00502512562814,0.523202868804114,10
126,1.95979899497487,0.7003292788557129,10
126,2.51256281407035,0.712438786824801,10
126,2.9145728643216,0.706429531965663,10
126,3.56783919597989,0.708485418372883,10
126,3.96984924623115,0.710524453252176,10
126,4.57286432160803,0.714589041788419,10
126,5.0251256281407,0.724679736711727,10
126,5.52763819095477,0.730749657071406,10
126,6.13065326633165,0.746886680215295,10
126,6.98492462311557,0.767064699756326,10
126,8.94472361809045,0.765184069239558,10
126,11.1557788944723,0.76935650755454,10
126,13.0653266331658,0.769484579166793,10
126,15.0251256281407,0.775652238388454,10
126,16.9849246231155,0.777795752740901,10
126,19.0954773869346,0.779949378010104,10
126,21.9095477386934,0.782150187557505,10
126,24.0703517587939,0.780283038263079,10
126,26.0301507537688,0.780414480180917,10
126,27.9899497487437,0.780545922098756,10
126,30.0,0.786716951626003,10
127,0.0,0.0,10
127,0.498958063382406,0.320213570381309,10
127,1.0070752288888,0.462740559557238,10
127,1.52083695733207,0.495763027757759,10
127,1.98262610628108,0.53705353814695,10
127,2.44579977066744,0.551484449051606,10
127,3.01121457504251,0.582437244175272,10
127,3.52593481417317,0.596864605040346,10
127,3.98836297024711,0.625758377205905,10
127,4.55462978412209,0.640182188031396,10
127,5.01790994969593,0.652546975898781,10
127,5.48108361408229,0.666977886803437,10
127,6.04756343033224,0.677269451554384,10
127,6.97476276860486,0.689602289065522,10
127,8.98497268244541,0.69152996055906,10
127,10.9438490239166,0.689328936017636,10
127,13.0572585884332,0.689183384394735,10
127,15.0159219275294,0.691114605927856,10
127,16.9746917678132,0.690979704423704,10
127,18.9850081828412,0.690841252879969,10
127,21.9747095180111,0.690635350584158,10
127,23.9849194318516,0.692563022077696,10
127,25.9950228445047,0.696556816608505,10
127,28.0047002524078,0.708815103288401,10
127,30.0145906626858,0.716941143893754,10
128,0.0,0.0,52
128,2.01005025125628,0.688260214553653,52
128,2.41206030150753,0.696335466736769,52
128,3.01507537688442,0.748689793703595,52
128,3.46733668341708,0.750732198888473,52
128,4.07035175879396,0.760833004728538,52
128,4.62311557788944,0.770930440263018,52
128,5.0251256281407,0.793090199488387,52
128,5.57788944723618,0.805199707457475,52
128,5.97989949748743,0.817299104509805,52
128,7.08542713567839,0.825421540971119,52
128,9.04522613065326,0.825552982888958,52
128,11.0050251256281,0.825684424806797,52
128,13.0653266331658,0.827834679770414,52
128,14.9748743718592,0.827962751382667,52
128,16.9849246231155,0.830109636040699,52
128,18.9949748743718,0.836280665567947,52
128,22.0603015075376,0.836486254208669,52
128,24.0703517587939,0.838633138866701,52
128,25.9798994974874,0.840773282913561,52
128,28.0402010050251,0.846947682746394,52
128,30.1005025125628,0.849097937710012,52
129,0.0,0.0,52
129,0.552763819095476,0.340073944504548,52
129,1.05527638190954,0.45479577633304,52
129,1.50753768844221,0.579574600028984,52
129,2.01005025125628,0.57960830308484,52
129,2.61306532663316,0.593733253794121,52
129,2.9145728643216,0.599789692931458,52
129,3.51758793969849,0.650131947463676,52
129,4.02010050251256,0.678334664604039,52
129,4.57286432160803,0.686420027703911,52
129,5.12562814070351,0.704565752976822,52
129,5.52763819095477,0.71867722246376,52
129,6.13065326633165,0.730790100738434,52
129,7.13567839195979,0.746954086327007,52
129,8.99497487437186,0.745066715199067,52
129,10.9045226130653,0.747206859245927,52
129,13.21608040201,0.749373965737473,52
129,15.1256281407035,0.747489964915118,52
129,16.9849246231155,0.749626738656394,52
129,19.1959798994974,0.751787104536768,52
129,22.0603015075376,0.747955067085932,52
129,24.0201005025125,0.744062364134556,52
129,25.9798994974874,0.746205878487002,52
129,27.9899497487437,0.746340690710426,52
129,30.0502512562814,0.746478873239436,52
130,0.0,0.0,55
130,1.04712041884816,0.0246278042645293,55
130,3.1413612565445,0.0493024072069963,55
130,7.06806282722513,0.123220919009037,55
130,15.0959860383944,0.226373004962609,55
130,18.0628272251308,0.260025154289391,55
130,21.1169284467713,0.304854387863542,55
130,25.130890052356,0.385480710169937,55
130,28.2722513089005,0.50852613413671,55
130,31.2390924956369,0.573463199664609,55
130,34.1186736474694,0.74789357200659,55
130,38.1326352530541,0.857570173642594,55
130,45.0261780104712,0.987487203486501,55
131,0.0,0.0,0
131,4.00739353312302,0.20703125,0
131,7.02331427444795,0.701171875,0
131,10.0453962933753,0.951171875,0
131,14.0067527602523,0.982421875,0
132,0.0,0.0,55
132,0.837111191394642,0.0212608916910428,55
132,1.9708182316128,0.0733040427937112,55
132,3.95002738704301,0.317223536541307,55
132,5.92830421760462,0.542185757960694,55
132,10.0673604717563,0.702996259046464,55
132,14.0064330415933,0.797471845731311,55
132,17.9431747992588,0.844554251595635,55
132,22.0755882387217,0.870294187342912,55
132,26.0599951052944,0.886567140986943,55
132,29.9454589951868,0.890999568799748,55
133,0.0,0.0,55
133,0.886058246996166,0.0165176889220382,55
133,1.96907012248417,0.0377591571783186,55
133,3.84211078350251,0.122919264551065,55
133,6.15649072919458,0.181978160289952,55
133,10.1427622455044,0.236165658590402,55
133,13.9858053538755,0.378042195469677,55
133,18.0738168214714,0.500942036585981,55
133,22.0126563100912,0.590678305188776,55
133,25.9985782045753,0.637756826366147,55
133,30.1323901313412,0.691932670605739,55
134,0.0,0.0,55
134,0.935937627466291,0.0307317584812425,55
134,1.82281165872248,0.0638370606904641,55
134,3.93953873227126,0.103954222848951,55
134,5.96839418695444,0.3573484680737,55
134,10.101739951286,0.402045676149187,55
134,13.9909331406528,0.482307193274829,55
134,18.0274336592585,0.557817738257562,55
134,21.9662731478783,0.647554006860357,55
134,25.951495798711,0.68041457379157,55
134,30.0863565909541,0.755917349400398,55
135,0.0,0.0,42
135,3.05810397553516,0.0183712346034921,42
135,7.95107033639143,0.0570073541465288,42
135,13.1498470948012,0.0919353106434454,42
135,17.7370030581039,0.169399741106909,42
135,27.6758409785932,0.194910320111697,42
135,38.3792048929663,0.24811906821098,42
135,48.0122324159021,0.299518956287766,42
135,58.2568807339449,0.382319523817598,42
135,68.1957186544342,0.620399418903717,42
135,78.1345565749235,0.875115173509244,42
135,88.3792048929663,0.969006314052016,42
136,0.0,0.0,39
136,0.172847907451513,0.00981626403538604,39
136,0.205239877509356,0.0274038788703638,39
136,0.271929227628445,0.0489077917659066,39
136,0.478257910854032,0.0684994896223204,39
136,1.13399115345355,0.113613473970738,39
136,1.44593399115345,0.12542361347397,39
136,2.03661109220823,0.13731541340592,39
136,2.34828172847907,0.15107859816264,39
136,3.17876828853351,0.192337529772031,39
136,3.59523647499149,0.204178291936032,39
136,3.97822388567539,0.206243620279006,39
136,4.2215719632528,0.210221163661109,39
136,4.4989452194624,0.220068050357264,39
136,5.05478053759782,0.231949642735624,39
136,5.26083701939435,0.253494385845525,39
136,5.50173528411024,0.275049336509016,39
136,6.05103776794828,0.333804014971078,39
136,6.39564477713508,0.361248724055801,39
136,7.05083361687648,0.410268798911194,39
136,7.18747873426335,0.429840081660428,39
136,7.32521265736645,0.441599183395712,39
136,9.95277305205852,0.588853351480095,39
136,10.1582851309969,0.614304185096971,39
136,10.8156515821708,0.647699897924463,39
136,11.1618917999319,0.663426335488261,39
136,11.4030622660768,0.683028240898264,39
136,11.6436883293637,0.706536236815243,39
136,12.3720993535216,0.730187138482476,39
136,12.6843143926505,0.740044232732221,39
136,13.3092888737665,0.755852330724736,39
136,13.6215039128955,0.76570942497448,39
136,16.2643075876148,0.803593058863558,39
136,16.5414086423953,0.815392990813201,39
136,18.1762504253147,0.835403198366791,39
136,18.4884654644436,0.845260292616536,39
137,0.0,0.0,39
137,0.545491663831234,0.0860973120108878,39
137,1.12691391629805,0.164392650561415,39
137,1.36672337529772,0.193759782238856,39
137,2.02599523647499,0.213484178291935,39
137,2.40925484858795,0.213596461381422,39
137,3.16760802994215,0.272412385165021,39
137,3.30425314732902,0.291983667914256,39
137,3.51139843484178,0.305716230010207,39
137,4.05961211296359,0.372283089486219,39
137,4.19734603606669,0.384042191221503,39
137,4.47308608370193,0.405607349438584,39
137,5.05668594760122,0.468278325961211,39
137,5.19414766927526,0.481990472949982,39
137,5.29595100374276,0.501551548145627,39
137,5.39829874106839,0.517206532834297,39
137,6.05049336509016,0.587710105478053,39
137,6.32650561415447,0.607322218441646,39
137,6.39346716570262,0.626873086083701,39
137,7.01626403538618,0.658305546104116,39
137,7.1531813542021,0.675923783599863,39
137,7.32521265736645,0.691599183395712,39
137,9.85913576046274,0.760700918679822,39
137,10.0303504593399,0.782235454236134,39
137,10.2377679482817,0.794014971078597,39
137,10.8619258251105,0.815682204831575,39
137,11.1412044913235,0.811857774753317,39
137,11.4161279346716,0.83928206873086,39
137,12.2498809118747,0.8571044572984,39
137,12.6325961211296,0.861122830894862,39
137,13.2921401837359,0.878894181694453,39
137,13.6046274242939,0.88679823069071,39
137,16.1094249744811,0.914875808097992,39
137,18.2693433140524,0.917461721674038,39
137,19.1755018713848,0.915774072813882,39
138,0.0,0.0,39
138,1.14705682204831,0.269867301803334,39
138,1.38877169105137,0.285563116706362,39
138,2.11718271520925,0.309214018373596,39
138,3.11915617556992,0.370054440285811,39
138,3.38972439605307,0.428727458319155,39
138,3.4920721333787,0.444382443007825,39
138,4.14698877169105,0.495355563116706,39
138,4.21177271180673,0.530530792786661,39
138,4.34896223205171,0.546195985028921,39
138,4.41674038788703,0.559887716910513,39
138,5.07329023477373,0.599142565498468,39
138,5.17482136781218,0.620656685947601,39
138,5.27771350799591,0.632405580129295,39
138,5.44974481116025,0.648080979925144,39
138,6.00421912215039,0.669727798570942,39
138,6.24457298400816,0.695188839741408,39
138,6.4166042871725,0.710864239537257,39
138,7.00673698536917,0.726662129976182,39
138,7.38673018033344,0.750210956107519,39
138,9.71486900306226,0.79581490302824,39
138,10.0959510037427,0.811551548145627,39
138,11.1382102756039,0.83334127254168,39
138,11.6605648179652,0.835447431099013,39
138,12.2858115005103,0.849302483838039,39
138,12.5642735624362,0.851337189520244,39
138,13.2597482136781,0.861306566859475,39
138,13.5730520585233,0.86335148009527,39
138,16.1829193603266,0.887553589656345,39
139,0.0,0.0,39
139,1.04688669615515,0.238587955086764,39
139,1.27635250085062,0.342170806396733,39
139,1.51616195985029,0.371537938074174,39
139,2.10411704661449,0.402960190541,39
139,2.27397073834637,0.434259952364749,39
139,2.44464103436542,0.459700578428036,39
139,3.0987410683906,0.516532834297379,39
139,3.30506975161619,0.536124532153793,39
139,3.44253147329023,0.549836679142565,39
139,3.92432800272201,0.592946580469547,39
139,4.19843484178292,0.626230010207553,39
139,4.40558012929567,0.639962572303504,39
139,4.8871044572984,0.685025518883974,39
139,5.16393331064988,0.698778496087104,39
139,5.43940115685607,0.722296699557672,39
139,5.96039469207213,0.734168084382442,39
139,6.20156515821708,0.753769989792446,39
139,6.33548826131337,0.792871725076556,39
139,6.84967676080299,0.853569241238516,39
139,7.12841102415787,0.853650901667233,39
139,7.47655665192242,0.855706022456617,39
139,7.89356924123851,0.863640694113643,39
139,8.16985369173188,0.881299761823749,39
139,9.7018033344675,0.889561075195644,39
139,10.0502211636611,0.889663150731541,39
139,10.6074174889418,0.891779516842463,39
139,11.0603606668935,0.891912215039128,39
139,11.5476012249064,0.895961211296359,39
139,11.8957468526709,0.898016332085743,39
139,12.383531813542,0.898159237835998,39
139,12.7316774413065,0.900214358625382,39
139,13.1486900306226,0.908149030282408,39
139,13.671316774413,0.908302143586253,39
139,16.6660768969037,0.920898264715889,39
139,18.1631847567199,0.929149370534195,39
139,19.1738686628104,0.927492344334807,39
140,0.0,0.0,39
140,0.405035726437563,0.0938686628104796,39
140,0.504661449472609,0.129054100034025,39
140,0.532153793807417,0.181796529431779,39
140,1.17863218781898,0.293314052398774,39
140,1.27118067369853,0.379278666212997,39
140,1.4385845525689,0.428155835318135,39
140,2.05865940796189,0.479118747873426,39
140,2.29220823409322,0.553405920381081,39
140,2.42776454576386,0.580789384144266,39
140,2.98196665532494,0.604389248043552,39
140,3.18829533855052,0.623980945899965,39
140,3.39489622320517,0.641619598502891,39
140,3.97169105137801,0.753116706362708,39
140,4.21939435182034,0.725845525689009,39
140,6.79224225927186,0.765661789724395,39
140,7.20898264715889,0.775549506634909,39
140,7.52119768628785,0.785406600884654,39
140,7.97223545423613,0.799210615855733,39
140,8.38788703640694,0.816910513780197,39
140,9.22327322218441,0.823014630826811,39
140,9.60462742429397,0.83679823069071,39
140,10.3700578428036,0.844834977883633,39
140,10.7862538278325,0.858628785301122,39
140,11.5184756719972,0.85493705341953,39
140,14.1283429738006,0.879139162980605,39
140,14.5458999659748,0.883167744130656,39
140,15.1725076556651,0.887257570602245,39
140,15.5557672677781,0.887369853691731,39
140,16.4959510037427,0.891551548145627,39
140,18.2018373596461,0.901816944538958,39
140,19.1768628785301,0.906008846546444,39
141,0.0,0.0,39
141,0.436611092208234,0.36731541340592,39
141,1.08581150051037,0.45930248383804,39
141,1.33650901667233,0.660547805375977,39
141,2.02245661789724,0.738873766587274,39
141,2.18468866961551,0.824858795508676,39
141,2.28676420551207,0.842466825450833,39
141,3.19265056141544,0.842732221844164,39
141,3.36195985028921,0.877938074174889,39
141,3.98965634569581,0.874215719632527,39
141,4.23137121469887,0.889911534535556,39
141,7.04675059544062,0.939564477713507,39
141,7.53453555631167,0.939707383463762,39
141,8.30132698196665,0.937978904389247,39
141,8.92820687308608,0.940115685607349,39
141,9.34494726097311,0.950003402517863,39
141,9.79816264035386,0.94818305546104,39
141,10.2511058183055,0.948315753657706,39
141,10.9128274923443,0.950462742429397,39
141,11.3303844845185,0.954491323579448,39
141,13.8735624362027,0.957189520244981,39
141,14.3267778155835,0.955369173188159,39
141,15.3371895202449,0.955665192242259,39
141,16.2776454576386,0.957893841442667,39
141,16.6957468526709,0.958016332085743,39
141,18.2287853011228,0.958465464443688,39
142,0.0,0.0,39
142,0.262402177611432,0.117264375637971,39
142,0.316842463422933,0.226655324940455,39
142,0.415923783599863,0.265746852670976,39
142,0.439060905069752,0.349738006124532,39
142,0.443960530792787,0.314583191561755,39
142,1.08771691051377,0.445631167063626,39
142,1.26791425654984,0.652715209254848,39
142,1.98462061925825,0.760347056822048,39
142,2.14331405239877,0.871721674038788,39
142,2.24348417829193,0.903001020755358,39
142,3.00809799251446,0.916896903708744,39
142,3.35542701599183,0.924811160258591,39
142,3.98149030282408,0.932807077237155,39
142,4.4009527050017,0.923164341612793,39
142,6.90411704661449,0.962960190541,39
142,7.3581490302824,0.955280707723715,39
142,7.84620619258251,0.953470568220482,39
142,8.29887716910514,0.955556311670636,39
142,9.0305546104117,0.955770670296018,39
142,9.34358625382783,0.9597686287853,39
142,9.9010547805376,0.959931949642735,39
142,10.2492004083021,0.961987070432119,39
142,11.0151752296699,0.966117727118067,39
142,11.2939094930248,0.966199387546784,39
142,13.9067710105478,0.968917999319496,39
142,14.1855052739026,0.968999659748213,39
142,15.3352841102415,0.969336509016672,39
142,16.2760122490643,0.969612112963592,39
142,16.6941136440966,0.969734603606668,39
142,18.2619938754678,0.970193943518203,39
143,0.0,0.0,55
143,1.9667150638255,0.0388548057259714,55
143,3.03089305346907,0.0736196319018402,55
143,4.09423178602301,0.118609406952965,55
143,6.05910048425134,0.179959100204498,55
143,8.02715835942024,0.202453987730061,55
143,9.83088969644071,0.226993865030674,55
143,12.2049801515698,0.302658486707566,55
143,15.9695517527884,0.43762781186094,55
143,20.0647906473189,0.543967280163599,55
143,23.9988921806416,0.613496932515337,55
143,27.9345043767257,0.664621676891615,55
143,31.9525316190108,0.711656441717791,55
143,35.8896544778562,0.744376278118609,55
143,39.9916074291037,0.768916155419222,55
143,43.8488330130168,0.775051124744376,55
143,47.6229721450572,0.793456032719836,55
143,52.054753132527,0.799591002044989,55
143,55.6657406863444,0.805725971370143,55
143,60.0151066276132,0.815950920245398,55
144,0.0,0.0,20
144,0.0819165940133679,0.0337837837837839,20
144,0.249200813716942,0.182432432432432,20
144,0.476696454519035,0.324324324324324,20
144,1.00579410055216,0.445945945945946,20
144,2.0392872711421,0.576576576576576,20
144,3.01129758791049,0.682432432432432,20
144,4.02226823597791,0.754504504504504,20
144,5.07219921534437,0.792792792792792,20
144,6.06146469049694,0.826576576576576,20
144,7.03029642545771,0.853603603603603,20
144,7.99858326068003,0.867117117117117,20
144,9.02699070037779,0.871621621621621,20
144,9.99491426910781,0.876126126126126,20
145,0.0,0.0,76
145,2.97477229030316,0.0821114369501465,76
145,6.051776038531,0.269794721407624,76
145,9.08269406304014,0.46041055718475,76
145,11.9715484259385,0.618768328445747,76
145,15.1358295624478,0.747800586510263,76
145,18.1130488823289,0.859237536656891,76
145,21.1344506807014,0.947214076246334,76
146,0.0,0.0,73
146,0.961098398169335,0.0277045687682473,73
146,3.07551487414187,0.300378757989426,73
146,6.98398169336384,0.838791130750414,73
146,13.9679633867276,0.967237433914621,73
147,0.0,0.0,73
147,1.04064413893528,0.0120005139406398,73
147,2.98119833825859,0.0974431453167159,73
147,6.98933573172298,0.641654888860336,73
147,9.97421731123388,0.902145702171399,73
148,0.0,0.0,61
148,0.289898505450633,0.0635514018691587,61
148,0.714189793511089,0.183177570093457,61
148,1.76033805591921,0.325233644859812,61
148,2.80586412951897,0.439252336448597,61
148,3.78406937405213,0.519626168224299,61
148,4.69545154056541,0.588785046728971,61
148,5.73927696475559,0.626168224299065,61
148,6.80583302007855,0.687850467289719,61
148,7.76110023720948,0.734579439252336,61
148,8.76075025600477,0.781308411214953,61
148,9.76048323330784,0.831775700934579,61
148,10.7821587359197,0.871028037383177,61
148,11.7593269991056,0.904672897196261,61
148,12.7809195432097,0.94018691588785,61
148,14.734633880773,0.979439252336448,61
148,16.7765331121106,0.992523364485981,61
149,0.0,0.0,4
149,0.0443786982248521,0.0954446854663775,4
149,0.122041420118343,0.123644251626898,4
149,0.199704142011834,0.199566160520607,4
149,0.266272189349112,0.232104121475054,4
149,0.532544378698224,0.260303687635574,4
149,1.02071005917159,0.338394793926247,4
149,2.00813609467455,0.451193058568329,4
149,2.99556213017751,0.54229934924078,4
149,4.02736686390532,0.629067245119305,4
149,4.99260355029585,0.655097613882863,4
149,6.00221893491124,0.663774403470715,4
149,7.04511834319526,0.683297180043383,4
149,7.5,0.694143167028199,4
150,0.0,0.0,7
150,1.03641055045871,0.0536931818181818,7
150,1.93364261884904,0.0894886363636364,7
150,3.03631932860717,0.1125,7
150,4.00235873644703,0.148295454545454,7
150,4.96800719349458,0.178977272727272,7
150,5.9326782735613,0.196875,7
150,7.03652783569641,0.235227272727272,7
150,8.07157005838198,0.273579545454545,7
150,8.90019026271893,0.311931818181818,7
150,10.0046262510425,0.357954545454545,7
150,10.8334419307756,0.398863636363636,7
150,11.9378779190992,0.444886363636363,7
150,13.0423139074228,0.490909090909091,7
150,14.0083533152627,0.526704545454545,7
150,15.1131802543786,0.577840909090909,7
150,16.0096304211843,0.603409090909091,7
150,17.0433043160967,0.623863636363636,7
150,18.0769782110091,0.644318181818182,7
150,19.0416492910759,0.662215909090909,7
150,20.0751277105921,0.680113636363636,7
150,21.0392123644703,0.690340909090909,7
150,22.0032970183486,0.700568181818182,7
150,22.9671861968306,0.708238636363636,7
150,24.0686900542118,0.715909090909091,7
150,25.1698029608006,0.718465909090909,7
150,25.9956865095913,0.721022727272727,7
150,26.8901819224353,0.721022727272727,7
150,28.1289095079232,0.723579545454545,7
150,29.0920167848206,0.721022727272727,7
150,29.8488975187656,0.721022727272727,7
151,0.0,0.0,7
151,1.03856077981651,0.0818181818181819,7
151,1.86776741034195,0.127840909090909,7
151,3.0404243119266,0.166193181818182,7
151,4.00587729357798,0.194318181818181,7
151,4.90350031276063,0.235227272727272,7
151,5.86836686822352,0.255681818181818,7
151,6.90380004170141,0.299147727272727,7
151,8.00706317764804,0.329829545454545,7
151,8.97349353628023,0.370738636363636,7
151,10.0083402835696,0.406534090909091,7
151,11.0435779816513,0.447443181818182,7
151,11.9410055254378,0.485795454545454,7
151,13.182469766472,0.524147727272727,7
151,14.2869057547956,0.570170454545454,7
151,15.0459367180984,0.598295454545454,7
151,15.942386884904,0.623863636363636,7
151,17.114261884904,0.651988636363636,7
151,18.0101256255212,0.669886363636363,7
151,19.0443859466221,0.698011363636363,7
151,19.8718332985821,0.721022727272727,7
151,20.9741190575479,0.738920454545454,7
151,22.0075974770642,0.756818181818182,7
151,23.0410758965804,0.774715909090909,7
151,24.0047695996663,0.779829545454545,7
151,25.1066644078398,0.792613636363636,7
151,26.0015507714762,0.797727272727273,7
151,26.8960461843202,0.797727272727273,7
151,27.9973545663052,0.802840909090909,7
151,29.0296601334445,0.805397727272727,7
151,29.9929628857381,0.805397727272727,7
152,0.0,0.0,7
152,1.04032005838198,0.104829545454545,7
152,1.93872497914929,0.155965909090909,7
152,3.04218359049207,0.189204545454545,7
152,3.9394156588824,0.225,7
152,4.97387145537948,0.255681818181818,7
152,5.93971538782318,0.288920454545454,7
152,6.90555932026688,0.322159090909091,7
152,8.21583090075062,0.360511363636363,7
152,8.90664095079232,0.396306818181818,7
152,10.0108814637197,0.439772727272727,7
152,10.838719766472,0.467897727272727,7
152,11.9427648040033,0.508806818181818,7
152,12.9080223102585,0.534375,7
152,14.0120673477898,0.575284090909091,7
152,14.9083220391993,0.598295454545454,7
152,15.7361603419516,0.626420454545454,7
152,17.1138709341117,0.646875,7
152,18.2173295454545,0.680113636363636,7
152,18.8377684528774,0.695454545454545,7
152,19.8020485821517,0.708238636363636,7
152,20.9045298165137,0.728693181818182,7
152,22.213042118432,0.744034090909091,7
152,22.9015064637197,0.749147727272727,7
152,24.2098232902418,0.761931818181818,7
152,24.8978966847372,0.761931818181818,7
152,25.9995960175145,0.772159090909091,7
152,27.03209706005,0.777272727272727,7
152,27.926592472894,0.777272727272727,7
152,28.9588980400333,0.779829545454545,7
152,29.8537844036697,0.784943181818182,7
153,0.0,0.0,65
153,1.01138484999868,0.394352273026056,65
153,1.15667972550153,0.456619251702469,65
153,3.08858096915836,0.580963899771251,65
153,8.07325217574211,0.691115610128046,65
153,15.1860752504404,0.693755422922199,65
153,28.2723950253727,0.702626666316093,65
154,0.0,0.0,65
154,0.527986241400875,0.22560975609756,65
154,1.01751094434021,0.453252032520325,65
154,2.03877423389618,0.506097560975609,65
154,3.02095059412132,0.542682926829268,65
154,4.02462476547842,0.638211382113821,65
154,5.06636960600375,0.723577235772357,65
154,6.04776422764227,0.739837398373983,65
154,7.0483114446529,0.754065040650406,65
154,8.07027829893683,0.82520325203252,65
154,9.05300187617261,0.876016260162601,65
154,10.093574108818,0.930894308943089,65
154,11.114602876798,0.977642276422764,65
155,0.0,0.0,65
155,0.527126328955597,0.203252032520325,65
155,1.03603814884302,0.434959349593495,65
155,2.0181363352095,0.469512195121951,65
155,3.05863039399624,0.522357723577235,65
155,4.04213570981863,0.593495934959349,65
155,5.02454659161976,0.636178861788617,65
155,6.04690431519699,0.717479674796747,65
155,7.02876797998749,0.745934959349593,65
155,8.06902751719824,0.792682926829268,65
155,9.08911819887429,0.815040650406504,65
155,10.0329893683552,0.855691056910569,65
155,11.0560506566604,0.955284552845528,65
156,0.0,0.0,65
156,0.27353033145716,0.109756097560975,65
156,0.645403377110694,0.278455284552845,65
156,1.01626016260162,0.420731707317073,65
156,2.01751094434021,0.453252032520325,65
156,3.03869606003752,0.504065040650406,65
156,4.00140712945591,0.534552845528455,65
156,5.02360850531582,0.611788617886178,65
156,6.06378986866791,0.65650406504065,65
156,7.04721701063164,0.725609756097561,65
156,8.08716385240775,0.764227642276422,65
156,9.06879299562226,0.786585365853658,65
156,10.0901344590368,0.841463414634146,65
156,11.1131175734834,0.939024390243902,65
157,0.0,0.0,65
157,0.11749530956848,0.0528455284552844,65
157,0.370544090056285,0.132113821138211,65
157,0.511022514071294,0.284552845528455,65
157,1.03392745465916,0.380081300813008,65
157,2.01672920575359,0.432926829268292,65
157,3.07621951219512,0.479674796747967,65
157,4.07778298936835,0.520325203252032,65
157,5.08137898686679,0.613821138211382,65
157,6.0827861163227,0.65040650406504,65
157,7.06621325828643,0.719512195121951,65
157,8.10592557848655,0.752032520325203,65
157,9.06848030018761,0.778455284552845,65
157,10.0891963727329,0.817073170731707,65
157,11.0741869918699,0.926829268292682,65
158,0.0,0.0,65
158,0.0215107361963191,0.0470347648261757,65
158,0.277108895705521,0.257668711656441,65
158,1.00260736196319,0.488752556237218,65
158,1.94263803680981,0.533742331288343,65
158,3.01391871165644,0.578732106339468,65
158,4.01134969325153,0.644171779141104,65
158,5.04513036809815,0.689161554192229,65
158,6.05901073619631,0.713701431492842,65
158,7.01974693251533,0.793456032719836,65
158,8.01395705521472,0.80163599182004,65
158,9.06556748466257,0.830265848670756,65
158,10.0426380368098,0.867075664621676,65
158,11.0772239263803,0.926380368098159,65
159,0.0,0.0,65
159,0.0606211656441719,0.0756646216768915,65
159,0.139992331288344,0.153374233128834,65
159,0.393980061349693,0.335378323108384,65
159,0.641180981595091,0.396728016359918,65
159,0.947967791411043,0.517382413087934,65
159,1.26901840490797,0.558282208588957,65
159,2.00061349693251,0.56441717791411,65
159,3.01644938650306,0.623721881390593,65
159,3.99593558282208,0.703476482617586,65
159,5.04789110429447,0.738241308793456,65
159,6.08121165644171,0.775051124744376,65
159,7.03999233128834,0.820040899795501,65
159,8.07285276073619,0.848670756646216,65
159,9.06740797546012,0.862985685071574,65
159,10.0816334355828,0.893660531697341,65
159,11.07745398773,0.930470347648261,65
160,0.0,0.0,65
160,0.0796012269938652,0.0797546012269937,65
160,0.127569018404908,0.265848670756646,65
160,0.471280674846626,0.376278118609406,65
160,0.969018404907975,0.558282208588957,65
160,1.9823236196319,0.572597137014314,65
160,3.01587423312883,0.613496932515337,65
160,4.05241564417177,0.707566462167689,65
160,4.99267638036809,0.756646216768916,65
160,6.06280674846625,0.781186094069529,65
160,6.98431748466257,0.830265848670756,65
160,8.0930981595092,0.875255623721881,65
160,9.07005368098159,0.91002044989775,65
160,10.0641487730061,0.916155419222903,65
160,11.0968941717791,0.942740286298568,65
161,0.0,0.0,65
161,0.202575704838148,0.178018891702773,65
161,0.321867085948846,0.248391684770215,65
161,0.542266284191701,0.411914735288116,65
161,1.0082336137883,0.515354009385839,65
161,1.98020812079167,0.571086933038875,65
161,2.98502106412856,0.682714812103172,65
161,3.99134630387556,0.750864169377198,65
161,4.98028013490644,0.819016527239339,65
161,6.00385275514,0.891303695524323,65
161,6.99437089669575,0.913907125796656,65
161,7.98445695356289,0.94893299086621,65
161,8.94048033414549,0.963260799116627,65
161,10.0880972670643,0.969273977699629,65
161,10.9223087725194,0.98569319586639,65
162,0.0,0.0,65
162,0.167360802717332,0.190447327676224,65
162,0.354489479938067,0.310497857580085,65
162,0.541690171273569,0.42847798168441,65
162,0.989761993350696,0.546413096967005,65
162,2.01103016191173,0.684953250837164,65
162,3.00198038815607,0.695134246312277,65
162,3.95620341586951,0.761222199551112,65
162,4.97984805021784,0.831438962036559,65
162,5.98631731819436,0.895447507711511,65
162,6.99401082612192,0.92425915479434,65
162,7.96713755896155,0.946865585654788,65
162,8.95758368640253,0.971539421726658,65
162,9.98367680065293,0.971362387027857,65
162,10.9397001812355,0.985690195278274,65
163,0.0,0.0,65
163,0.116338802405271,0.157329836647983,65
163,0.13084964653072,0.240143068041336,65
163,0.320426803653516,0.289799800760949,65
163,0.559657692907809,0.411911734700001,65
163,0.991346303875559,0.500864169377198,65
163,1.94268876699833,0.649768354597501,65
163,2.96532520373993,0.748970798276462,65
163,3.97093030233926,0.837824213545855,65
163,4.99579917663862,0.872844077439178,65
163,5.98487703589903,0.936855623702245,65
163,6.92358102188029,0.949116026741241,65
163,8.00105620701657,0.971704454072998,65
163,8.99193441914615,0.983955855347648,65
163,9.94831787030258,0.987931634600381,65
163,10.9570195758368,0.987757600489696,65
164,0.0,0.0,65
164,0.0526393696483875,0.0881763527054108,65
164,0.548563035161231,0.182364729458917,65
164,1.01200127527782,0.370741482965931,65
164,2.0030971032975,0.51503006012024,65
164,2.99251912916742,0.561122244488978,65
164,4.00007970486427,0.671342685370741,65
164,4.95575241391874,0.737474949899799,65
164,6.06589314993623,0.865731462925851,65
164,7.05470030971032,0.875751503006011,65
164,7.99302013117143,0.923847695390781,65
164,9.01602067771907,0.939879759519038,65
164,10.022214884314,0.969939879759518,65
164,11.0452154308617,0.985971943887775,65
165,0.0,0.0,65
165,0.224426124977227,0.166332665330661,65
165,0.499305429039897,0.292585170340681,65
165,0.996458826744397,0.458917835671342,65
165,2.02256786299872,0.657314629258517,65
165,2.99460284204773,0.683366733466933,65
165,4.01838905082892,0.745490981963927,65
165,4.99243942430315,0.889779559118236,65
165,6.03248542539624,0.905811623246492,65
165,7.05545181271634,0.919839679358717,65
165,8.06164601931134,0.949899799599198,65
165,9.01673802149753,0.981963927855711,65
165,10.022590635817,0.991983967935871,65
165,11.011329477136,0.997995991983967,65
166,0.0,0.0,65
166,0.173153124430679,0.158316633266533,65
166,0.276211513936964,0.20440881763527,65
166,0.517614775004554,0.366733466933867,65
166,0.980199034432501,0.50501002004008,65
166,2.02185051922025,0.615230460921843,65
166,2.99508107123337,0.711422845691382,65
166,3.98590362543268,0.839679358717434,65
166,4.95865594826015,0.907815631262525,65
166,6.06705456367279,0.933867735470941,65
166,7.00486199672071,0.95190380761523,65
166,8.01098788486063,0.977955911823647,65
166,8.96560165786117,0.981963927855711,65
166,10.03967024959,0.993987975951903,65
166,10.9942157041355,0.993987975951903,65
167,0.0,0.0,65
167,0.138272368726316,0.156224295385999,65
167,0.521031207598372,0.283385240542459,65
167,0.981657890481646,0.470799558495792,65
167,1.96542487749664,0.499634423267552,65
167,2.9302099957115,0.526240676035742,65
167,4.02829001483397,0.579607848651232,65
167,4.9743463558327,0.610681870909231,65
167,6.01489022152543,0.641738317362785,65
167,7.01873580753791,0.701819447276101,65
167,7.9841114727821,0.744050590195513,65
167,8.98736651176524,0.788506829957607,65
167,9.93595376860398,0.886544667149415,65
167,11.0905575748201,0.935437039953318,65
168,0.0,0.0,65
168,0.34597619533046,0.1517213742873,65
168,0.481380192771423,0.23428547324611,65
168,0.998108843441763,0.406064355565554,65
168,2.05873130813197,0.468367067160663,65
168,2.98799924072524,0.555247783691059,65
168,3.9714287722949,0.575154139804978,65
168,4.97426199197137,0.608449743744771,65
168,6.01404658291209,0.619417045718182,65
168,7.02033872090325,0.744229863400847,65
168,8.00393698019558,0.768600473843687,65
168,9.04642121469899,0.850995845079829,65
168,10.0877243551437,0.902141436013526,65
168,11.0157268298169,0.955540245077017,65
169,0.0,0.0,65
169,0.157169873665117,0.15622078022511,65
169,0.311724467628883,0.245477745516412,65
169,0.486104569006123,0.359284594455888,65
169,0.983345167708325,0.515442101784998,65
169,1.98584093193945,0.539809197066949,65
169,3.06536090156846,0.60210839350117,65
169,3.97530950991626,0.677831989370153,65
169,5.07296770973207,0.720038526163342,65
169,6.07740384277388,0.79574454622788,65
169,7.08006833472767,0.824575895838752,65
169,8.04586581927854,0.877967674580465,65
169,9.04895213053901,0.917959660013638,65
169,10.0892429046477,0.942319724973811,65
169,11.016739196153,0.98232577105054,65
170,0.0,0.0,25
170,0.80857741458895,0.530516765022578,25
170,1.05304124270677,0.528400791299049,25
170,1.72564543458844,0.511823577038972,25
170,2.0005968131015,0.511748453711509,25
170,2.82401108486431,0.558654624675509,25
170,4.98944099897331,0.676915436174386,25
170,5.99709523133811,0.693033563433303,25
170,7.00531288865888,0.690708913800155,25
171,0.0,0.0,25
171,0.87612580653239,0.319432735407293,25
171,1.05792425899184,0.368563391567823,25
171,1.75869969867198,0.429847332704523,25
171,2.03233641895445,0.472805355458544,25
171,2.82532574309491,0.515621478594025,25
171,4.98981661561062,0.664620251579676,25
171,5.99765865629408,0.674590786541238,25
171,7.03705249451182,0.651765815547189,25
172,0.0,0.0,25
172,0.812145772643423,0.413712511372837,25
172,1.05629658689682,0.421842524811565,25
172,1.76020216522123,0.380666594325684,25
172,2.03502833818852,0.384689865863125,25
172,2.79909518125589,0.374235202791249,25
172,4.9955134679432,0.47814328522658,25
172,6.00210345316895,0.529097768837174,25
172,6.94809395424154,0.563675367060925,25
172,7.95499695333171,0.604383863509261,25
172,9.02337587539544,0.632780481290118,25
172,11.9870537465672,0.621724831598541,25
173,0.0,0.0,17
173,0.146287229163315,0.0809766569574083,17
173,0.956966292944259,0.166037926140797,17
173,2.95379177362459,0.249134931478889,17
173,6.94504143444089,0.364721533182371,17
173,11.0781599314188,0.470193856992947,17
173,13.9759533763486,0.541190708887933,17
173,18.1561373639963,0.638568248563422,17
173,21.195703593066,0.697426526206593,17
173,25.092726220521,0.827178399821343,17
173,28.1344055940697,0.93057119736049,17
173,32.1212368618844,0.953040166554205,17
173,35.1116244558052,0.975458708436489,17
174,0.0,0.0,17
174,0.909708698230963,0.170084117558069,17
174,3.04869117113828,0.249139734079977,17
174,7.08681421858078,0.352582958930557,17
174,11.0293655043571,0.441851306667691,17
174,14.0697962016228,0.518928251541034,17
174,18.059797186156,0.608199000578713,17
174,21.2906990426014,0.69945562516659,17
174,25.0491186026351,0.908147852877118,17
174,28.1831039691096,0.956889451326838,17
174,31.9800403898751,0.977324518959468,17
174,35.0179737345746,1.0017697585012,17
175,0.0,0.0,17
175,1.0124843615302,0.336081221589613,17
175,2.91709990130654,0.475853722376039,17
175,7.10026150162928,0.635984449177674,17
175,11.0917993185109,0.757643939957881,17
175,14.037234566241,0.832691785871228,17
175,18.0737247293134,0.901721972620371,17
175,21.1603564490528,0.952485466128455,17
175,25.1477640289981,0.987100213475618,17
175,28.1845447494363,0.987253896710458,17
175,32.2180572998335,0.993530896333454,17
175,35.1604188828669,1.00380125876174,17
176,0.0,0.0,17
176,0.340120209105252,0.166006709233721,17
176,1.057820915808,0.291549102994181,17
176,2.96234040356257,0.429297307421699,17
176,7.05319601095953,0.644079233312762,17
176,11.0989071681222,0.907441870517072,17
176,14.0421332193516,0.935930900175535,17
176,18.029060539188,0.960424165728158,17
176,20.9241645275081,0.974740719573721,17
176,25.24256737449,0.985080719717799,17
176,28.0899335079879,0.993321983186093,17
176,32.1230618502981,0.991501797373457,17
176,35.1128731320883,1.00177456110229,17
177,0.0,0.0,6
177,0.0250626566416165,0.0280226428139314,6
177,0.116959064327543,0.088397178290554,6
177,0.250626566416165,0.157405907008901,6
177,0.509607351712869,0.22214480165932,6
177,0.985797827903584,0.289109087373606,6
177,1.50375939849699,0.36686273874341,6
177,1.99665831244878,0.395039322444041,6
177,2.48955722640057,0.468474526834327,6
177,2.99916457811344,0.552690994728199,6
177,4.0016708437781,0.634911632529599,6
177,5.5054302422751,0.66125983061101,6
177,5.98997493734635,0.708830265318468,6
178,0.0,0.0,13
178,0.183317559412688,0.195009073622242,13
178,0.971615625732618,0.389896586755116,13
178,1.95234828816782,0.529508808794033,13
178,2.90234351257716,0.636325747379937,13
178,3.91622311559534,0.732914239074751,13
178,4.89936528058765,0.796707447316552,13
178,5.94652206757026,0.846173883597148,13
178,6.9309015446865,0.871033003672863,13
178,7.97890491364863,0.893860326997716,13
178,8.99545450598685,0.906433154755185,13
178,10.9653856506525,0.919266469275586,13
178,12.9356424037718,0.9218539711207,13
178,17.9565898809575,0.929373355677308,13
179,0.0,0.0,13
179,0.992706237424549,0.232380952380952,13
179,1.95900402414486,0.35047619047619,13
179,3.02515090543259,0.424761904761904,13
179,3.97811871227364,0.441904761904761,13
179,4.82746478873239,0.474285714285714,13
179,6.04778672032193,0.516190476190476,13
179,7.0553319919517,0.546666666666666,13
179,8.0077967806841,0.559999999999999,13
179,9.06614688128772,0.575238095238095,13
179,9.96579476861166,0.588571428571428,13
179,12.0829979879275,0.622857142857142,13
179,14.1453722334004,0.641904761904761,13
179,16.1549295774647,0.660952380952381,13
179,18.1114185110664,0.678095238095238,13
179,20.1730382293762,0.691428571428571,13
179,23.0271629778672,0.706666666666666,13
179,26.0907947686116,0.708571428571428,13
179,30.1068913480885,0.723809523809523,13
180,0.0,0.0,13
180,0.953470824949699,0.335238095238095,13
180,2.04099597585513,0.571428571428571,13
180,3.06237424547283,0.706666666666666,13
180,3.91197183098591,0.74095238095238,13
180,4.97208249496982,0.769523809523809,13
180,6.13556338028169,0.78095238095238,13
180,6.93058350100603,0.801904761904761,13
180,8.0407444668008,0.809523809523809,13
180,9.09808853118712,0.817142857142857,13
180,10.260814889336,0.822857142857142,13
180,12.0573440643863,0.828571428571428,13
180,14.1174547283702,0.83047619047619,13
180,16.0188631790744,0.83047619047619,13
180,18.078722334004,0.83047619047619,13
180,20.0855130784708,0.828571428571428,13
180,23.0430080482897,0.826666666666666,13
180,26.1066398390342,0.828571428571428,13
180,30.1207243460764,0.828571428571428,13
181,0.0,0.0,13
181,1.00276659959758,0.308571428571428,13
181,2.08501006036217,0.504761904761904,13
181,3.05281690140845,0.634285714285714,13
181,3.96353118712273,0.731428571428571,13
181,5.12676056338028,0.74095238095238,13
181,6.18838028169014,0.78095238095238,13
181,7.14361167002012,0.815238095238095,13
181,8.09582494969818,0.826666666666666,13
181,9.15342052313883,0.836190476190476,13
181,10.0520623742454,0.841904761904761,13
181,12.1129275653923,0.849523809523809,13
181,14.1197183098591,0.847619047619047,13
181,16.0739436619718,0.847619047619047,13
181,18.0284205231388,0.849523809523809,13
181,20.088782696177,0.853333333333333,13
181,23.099597585513,0.855238095238095,13
181,26.1104124748491,0.857142857142857,13
181,30.1244969818913,0.857142857142857,13
182,0.0,0.0,39
182,0.246535610699323,0.160812117305833,39
182,0.778847794354609,0.303880495156489,39
182,1.11623476332202,0.366514378874334,39
182,1.79171958825425,0.506663380788989,39
182,2.22436541487365,0.563382684688441,39
182,2.70748421830865,0.676669636594566,39
182,3.13956133533013,0.721483952910845,39
182,3.85897897670186,0.781293245625675,39
182,4.1939489298781,0.79333093211503,39
182,6.77589050444541,0.841974559723986,39
182,7.2064036700726,0.854050160186536,39
182,7.78008947697674,0.863206384713086,39
182,8.25737900703304,0.854467213891679,39
182,8.78286667551325,0.854675740744251,39
182,9.83327330287577,0.84318780686622,39
182,10.167958901253,0.849272999563989,39
182,10.7412181759587,0.849500483403158,39
182,11.075619419537,0.84963318230934,39
182,13.8463725806145,0.850732687531989,39
183,0.0,0.0,39
183,0.21238168823643,0.386227544910179,39
183,0.808528105080164,0.706586826347305,39
183,1.1002994011976,0.736526946107784,39
183,1.87579679350975,0.763473053892215,39
183,5.74951709484256,0.820359281437125,39
183,6.28192003090593,0.823353293413173,39
183,6.8628549352907,0.829341317365269,39
183,7.97590303264438,0.832335329341317,39
183,8.94378983967548,0.835329341317365,39
183,11.9924666795441,0.841317365269461,39
183,12.9118215182538,0.841317365269461,39
183,13.8797083252849,0.844311377245509,39
184,0.0,0.0,65
184,0.3125,0.055282925041876,65
184,2.5,0.075429229480737,65
184,5.3125,0.0905634945561137,65
184,7.5,0.115734924623115,65
184,8.75,0.133349036850921,65
184,9.0625,0.168531459380234,65
184,10.3125,0.196195822864321,65
184,12.8125,0.21383610762144,65
184,14.6875,0.236488431742043,65
184,17.8125,0.254141802763819,65
184,19.3749999999999,0.271762458123953,65
184,21.5624999999999,0.289396199748743,65
184,23.1249999999999,0.304504292294807,65
184,26.875,0.32719587520938,65
184,28.4374999999999,0.344816530569514,65
184,30.9374999999999,0.354919126884422,65
184,33.4374999999999,0.385122225711892,65
184,36.5624999999999,0.390212782663316,65
184,38.4374999999999,0.405327418341708,65
184,40.9374999999999,0.415430014656616,65
184,42.1874999999999,0.430531564070351,65
184,44.3749999999999,0.445652742881071,65
184,49.6874999999999,0.463351915829145,65
184,51.8749999999999,0.475960531825795,65
184,54.9999999999999,0.48858877721943,65
184,55.9374999999999,0.496146095058626,65
184,57.8124999999999,0.511260730737018,65
184,62.1874999999999,0.526427711474036,65
184,64.0625,0.539029784338358,65
184,66.5624999999999,0.549132380653266,65
184,68.7499999999999,0.559228433835845,65
184,70.9374999999999,0.569324487018425,65
184,72.8124999999999,0.579413997068676,65
184,74.6874999999999,0.584478381490787,65
184,76.8749999999999,0.592061871859296,65
184,79.6875,0.607196136934673,65
184,81.5624999999999,0.607235395728643,65
184,84.3749999999999,0.607294283919597,65
184,87.4999999999999,0.609872278056951,65
184,89.9999999999999,0.609924623115577,65
184,92.8124999999999,0.620033762562813,65
184,95.6249999999999,0.617580087939698,65
184,99.9999999999999,0.620184254606365,65
184,103.749999999999,0.620262772194304,65
184,108.124999999999,0.6203543760469,65
184,111.562499999999,0.620426350502512,65
184,117.812499999999,0.623069775963148,65
185,0.0,0.0,79
185,1.01724707047367,0.195180722891566,79
185,3.01287341145403,0.346987951807228,79
185,6.95832645651097,0.542168674698795,79
185,10.0894124442977,0.590361445783132,79
185,14.0915580128734,0.681927710843373,79
185,21.1281152005281,0.703614457831325,79
185,28.1119409143423,0.751807228915662,79
186,0.0,0.0,83
186,1.1192018743194,0.0545851528384278,83
186,3.24761035275482,0.104803493449781,83
186,5.62680804725396,0.159388646288209,83
186,7.2514381881579,0.209606986899563,83
186,10.0084696358056,0.264192139737991,83
186,15.3993378284733,0.362445414847161,83
186,19.9168435757262,0.427947598253275,83
186,25.9385346430103,0.521834061135371,83
186,45.8905767052016,0.812227074235808,83
187,0.0,0.0,64
187,0.867626212114622,0.193103448275862,64
187,2.8843762229856,0.232183908045977,64
187,6.69823020393964,0.236781609195402,64
187,14.0096186459103,0.259770114942528,64
187,21.111588468061,0.305747126436781,64
187,28.00560073053,0.388505747126436,64
187,34.9015610731834,0.489655172413793,64
187,41.9051528460233,0.606896551724137,64
187,48.9055789885637,0.694252873563218,64
187,55.9120928816802,0.839080459770114,64
187,63.1175544636257,0.862068965517241,64
187,69.7950863156064,0.901149425287356,64
187,76.9978692872983,0.898850574712643,64
187,84.1987041788059,0.878160919540229,64
188,0.0,0.0,16
188,0.978823683825875,0.130133369924798,16
188,3.00817640268111,0.236748768766798,16
188,4.96105693651877,0.379828358186694,16
188,7.03148556377206,0.541128110896003,16
188,10.0011216079562,0.790900657154874,16
188,14.0168241193438,0.899968081901244,16
188,17.95179472188,0.936125023491124,16
188,20.9512488329012,0.951520285890708,16
188,23.9502972559384,0.956498912696542,16
188,27.0661838184188,0.961468590502725,16
188,29.9871373045016,0.96124486551145,16
188,32.0904266584733,0.966292101314608,16
188,33.9596340455742,0.960940599523316,16
189,0.0,0.0,37
189,0.379403793658535,0.0614215172826575,37
189,0.542005419512194,0.0909052820589557,37
189,0.650406503414633,0.184180757144994,37
189,0.975609755121951,0.225970372587161,37
189,2.16802167804877,0.290037408349543,37
189,3.19783197512195,0.341798593446057,37
189,4.11924118829268,0.415621726769415,37
189,5.20325202731707,0.457578931617537,37
189,6.01626015658536,0.50193027083645,37
189,8.13008129268292,0.595648660781086,37
189,10.0813008029268,0.662337273679485,37
189,14.0379403653658,0.722106838246296,37
189,17.9945799278048,0.776968427352985,37
189,24.0650406263414,0.849474786772407,37
189,31.9783197512195,0.892940296274128,37
190,0.0,0.0,6
190,0.119658119658119,0.407619658119658,6
190,0.256410256410256,0.46775641025641,6
190,0.495726495726495,0.525495726495726,6
190,1.0,0.6185,6
190,1.51282051282051,0.67151282051282,6
190,1.99999999999999,0.732,6
190,2.52991452991453,0.740029914529914,6
190,3.01709401709401,0.775517094017093,6
190,3.52991452991453,0.803529914529914,6
190,4.02564102564102,0.826525641025641,6
190,4.52136752136752,0.852021367521367,6
190,5.01709401709401,0.870017094017093,6
191,0.0,0.0,6
191,0.119658119658119,0.365119658119658,6
191,0.239316239316239,0.445239316239316,6
191,0.487179487179487,0.510487179487179,6
191,0.991452991452991,0.583491452991453,6
191,1.5042735042735,0.649004273504273,6
191,2.008547008547,0.704508547008547,6
191,2.52136752136752,0.752521367521367,6
191,3.008547008547,0.778008547008547,6
191,3.49572649572649,0.808495726495726,6
191,4.0,0.828999999999999,6
191,4.5042735042735,0.842004273504273,6
191,5.01709401709401,0.860017094017093,6
192,0.0,0.0,6
192,0.111111111111111,0.475111111111111,6
192,0.247863247863247,0.585247863247863,6
192,0.495726495726495,0.650495726495726,6
192,0.982905982905983,0.693482905982906,6
192,1.49572649572649,0.711495726495726,6
192,2.01709401709401,0.729517094017094,6
192,2.52136752136752,0.767521367521367,6
192,3.01709401709401,0.790517094017094,6
192,3.5042735042735,0.803504273504273,6
192,4.01709401709401,0.826517094017094,6
192,4.51282051282051,0.84451282051282,6
192,5.01709401709401,0.860017094017093,6
193,0.0,0.0,6
193,0.111111111111111,0.525111111111111,6
193,0.247863247863247,0.685247863247863,6
193,0.495726495726495,0.762995726495726,6
193,1.008547008547,0.803508547008546,6
193,1.51282051282051,0.81401282051282,6
193,2.008547008547,0.847008547008547,6
193,2.51282051282051,0.86001282051282,6
193,3.0,0.863,6
193,3.5042735042735,0.876004273504273,6
193,4.0,0.8815,6
193,4.5042735042735,0.889504273504273,6
193,5.01709401709401,0.895017094017094,6
194,0.0,0.0,6
194,0.119658119658119,0.560119658119658,6
194,0.247863247863247,0.737747863247863,6
194,0.504273504273504,0.835504273504273,6
194,0.991452991452991,0.938491452991453,6
194,1.51282051282051,0.96151282051282,6
194,2.008547008547,0.989508547008547,6
194,2.5042735042735,0.997504273504273,6
194,2.98290598290598,1.0079829059829,6
194,3.5042735042735,1.02350427350427,6
194,4.008547008547,1.03150854700854,6
194,4.5042735042735,1.03950427350427,6
194,5.008547008547,1.03500854700854,6
195,0.0,0.0,65
195,1.01722637375829,0.399477806788511,65
195,2.02469913868131,0.45953002610966,65
195,3.03322229224813,0.556135770234987,65
195,7.05921190840611,0.660574412532637,65
195,18.0089883256805,0.712793733681462,65
196,0.0,0.0,31
196,0.926829268292683,0.578494623655914,31
196,4.0,0.772043010752688,31
196,6.92682926829268,0.881720430107526,31
196,14.0487804878048,0.941935483870967,31
196,20.9268292682926,0.956989247311828,31
196,28.1463414634146,0.976344086021505,31
197,0.0,0.0,31
197,1.07317073170731,0.41505376344086,31
197,3.95121951219512,0.735483870967741,31
197,6.97560975609756,0.782795698924731,31
197,13.9512195121951,0.834408602150537,31
197,20.8780487804878,0.834408602150537,31
197,28.0,0.881720430107526,31
198,0.0,0.0,31
198,0.926829268292683,0.129032258064516,31
198,3.90243902439024,0.498924731182795,31
198,6.92682926829268,0.604301075268817,31
198,13.9024390243902,0.606451612903225,31
198,20.9268292682926,0.634408602150537,31
198,28.0487804878048,0.744086021505376,31
199,0.0,0.0,31
199,1.10388944703011,0.184166102830117,31
199,4.03870994197609,0.531209207279984,31
199,6.93816250794497,0.609189510589875,31
199,13.8998011194718,0.735324872367908,31
199,20.8660529391261,0.766120599512025,31
199,28.0745494433395,0.790526179101825,31
200,0.0,0.0,31
200,0.909212064051832,0.207498684381385,31
200,3.90400426465462,0.31512653859034,31
200,6.89807885510425,0.437585002631237,31
200,13.7641728005248,0.538310130605048,31
200,21.1132183790211,0.658034841681531,31
200,27.9859758472925,0.621047164073018,31
201,0.0,0.0,31
201,1.00926742254936,0.139687942099112,31
201,4.10021938367539,0.260014078827766,31
201,7.04406126340393,0.420615231104641,31
201,13.9607979824903,0.474723036652793,31
201,20.8754843868533,0.571204013149351,31
201,27.9376909355586,0.618935339908009,31
202,0.0,0.0,31
202,0.97297481770231,0.392367575848352,31
202,3.95173614139399,0.769009961435933,31
202,6.96360113303275,0.805518794768634,31
202,14.0898766480735,0.855944061247473,31
202,21.1149072680183,0.888221085481785,31
202,28.0386929928673,0.90234986747157,31
203,0.0,0.0,31
203,1.02041203259554,0.337949392720226,31
203,3.90179624370063,0.77354133408161,31
203,6.86508643735519,0.841792527595869,31
203,13.992727052105,0.91942878161059,31
203,21.017871430359,0.953973388139558,31
203,28.0919318815245,0.963578381370939,31
204,0.0,0.0,79
204,1.003256003256,0.261904761904762,79
204,2.91932347487903,0.343915343915344,79
204,4.96608329941663,0.396825396825396,79
204,7.008547008547,0.5,79
204,10.0323339212228,0.621693121693121,79
204,14.0026228915117,0.669312169312169,79
204,20.8791208791208,0.714285714285714,79
204,27.8858589969701,0.735449735449735,79
205,0.0,0.0,79
205,0.96232985121874,0.24074074074074,79
205,3.04662415773526,0.354497354497354,79
205,5.09112286890064,0.433862433862434,79
205,6.96287251842807,0.534391534391534,79
205,9.90819879708768,0.574074074074074,79
205,13.8310043865599,0.677248677248677,79
205,20.9236648125537,0.693121693121693,79
205,27.8433500655722,0.732804232804232,79
206,0.0,0.0,67
206,0.160583986438346,0.401985111662531,67
206,0.895603518168194,0.524069478908188,67
206,2.04419821634768,0.562779156327543,67
206,2.97075768370881,0.589578163771712,67
206,4.0096245976955,0.601488833746898,67
206,6.82882711348057,0.643176178660049,67
206,10.0553399012357,0.70272952853598,67
206,15.0566604427192,0.881389578163771,67
206,19.9127828415595,1.00645161290322,67
206,27.9303736825295,1.04218362282878,67
207,0.0,0.0,67
207,1.05462128098665,0.354342431761786,67
207,2.01720389160504,0.399007444168734,67
207,2.90571333808318,0.440694789081885,67
207,4.05578212908139,0.455583126550868,67
207,6.98600226027565,0.503225806451612,67
207,9.98697884676805,0.607444168734491,67
207,15.0235854850993,0.815880893300248,67
207,19.9125985799572,1.00942928039702,67
207,27.8917708768395,1.06600496277915,67
208,0.0,0.0,67
208,0.914213940004422,0.223325062034739,67
208,1.98781416603198,0.27394540942928,67
208,2.98844679753335,0.303722084367245,67
208,3.98981647544407,0.321588089330024,67
208,6.99503107879026,0.357320099255583,67
208,9.99656045008967,0.452605459057071,67
208,14.9234393042281,0.63424317617866,67
208,19.9593088961501,0.854590570719603,67
208,28.0108960027516,0.940942928039702,67
209,0.0,0.0,67
209,0.233581849341882,0.169396862956615,67
209,0.92815074511305,0.209654716439464,67
209,1.91023845357506,0.212619509521613,67
209,2.96557603806905,0.221332938955536,67
209,3.87467485580561,0.221419934057712,67
209,6.89418785722364,0.236062949655934,67
209,10.0685521405144,0.354070065855292,67
209,14.9200949986515,0.521041505363248,67
209,20.0295783347397,0.725358202333208,67
209,28.0003305813882,0.803632915466859,67
210,0.0,0.0,67
210,0.245587173442134,0.3014554280594,67
210,1.04689905958294,0.315886175608313,67
210,1.9559978773195,0.315973170710489,67
210,3.04874335574907,0.336173433435697,67
210,3.99472809680814,0.342005585085559,67
210,6.97918207204934,0.370999312738692,67
210,9.89586686269563,0.454532009847845,67
210,15.076251207057,0.638759797823382,67
210,20.1148335348719,0.863165403787766,67
210,28.0871516933596,0.958665147152215,67
211,0.0,0.0,67
211,0.187816163042399,0.256144138256968,67
211,0.364342351698747,0.305098867501794,67
211,0.942319024919627,0.354130613626153,67
211,1.95859175802696,0.400368747483823,67
211,3.12329702259745,0.426491472714436,67
211,4.1079753312601,0.432435775507465,67
211,7.02306422157522,0.470405097117118,67
211,9.92940119376163,0.580315185744875,67
211,15.0806051659655,0.837418534228751,67
211,20.0247387552438,0.996640430360987,67
211,27.9035655314456,1.03268432998232,67
212,0.0,0.0,67
212,1.53709938094765,0.26503608707575,67
212,7.04056805783267,0.326523563080908,67
212,10.0549912189088,0.447965179035071,67
212,15.1679493088901,0.719449679388066,67
212,19.881907451383,0.970713748096457,67
212,28.0134021039611,1.0298277039051,67
213,0.0,0.0,67
213,0.592067261408124,0.233200109690707,67
213,1.16899370445355,0.290864747857238,67
213,2.0062897118285,0.308291567235152,67
213,3.06080832715836,0.340148549223704,67
213,4.08128198096749,0.351855114912685,67
213,7.10900805759929,0.363946764999329,67
213,10.0848352597277,0.502647163503334,67
213,15.012515242924,0.797117701629607,67
213,19.9513976813251,0.999504057972705,67
213,28.0141022574114,1.02407244254365,67
214,0.0,0.0,67
214,1.16304240012602,0.33978446942955,67
214,2.21511047837984,0.391784866183171,67
214,3.12574755967349,0.406348057949367,67
214,4.1079753312601,0.432435775507465,67
214,7.09640529549393,0.4675414695054,67
214,10.0427385335285,0.548682252860418,67
214,15.0956584651469,0.713680414957611,67
214,20.0380416707995,0.887290464493468,67
214,27.9758563751888,1.03845359441277,67
215,0.0,0.0,65
215,2.92112294920347,0.268607600100627,65
215,6.01888806543511,0.39138682458848,65
215,8.96397805231273,0.489546292078299,65
215,12.0084037612951,0.587692161248869,65
215,15.002855647042,0.683791483372655,65
215,18.0978671036259,0.788090592002828,65
215,21.0374497712082,0.849289827777286,65
215,24.2235359709539,0.898134990515172,65
216,0.0,0.0,38
216,0.494953096714027,0.601610071863514,38
216,3.98389928136485,0.70929562784574,38
216,14.0857973558615,0.799272450490976,38
216,21.2085139064128,0.813453151571671,38
216,28.0230676394755,0.819655493993088,38
216,55.6984749574853,0.824558395962477,38
217,0.0,0.0,38
217,0.560370837676229,0.284879176038181,38
217,3.9139557847386,0.547938724011191,38
217,7.07005321191507,0.767167014098414,38
217,13.7578857863843,0.886910966043118,38
217,20.8711393932744,0.946908086016786,38
217,28.0971254594327,0.961092215700257,38
217,56.0761698392671,0.995885676669043,38
218,0.0,0.0,40
218,0.914329118130512,0.435089634873632,40
218,3.14945079724894,0.567133286255986,40
218,6.08384910721173,0.680541429054635,40
218,9.97658396482253,0.858593495018306,40
218,13.102678068088,0.985467341573847,40
218,16.9233489796281,1.00511402410439,40
218,20.1062682103289,1.00314152281372,40
219,0.0,0.0,65
219,0.184458340173412,0.119177100899905,65
219,1.14816362469592,0.1885056785112,65
219,2.01337173728117,0.277229244705776,65
219,4.04241347918874,0.35769247989016,65
219,6.94852776575581,0.379997612189771,65
219,9.95157222379751,0.40230722163356,65
219,14.0221917113137,0.408037966182637,65
219,17.2190965123046,0.430356529914784,65
219,21.0922739415284,0.480419956123986,65
219,23.1269121136597,0.491599385138865,65
219,24.8703120569492,0.508308087214768,65
219,28.0643067142238,0.566654230155058,65
219,29.9030698285253,0.602766875102601,65
219,31.935917142985,0.636117122091721,65
219,35.0338770576208,0.683373378900711,65
219,36.7754861432387,0.722252898950855,65
219,38.8074380288626,0.766688554927097,65
219,42.1961884579223,0.813958243168624,65
219,43.9380214007491,0.850066410971987,65
219,46.0673511722655,0.888963839598847,65
219,48.971674601161,0.933439789872699,65
219,51.0049696300386,0.961247332368259,65
219,52.9402152013968,1.00290715895354,65
220,0.0,0.0,41
220,0.0773870490497325,0.264851485148514,41
220,0.133691817457607,0.366336633663366,41
220,0.134147035393194,0.326732673267326,41
220,0.19093547285763,0.386138613861386,41
220,0.282548082394446,0.415841584158415,41
220,1.00452372823489,0.603960396039603,41
220,1.28010128599066,0.628712871287128,41
220,2.01499374075338,0.693069306930693,41
220,2.27930465460339,0.698019801980198,41
220,3.19847501991578,0.73019801980198,41
221,0.0,0.0,2
221,5.0973907349501,0.0967596524775918,2
221,9.90894381468002,0.197438659258169,2
221,15.1597872350521,0.365828544856677,2
221,20.1202378184475,0.506308452234648,2
221,30.1669758812616,0.666029257552823,2
222,0.0,0.0,35
222,1.06964453062338,0.61869063667039,35
222,3.1895714723935,0.806066422201146,35
222,6.26623477132717,0.897292398960974,35
222,10.1351689823348,0.927534453597048,35
222,13.318098797466,0.981254203803193,35
222,17.2429805281243,1.00446173026428,35
223,0.0,0.0,3
223,0.967868338557994,0.357758620689655,3
223,2.01186744290192,0.474137931034482,3
223,3.91802881027019,0.506465517241379,3
223,6.0423197492163,0.577586206896551,3
223,7.99158456486042,0.605603448275862,3
223,10.02789595462,0.644396551724138,3
223,11.9763210927004,0.65301724137931,3
223,14.0116995073891,0.670258620689655,3
223,16.1335647111509,0.685344827586207,3
223,18.1691297208538,0.706896551724138,3
223,20.0743581131512,0.717672413793103,3
223,22.1095499328257,0.730603448275862,3
223,24.0591879384982,0.767241379310344,3
223,26.0516494999253,0.793103448275862,3
223,28.0002612330198,0.80603448275862,3
223,30.0369458128078,0.853448275862069,3
224,0.0,0.0,87
224,0.418760469011724,0.0164835164835162,87
224,0.753768844221105,0.0247252747252746,87
224,1.29815745393634,0.0219780219780219,87
224,1.59128978224455,0.0274725274725271,87
224,2.01005025125628,0.0384615384615381,87
224,2.38693467336683,0.0467032967032967,87
224,2.72194304857621,0.0631868131868129,87
224,3.14070351758793,0.0906593406593405,87
224,3.51758793969849,0.107142857142857,87
224,3.89447236180904,0.123626373626373,87
224,4.1038525963149,0.134615384615384,87
224,4.35510887772194,0.156593406593406,87
224,4.60636515912897,0.178571428571428,87
224,4.81574539363484,0.197802197802197,87
224,5.06700167504187,0.228021978021977,87
224,6.03015075376884,0.313186813186812,87
224,7.03517587939698,0.357142857142857,87
224,8.08207705192629,0.467032967032966,87
224,9.08710217755443,0.486263736263736,87
224,10.0502512562814,0.494505494505494,87
224,11.0134003350083,0.505494505494505,87
224,12.0603015075376,0.508241758241758,87
224,13.0653266331658,0.516483516483516,87
224,14.1541038525963,0.516483516483516,87
224,14.9916247906197,0.521978021978021,87
224,16.1222780569514,0.524725274725274,87
224,17.1691792294807,0.535714285714285,87
224,18.0485762144053,0.549450549450549,87
224,19.1373534338358,0.56043956043956,87
224,20.1005025125628,0.582417582417582,87
224,21.1055276381909,0.596153846153846,87
224,22.110552763819,0.598901098901098,87
224,23.0318257956448,0.601648351648351,87
224,24.0787269681742,0.609890109890109,87
224,25.1675041876046,0.612637362637362,87
225,0.0,0.0,65
225,2.79475982532751,0.326496711413014,65
225,4.71615720524017,0.328885654213165,65
225,6.89956331877729,0.470173594263841,65
225,9.17030567685589,0.451742681546175,65
225,13.1004366812227,0.627820232896652,65
225,19.9126637554585,0.713731198447355,65
225,24.0174672489083,0.841204377594479,65
225,25.9388646288209,0.836648875950186,65
225,31.17903930131,0.84611030244218,65
226,0.0,0.0,65
226,1.39737991266375,0.173665022373173,65
226,2.18340611353712,0.169065717828454,65
226,4.62882096069869,0.21082672920373,65
226,7.07423580786026,0.21555070354197,65
226,9.25764192139738,0.227209013963016,65
226,13.1004366812227,0.292172084748504,65
226,20.0873362445414,0.401237937355113,65
226,24.1921397379912,0.5541740794652,65
226,28.2096069868995,0.614514259528815,65
226,32.0524017467249,0.760495848832821,65
226,35.0218340611353,0.834684484338778,65
226,40.2620087336244,0.844145910830772,65
226,44.0174672489083,0.844290797347566,65
226,48.0349344978166,0.849075421855625,65
226,53.1877729257641,0.842329775190037,65
227,0.0,0.0,11
227,0.338852959343094,0.09265886712931,11
227,0.624704792355485,0.109308578279984,11
227,1.08250372415797,0.128347200523198,11
227,3.1450514115467,0.171265850379682,11
227,5.09423936344148,0.190422555680703,11
227,7.21455691603386,0.226219888820259,11
227,8.93416415361697,0.247733713621334,11
227,11.1697489372524,0.2740389855757,11
227,13.117029393598,0.326449696617374,11
227,15.1769883370272,0.414498782836173,11
227,17.1208625513207,0.526291646986156,11
227,19.0071031500926,0.642830541728735,11
227,21.0103822257748,0.718998655669803,11
227,23.0738836609381,0.74529030265596,11
227,24.9638030011263,0.797696472041565,11
227,27.0292119318388,0.790734113287068,11
227,28.9209025178941,0.812261563056352,11
227,30.986992697017,0.793422773680194,11
227,32.9369981470043,0.798327762235221,11
228,0.0,0.0,11
228,1.31658067797841,0.0476056389201757,11
228,3.20745376594121,0.083384805435454,11
228,5.09955310104276,0.0977863968317408,11
228,7.21973440395305,0.135959016095629,11
228,8.9972477564219,0.147976238055444,11
228,11.2332412891036,0.167155651636812,11
228,13.0652545144061,0.229058423863677,11
228,14.9434563819351,0.485739199941866,11
228,16.9347454855938,0.770932492824183,11
228,18.9918431856992,0.908862587653962,11
228,20.7678577916651,0.947007956981433,11
228,22.8918540856738,0.918672564764015,11
228,25.0695327544235,0.95447443955964,11
228,26.906450968281,0.93086691131054,11
228,29.0275860189659,0.952412527704101,11
228,30.8635504850488,0.945432002325327,11
228,32.9285506667151,0.945595501943828,11
229,0.0,0.0,11
229,1.20403844057697,0.00959197761871899,11
229,3.15309014278966,0.0311239690440723,11
229,5.21713657668132,0.0479144715328996,11
229,7.16618827889401,0.069446462958253,11
229,9.17300984631035,0.0838571376666788,11
229,11.1221977982051,0.103013842967699,11
229,13.0685245067761,0.1720515568797,11
229,15.1215347164189,0.38124023543945,11
229,17.1727736801947,0.621307633615521,11
229,19.0038331577226,0.699837408712712,11
229,21.0061584856302,0.792632525524106,11
229,22.9549376884787,0.818915089198125,11
229,24.9605330087563,0.854703339025542,11
229,27.0249881916942,0.864367983141372,11
229,29.0906696217708,0.852655052138211,11
229,30.925407840715,0.867052101878428,11
229,32.8770482868873,0.843453656941467,11
230,0.0,0.0,11
230,0.865217247739313,0.0411664536093172,11
230,3.0937813984424,0.0869981555994773,11
230,4.82775374658597,0.112244272216535,11
230,6.93249305401593,0.15578344567981,11
230,8.85269796644228,0.176477525201303,11
230,11.0197034807753,0.21545522729524,11
230,12.9970800922671,0.313779228559433,11
230,15.0341756567433,0.448637455010307,11
230,17.0088635002099,0.59034024708363,11
230,19.0499214596708,0.661271834447364,11
230,20.8982372059454,0.84177779454982,11
230,23.0649596920653,0.885321685149981,11
230,25.1106876170439,0.880911162161015,11
230,27.0299019307241,0.917586901454293,11
230,28.9520880406428,0.906317661432217,11
230,30.8105928025925,0.9224408353106,11
230,32.9177378498346,0.927167406470968,11
231,0.0,0.0,11
231,0.92875708160175,0.0160571339619703,11
231,2.91094517271796,0.0367559306203506,11
231,5.01780719174689,0.0460486902869432,11
231,6.99999528286311,0.0667474869453236,11
231,9.04430806677579,0.0851679064874784,11
231,10.9642299509889,0.110428174515196,11
231,13.0054294245564,0.179076667625817,11
231,15.1622459232144,0.382437155943828,11
231,16.9448991240276,0.622298849490313,11
231,18.9855325411688,0.700079719613383,11
231,21.0875830805734,0.786997683885788,11
231,22.9438236168175,0.839650365813965,11
231,24.8640285292438,0.860344445335459,11
231,27.0337228116022,0.855943356620265,11
231,29.1408678588443,0.860669927780634,11
231,30.8151212540036,0.849381819211011,11
231,32.9843909940422,0.851830013255154,11
232,0.0,0.0,11
232,0.990598746185016,0.0183449453519692,11
232,3.09675319468095,0.0390531762841224,11
232,4.8318576556773,0.0460345388762835,11
232,6.93772907596005,0.0713089583146613,11
232,8.92005868118287,0.0897246607199294,11
232,11.0259301014656,0.114999080158307,11
232,13.006278509196,0.165378102107145,11
232,15.0477610109767,0.229460406711542,11
232,16.9635789860985,0.320930408079512,11
232,19.0609595599854,0.483190482704617,11
232,20.8429051902657,0.734467647516663,11
232,22.8841046638332,0.803116140627285,11
232,24.9898345700093,0.830673654318774,11
232,27.0306095012571,0.906171430188732,11
232,29.0152033321854,0.888057624544206,11
232,31.1202256678286,0.927030609501257,11
232,32.9798625426311,0.924889029354743,11
233,0.0,0.0,11
233,0.928332539281957,0.0229064167213068,11
233,2.91094517271796,0.0367559306203506,11
233,4.89341629204737,0.0528885387725064,11
233,6.87588741137678,0.0690211469246626,11
233,8.98260791629912,0.0805970008443676,11
233,11.0262131296788,0.110432891652082,11
233,12.8191968602736,0.183628704721382,11
233,15.1073384498544,0.268277726151335,11
233,16.8977749265305,0.382569235776653,11
233,18.8680758326925,0.595047949696452,11
233,20.9646073219398,0.77100658984023,11
233,23.0060898237205,0.835088894444628,11
233,24.9254456515073,0.869481539484794,11
233,26.7823937582844,0.91071875014741,11
233,28.8902463760595,0.904029850042218,11
233,30.9347006740788,0.920167175331261,11
233,32.8571698122107,0.90433174680296,11
234,0.0,0.0,11
234,1.05328949540786,0.00693419122329497,11
234,2.9744850065804,0.0116466109730037,11
234,5.14347171840579,0.018660993523371,11
234,7.00254253678187,0.0256517903893052,11
234,8.98586274075087,0.0280858330227884,11
234,10.9693244588264,0.0282367814031594,11
234,13.074205280363,0.0694928606133221,11
234,15.1776709608336,0.133579882354606,11
234,16.9696640926823,0.22275735519569,11
234,19.0712900897671,0.316524602227432,11
234,20.8563490303925,0.517573693471011,11
234,22.9555692876651,0.650153542805658,11
234,25.0557801436839,0.766751732368521,11
234,27.2174081219662,0.892487016080719,11
234,28.9549183227748,0.860655776369974,11
234,30.9402197242361,0.831126499459887,11
234,33.1693499313656,0.867825824437599,11
235,0.0,0.0,11
235,0.8683977664540941,0.0297500991669972,11
235,2.80139138925335,0.0594188305414009,11
235,4.73346962438592,0.0822068979546171,11
235,6.93345131663259,0.11873595134206,11
235,8.59671070698441,0.120902368819862,11
235,11.1945809050132,0.148226690670165,11
235,13.0018612882555,0.232950904708143,11
235,15.0151038965001,0.365824510013324,11
235,17.0979159674121,0.521628576368758,11
235,19.2383974613248,0.61091447227901,11
235,20.9974674274555,0.833257051027776,11
235,23.2657980654807,0.883542346850557,11
235,25.1951301376132,0.885688422380211,11
235,27.3969426051933,0.935978803690029,11
235,29.1840844597687,0.869328410581881,11
235,31.251029811125,0.905867634943398,11
235,33.381136911482,0.917172672626857,11
236,0.0,0.0,11
236,0.934610807677051,0.0274514590262309,11
236,2.99880999603332,0.0433486915041854,11
236,4.86345467305404,0.059261180443251,11
236,6.86083056174289,0.0728699437545135,11
236,8.92564000854361,0.093354285539926,11
236,10.9901443261221,0.111545072671609,11
236,12.8611967168095,0.175622209338988,11
236,15.0685015103896,0.267196574415931,11
236,17.2095932627467,0.361069579633641,11
236,19.2155127696579,0.438897873249321,11
236,21.2479785189027,0.71626542173944,11
236,23.1873798553687,0.794098800842156,11
236,25.1810941933909,0.780184908308668,11
236,27.2486498031916,0.821311241977644,11
236,29.3747902236597,0.802800069162623,11
236,31.2418759344582,0.837060995331522,11
236,33.0351203734781,0.816281695297958,11
237,0.0,0.0,11
237,0.93339029078815,0.0182772404113142,11
237,2.59848045647331,0.0342049858114912,11
237,4.92875232661032,0.0500818763412973,11
237,6.92673847374362,0.0682777489600179,11
237,8.99215817898879,0.093349200052889,11
237,10.7899795563421,0.106973219825262,11
237,12.8608915875873,0.173328654685259,11
237,14.9510267598327,0.384178032730194,11
237,17.1113416531901,0.622544981132843,11
237,19.0507429896561,0.700378360235559,11
237,20.9910597137887,0.785092403299464,11
237,23.3246880053702,0.826198395020291,11
237,25.2576816281695,0.855867126394694,11
237,27.0536722301894,0.855729818244693,11
237,29.1816434259909,0.850979973352047,11
237,31.3111402679034,0.857697901728048,11
237,33.3045494767033,0.841490454540831,11
238,0.0,0.0,11
238,0.800964208342234,0.0228745206928466,11
238,2.79864522625331,0.0387768386578384,11
238,4.86345467305404,0.059261180443251,11
238,6.99661306563329,0.0935017646640018,11
238,8.92625026698807,0.0979413948473846,11
238,10.7936411070088,0.134495875670012,11
238,12.9994202544777,0.21460246747831,11
238,15.0770451286119,0.331416104720349,11
238,16.9590821712995,0.478061208921978,11
238,19.0998687944344,0.569640659485959,11
238,21.1244011839013,0.787375786979118,11
238,23.1312360784792,0.872084744555986,11
238,25.1914685869465,0.858165766535461,11
238,27.1262929850791,0.901595825832239,11
238,28.9872761114331,0.889985658926555,11
238,30.9214902511213,0.928828608915875,11
238,33.3133982241479,0.908003539498977,11
239,0.0,0.0,11
239,0.760371759372845,0.035598705501618,11
239,2.90981739160912,0.0582524271844659,11
239,4.68040610797612,0.0841423948220063,11
239,6.76483474115874,0.0776699029126213,11
239,8.97847954856121,0.116504854368932,11
239,10.8756265115137,0.145631067961165,11
239,12.9649620880212,0.216828478964401,11
239,14.8042480109354,0.33009708737864,11
239,16.8984905307677,0.478964401294498,11
239,18.7997266131576,0.572815533980582,11
239,20.9003072681177,0.822006472491909,11
239,22.9272837732057,0.906148867313915,11
239,24.6330599464909,0.906148867313915,11
239,27.0397111913357,1.0,11
239,29.1229130886871,0.974110032362459,11
239,31.0206734195553,1.01294498381877,11
239,32.9781348942086,0.996763754045307,11
240,0.0,0.0,11
240,0.822935286764104,0.0258899676375403,11
240,2.71967333777294,0.0485436893203883,11
240,4.74194735550804,0.0582524271844659,11
240,6.76524365310247,0.0841423948220063,11
240,8.85028565420069,0.0873786407766989,11
240,10.9363499351582,0.106796116504854,11
240,12.8355414578294,0.168284789644012,11
240,14.8631313308331,0.262135922330096,11
240,16.9545114670592,0.365695792880259,11
240,18.7915483742829,0.44336569579288,11
240,20.8933557650742,0.711974110032362,11
240,22.9843269893566,0.809061488673139,11
240,25.0665066068487,0.766990291262135,11
240,27.1550243594686,0.825242718446602,11
240,28.8597782528945,0.809061488673139,11
240,30.9468648137114,0.844660194174757,11
240,32.9670942717278,0.822006472491909,11
241,0.0,0.0,11
241,0.25577442080544,0.0485436893203883,11
241,0.762211863119647,0.064724919093851,11
241,2.72274017735095,0.0970873786407766,11
241,4.80900891428037,0.119741100323624,11
241,6.96029465026345,0.171521035598705,11
241,8.79692264554344,0.242718446601941,11
241,11.0823314990711,0.417475728155339,11
241,12.8641652938908,0.62135922330097,11
241,15.0177000455644,0.708737864077669,11
241,17.0477433902305,0.841423948220064,11
241,18.9489794726204,0.935275080906149,11
241,20.781518348463,0.941747572815534,11
241,22.9947542439218,0.974110032362459,11
241,25.0139614220789,0.935275080906149,11
241,27.0368488077296,0.954692556634304,11
241,29.060145105324,0.980582524271844,11
241,30.7679658383279,1.01294498381877,11
241,33.0411073335436,0.993527508090615,11
242,0.0,0.0,11
242,1.03601123595505,0.00995543280396726,11
242,2.99897003745318,0.013093967735861,11
242,4.96192883895131,0.0329922792040677,11
242,6.86715355805243,0.0461929571276129,11
242,8.77237827715355,0.0560416797438954,11
242,10.8508052434456,0.0524637499215365,11
242,12.6405617977528,0.0958445797501728,11
242,14.6035205992509,0.139206578369217,11
242,16.508745318352,0.192630719979913,11
242,18.4139700374531,0.316445923043123,11
242,20.5501310861423,0.436884062519616,11
242,22.1666853932584,0.56743456154667,11
242,24.3605805243445,0.748201619484025,11
242,26.3235393258427,0.811675349946645,11
242,28.1132958801498,0.818184671395392,11
242,29.9030524344569,0.807934216307827,11
242,31.981479400749,0.807708241792731,11
242,34.0021722846442,0.814192454962024,11
243,0.0,0.0,11
243,1.03601123595505,0.0133073881112297,11
243,2.82576779026217,0.0131127989454522,11
243,4.96192883895131,0.029640323896805,11
243,6.86715355805243,0.0562488230494004,11
243,8.71464419475655,0.0627518674282845,11
243,10.7930711610486,0.096045445985814,11
243,12.8137640449438,0.112585525076894,11
243,14.7189887640449,0.145897934844014,11
243,16.566479400749,0.236199861904463,11
243,18.5294382022471,0.363360743205071,11
243,20.2037265917603,0.5173686523131,11
243,22.5130898876404,0.691419245496202,11
243,24.1873782771535,0.801851735609817,11
243,26.3235393258427,0.861954679555583,11
243,28.3442322097378,0.858383026803088,11
243,29.9607865168539,0.848151402925114,11
243,31.808277153558,0.854654447303998,11
243,33.9444382022472,0.854422195719038,11
244,0.0,0.0,11
244,1.03601123595505,0.0166593434184922,11
244,2.99897003745318,0.0197978783503862,11
244,4.96192883895131,0.0262883685895425,11
244,6.92488764044943,0.0428347247504863,11
244,8.83011235955056,0.0493314920595067,11
244,10.7930711610486,0.0759337141422384,11
244,12.6405617977528,0.0991965350574353,11
244,14.8344569288389,0.145885380704287,11
244,16.451011235955,0.20939677358609,11
244,18.5871722846441,0.326482957755319,11
244,20.3191947565543,0.440261126106333,11
244,22.3976217228464,0.570761408574477,11
244,24.2451123595505,0.694582888707551,11
244,26.2658052434456,0.828441403552821,11
244,28.1132958801498,0.891927688155169,11
244,30.0185205992509,0.885016634235139,11
244,31.981479400749,0.888155169167033,11
244,33.7712359550561,0.89466449061578,11
245,0.0,0.0,11
245,1.09374531835206,0.0133011110413658,11
245,2.88350187265917,0.0131065218755885,11
245,4.96192883895131,0.02293641328228,11
245,6.98262172284644,0.0394764923733601,11
245,8.83011235955056,0.0493314920595067,11
245,10.7930711610486,0.0558219822986629,11
245,12.8137640449438,0.058954240160693,11
245,14.6612546816479,0.0788651057686271,11
245,16.451011235955,0.10548615906095,11
245,18.5294382022471,0.145483648233004,11
245,20.3769288389513,0.215673843449877,11
245,22.3976217228464,0.322716715837047,11
245,24.3605805243445,0.469989328981231,11
245,26.2080711610486,0.684313602410395,11
245,28.0555617977528,0.814838993157994,11
245,29.9607865168539,0.817983805159751,11
245,32.270149812734,0.83114054359425,11
245,34.0599063670412,0.844353775657523,11
246,0.0,0.0,23
246,3.21158560407607,0.0382222942378496,23
246,7.37686011864574,0.0879400829980103,23
246,15.7059703655693,0.183558832266601,23
246,21.3949152466085,0.275297739609495,23
246,31.2275529089812,0.35950201193659,23
246,45.6556609684301,0.634655720291303,23
246,60.7858947491605,0.772421615490561,23
246,70.6545019669268,0.952046594110922,23
246,77.8340252234734,0.998019570246743,23
246,82.3503625986839,0.979043452429177,23
246,100.44448774384,0.979475546193523,23
247,0.0,0.0,23
247,3.25331028833256,0.148910313538037,23
247,7.414268456255,0.187177617543006,23
247,14.5794038906442,0.194982311161521,23
247,21.392037682177,0.267664083106033,23
247,30.1470274649598,0.49306399488689,23
247,45.6556609684301,0.634655720291303,23
247,60.400301115342,0.749511644026753,23
247,69.8228858462286,0.74591986461062,23
247,80.4080066074338,0.826325312592832,23
247,89.8593669826352,0.899070098211311,23
247,101.546594921097,0.903165987019183,23
247,112.488533671806,0.93014484143059,23
247,119.65223032398,0.934132706797374,23
247,140.387959617236,0.94226147073915,23
247,150.183188942,0.927228208521249,23
247,159.971224355685,0.893110805044694,23
248,0.0,0.0,23
248,3.64178148658258,0.179453941505306,23
248,7.05313412010405,0.229153726358619,23
248,15.7217969699424,0.225543943035638,23
248,21.7618047116224,0.248588943800804,23
248,30.0880373941145,0.336574036565934,23
248,45.6139362841736,0.523967700991115,23
248,60.0075135704447,0.707517531304293,23
248,70.1854589645953,0.707760584046738,23
248,80.3979351319236,0.799607514830718,23
248,90.2032359321972,0.811292050374931,23
248,101.886147524012,0.80393745442761,23
248,112.06840926481,0.815630991925247,23
248,119.986027798032,0.81963686119888,23
248,139.973590339103,0.84301493424073,23
248,150.148658168822,0.835624330479714,23
248,159.562610206414,0.809131581553196,23
249,0.0,0.0,23
249,0.60472829314077,0.0483651617599178,23
249,2.17832225563621,0.0966728599613078,23
249,6.41845384718524,0.152910529239373,23
249,14.5145029402187,0.261372995958396,23
249,21.0553268718754,0.337655869902503,23
249,30.3086104353822,0.462188978489474,23
249,45.5945144329304,0.550127377554734,23
249,60.5191653418123,0.654213036565977,23
249,70.4444408795755,0.702099335338173,23
249,80.9008809163522,0.883023349359281,23
249,89.668921983642,0.914839006263527,23
249,97.2889129810178,0.938648074013063,23
249,102.228589748501,0.942431091616066,23
249,111.348699503897,0.950035435861091,23
249,120.459624858735,0.949575727392878,23
249,129.950172103357,0.949096864405156,23
249,142.834355354645,0.92828547895876,23
250,0.0,0.0,23
250,0.486861819296262,0.2782098186067,23
250,2.83347616220047,0.338575286838929,23
250,6.62969506004941,0.338383741643841,23
250,14.6660455494473,0.394429865726818,23
250,21.6691509759227,0.543270059570555,23
250,30.6346566552378,0.748462849809412,23
250,45.435318156569,0.743683797191947,23
250,60.3783378665696,0.863897561629666,23
250,70.6189444902024,0.855316336889689,23
250,80.8962887160725,0.878991323002662,23
250,91.1460797402647,0.878474150975922,23
250,104.483360085812,0.922156032715919,23
250,110.566494722929,0.929913613117014,23
250,120.496362460972,0.981831938245829,23
250,131.107406573831,0.965167506273105,23
250,143.250714846668,0.960522535292202,23
251,0.0,0.0,23
251,1.04557951998774,0.435439691995326,23
251,2.57325147968663,0.443427126630528,23
251,6.82256747179496,0.507728848621832,23
251,14.8726945620319,0.575871051774666,23
251,21.0476732047426,0.664269159308139,23
251,30.1402297584615,0.64768134541345,23
251,45.42154155573,0.73158771812209,23
251,60.7120377535579,0.823558143543969,23
251,70.1888083973413,0.81098320148639,23
251,80.8916965157929,0.874959296646043,23
251,90.7618656502001,0.874461279138812,23
251,103.358271017296,0.934309575344302,23
251,110.186872833145,0.929932767636523,23
251,122.394471909897,0.981736165648284,23
251,128.783753232325,0.92496216982397,23
251,141.292906794108,0.908201965253701,23
252,0.0,0.0,70
252,0.684812101607839,0.0962732919254658,70
252,0.687248121016079,0.0683229813664596,70
252,1.02964418228522,0.139751552795031,70
252,2.41709256968889,0.220496894409937,70
252,3.19499476738654,0.295031055900621,70
252,4.23219769765008,0.394409937888198,70
252,5.18089192274759,0.509316770186335,70
252,6.12363143373608,0.692546583850931,70
252,7.15677433165255,0.838509316770186,70
252,8.19641328132432,0.909937888198757,70
252,8.88878413091047,0.96583850931677,70
252,10.020450480449,0.981366459627329,70
252,11.1526581676339,0.990683229813664,70
252,11.9370564170868,0.990683229813664,70
252,13.1569608029683,0.993788819875776,70
252,14.2897098277994,0.996894409937888,70
253,0.0,0.0,18
253,1.13090849460927,0.436817403154831,18
253,2.13319552439358,0.488285603296206,18
253,3.13554515407982,0.542192843360143,18
253,4.13695578523712,0.559514484585649,18
253,5.16459577530265,0.598793853364665,18
253,6.14065344617873,0.628304325952531,18
253,7.09129555687166,0.667564589980194,18
253,8.016021308166,0.697062326067159,18
253,9.01812053824452,0.741213406440848,18
253,10.0465117271332,0.809761254290608,18
253,10.9969660381203,0.841704398550586,18
254,0.0,0.0,33
254,1.20942483592131,0.123350181924323,33
254,7.14865000303447,0.189900671342656,33
254,14.0855158183126,0.327284602468622,33
254,20.888395973678,0.683838935562086,33
254,28.0165712105842,0.889726983466416,33
254,34.9171780199582,0.933501530245099,33
255,0.0,0.0,33
255,1.09650393181956,0.203252384957069,33
255,7.2298011114868,0.320042309326258,33
255,14.1014007161373,0.555596015293781,33
255,21.1788133447776,0.763764258445247,33
255,28.0580100744748,0.949090089387121,33
255,34.9126888097034,0.9631816382148,33
256,0.0,0.0,33
256,1.33063351280117,0.321987266742384,33
256,6.95941252460096,0.441031376526993,33
256,13.8931704250873,0.598963074708906,33
256,21.171216219731,0.813992133470896,33
256,27.9568301818087,0.951367394652956,33
256,34.9620701225062,0.970033783881418,33
257,0.0,0.0,28
257,0.209620689655172,0.0846711889956663,28
257,0.249241379310344,0.120162050122479,28
257,0.328482758620689,0.180214810627473,28
257,0.420931034482758,0.303099679668362,28
257,1.14070689655172,0.521165441869229,28
257,2.085,0.71448087431694,28
257,3.0425,0.935109289617486,28
258,0.0,0.0,78
258,1.10940612002262,0.144189518316589,78
258,3.00824217682886,0.196259344904405,78
258,7.13732451972097,0.260087494853809,78
258,14.0554996710285,0.355904748346485,78
258,21.012544584284,0.474780781913113,78
258,28.0827722478943,0.616723290791493,78
259,0.0,0.0,22
259,1.5333483693149,0.0331766374476358,22
259,4.16899958328155,0.135685721178801,22
259,7.38710870502913,0.244240877886871,22
259,14.5779542779438,0.355957977234012,22
259,21.3952797496764,0.539950140002778,22
259,28.8627636475292,0.579388520503278,22
259,35.4618133101335,0.636866423459055,22
259,42.3555936775768,0.715439784183707,22
259,49.5400193737525,0.794024111183407,22
259,56.2341999371266,0.842469458923989,22
259,63.3164912306353,0.893941498578039,22
259,70.296648121477,0.91830125088644,22
260,0.0,0.0,84
260,0.430663446238142,0.0767746364363963,84
260,0.756847301704802,0.172738977624665,84
260,1.08473298598259,0.243117045810437,84
260,2.0088260304264,0.349770805455114,84
260,3.00155950358581,0.424444887332453,84
260,3.99443479581281,0.496986779792918,84
260,5.05382323074149,0.569531835739164,84
260,6.11392076100814,0.631415944601037,84
260,6.97774070172441,0.644250206417447,84
260,8.17157361273239,0.69547969516651,84
260,8.96703676286827,0.736029255916509,84
260,9.76320900834211,0.765917869582135,84
260,10.88925240504,0.836333899597288,84
260,11.8862404502272,0.847042298968387,84
260,12.8829448572793,0.862015077173235,84
260,13.7469066170632,0.872717149572771,84
260,15.1404207752438,0.921823939362304,84
260,16.1382597348366,0.919739202232155,84
260,17.2011936464551,0.938979522756535,84
260,17.9992095398077,0.94114967400279,84
260,18.7301450141882,0.951845419430762,84
260,20.1259282774503,0.966837178550301,84
260,21.1234835989079,0.969016820253901,84
260,22.1210389203655,0.971196461957501,84
260,22.9183457183801,0.98402756028813,84
260,23.782307478164,0.994729632687666,84
260,24.8465177613909,0.994780248460173,84
261,0.0,0.0,84
261,0.365284856077213,0.0597139576156173,84
261,0.561562445627588,0.108763804661079,84
261,1.02247441530874,0.179148199818415,84
261,2.01747699354965,0.21970725102576,84
261,2.81407469622627,0.243199296440762,84
261,4.14362845492191,0.253923513240769,84
261,5.14019104290635,0.271028480862492,84
261,6.00372734548744,0.288127121512652,84
261,6.93491134331096,0.288171410313596,84
261,7.99614342611837,0.332998003840471,84
261,8.99015327088612,0.388482380965938,84
261,9.9834540203159,0.454627705175779,84
261,11.1085046835407,0.539969061109055,84
261,12.0995363278889,0.640229415988889,84
261,12.9588180584422,0.721293739145289,84
261,14.0221774272635,0.734137491419044,84
261,14.817073301129,0.783215809836542,84
261,15.9434003359621,0.849367461017946,84
261,17.0724219330796,0.875007513278731,84
261,17.9362418737959,0.887841775095142,84
261,18.8660076809434,0.909207958064832,84
261,19.7299694407273,0.919910030464368,84
261,20.9930100567213,0.930631083778594,84
261,21.9897144637733,0.945603861983442,84
261,22.9208984615968,0.945648150784386,84
261,23.9173192305137,0.964885307822984,84
261,25.0473335611043,0.975600034165646,84
261,25.9111535018205,0.988434295982056,84
261,26.9750801469122,0.992749290588313,84
262,0.0,0.0,84
262,0.431088903440924,0.0703780681857724,84
262,0.560853350289617,0.119424751745453,84
262,1.22158838621099,0.185554258526384,84
262,2.08384831718373,0.221842603928416,84
262,3.280375790476,0.23256049375686,84
262,4.01301309366765,0.217669966182336,84
262,4.87711667251911,0.226239849164997,84
262,5.80872612754541,0.219887569715317,84
262,6.938740458136,0.23060229605798,84
262,8.06932206499698,0.232788264733144,84
262,9.06772830086015,0.222174769935496,84
262,9.99891229868367,0.22221905873644,84
262,11.0638316772485,0.211608727424574,84
262,11.9280770751675,0.21804642099036,84
262,13.0583750438933,0.224496768499273,84
262,14.123010784323,0.218150816021157,84
262,14.9876816394448,0.218191941336319,84
262,16.1182632463058,0.220377910011483,84
262,17.115960386831,0.220425362298209,84
262,17.9806312419528,0.220466487613371,84
262,18.9780447443428,0.224778318733846,84
262,20.1087681702714,0.224832097992135,84
262,21.0399521680949,0.224876386793079,84
262,22.1045879085246,0.218530434314963,84
262,23.1017177727794,0.227106644269187,84
262,24.0317672180622,0.244208448405128,84
262,25.1612142723824,0.263451932415289,84
262,26.0253178512339,0.27202181539795,84
262,27.1543394483513,0.297661867658735,84
262,27.9500862366224,0.333947049574985,84
262,29.0775478239963,0.383041185421392,84
262,30.1386380877361,0.429999968365142,84
262,30.8670208188999,0.479075123296858,84
262,32.189767262351,0.59214443210685,84
262,33.118682155093,0.626303751577788,84
262,34.1145356477395,0.654069666283885,84
262,35.040472340062,0.733004963509191,84
262,35.9669763086549,0.803411503066999,84
262,36.8933384581803,0.875950232041682,84
262,37.9535778075145,0.93570215148668,84
262,39.0153771665923,0.971999987346057,84
262,39.8786298310382,0.993363006829966,84
263,0.0,0.0,59
263,0.984021886840378,0.115869017632241,59
263,2.1472169845268,0.216624685138539,59
263,2.95542984145799,0.277078085642317,59
263,4.01507266685011,0.345088161209067,59
263,5.12484994602375,0.413098236775818,59
263,6.13435831763435,0.481108312342569,59
263,7.09272196939229,0.53904282115869,59
263,8.20199411553034,0.602015113350125,59
263,9.20973452151641,0.652392947103274,59
263,10.0675766991935,0.707808564231738,59
263,11.0755696716973,0.760705289672543,59
263,12.2349762716169,0.823677581863979,59
263,12.992549541731,0.879093198992443,59
263,14.2519724826958,0.939546599496221,59
263,15.2105887009715,0.999999999999999,59
264,0.0,0.0,70
264,0.185327133551204,0.0779944289693592,70
264,0.780348353913975,0.105849582172701,70
264,0.983432873467414,0.139275766016713,70
264,2.16252736165639,0.139275766016713,70
264,2.952969534797,0.161559888579387,70
264,4.13480101112012,0.175487465181058,70
264,6.29592684183975,0.172701949860724,70
264,8.45760007018621,0.172701949860724,70
264,10.6203680937863,0.178272980501392,70
264,13.1750728181957,0.178272980501392,70
264,17.4984192748886,0.178272980501392,70
264,19.2665136095453,0.175487465181058,70
264,22.4102181804224,0.172701949860724,70
264,24.178312515079,0.169916434540389,70
264,26.3399857434255,0.169916434540389,70
264,28.3062380189941,0.175487465181058,70
264,30.2697533064286,0.167130919220055,70
264,32.2371003772509,0.178272980501392,70
264,33.8075841686223,0.169916434540389,70
264,35.9714469874761,0.181058495821726,70
264,37.9360570701642,0.178272980501392,70
264,39.9012145504792,0.178272980501392,70
264,43.0476561094904,0.189415041782729,70
264,47.173939420525,0.186629526462395,70
264,49.1385495032132,0.183844011142061,70
264,51.1053491764086,0.192200557103064,70
264,54.8396957866339,0.194986072423398,70
264,59.1652318338341,0.206128133704735,70
264,61.3274524598074,0.208913649025069,70
264,64.0808625227556,0.220055710306406,70
264,66.6383042352992,0.233983286908078,70
264,70.3775774241659,0.26183844011142,70
264,73.3532309236066,0.403899721448468,70
264,76.1225155177329,0.495821727019498,70
264,79.2974217533393,0.651810584958217,70
264,81.4864648630272,0.79108635097493,70
264,85.4463392955058,0.94150417827298,70
264,87.6074651262255,0.938718662952646,70
264,88.9869071458337,0.958217270194986,70
264,90.9597281929243,0.997214484679665,70
265,0.0,0.0,70
265,0.381652007132475,0.0569024678963694,70
265,0.634650606110553,0.0759398834229887,70
265,1.14055917257293,0.109804156614771,70
265,2.17271723331884,0.143855732202526,70
265,3.12116284819515,0.201035407644934,70
265,4.09172202076808,0.308749269520655,70
265,5.14869689977074,0.521757046316136,70
265,6.0812331615146,0.823141585627163,70
265,7.09486724006173,0.97718656817058,70
265,8.08426060506166,0.979643975605735,70
265,9.09483689707359,0.988424711928915,70
266,0.0,0.0,48
266,1.18792348224513,0.0755555555555554,48
266,3.12083436426116,0.106666666666666,48
266,5.11665063001145,0.155555555555555,48
266,7.0838735395189,0.226666666666666,48
266,9.08602119129438,0.344444444444444,48
266,12.15429255441,0.728888888888888,48
266,14.0978238258877,0.875555555555555,48
266,17.135050973654,0.922222222222222,48
267,0.0,0.0,38
267,1.13495493626637,0.268444793616044,38
267,1.27161973447265,0.14792909854878,38
267,3.10667901027506,0.384604180643338,38
267,7.19432466191165,0.600000882737191,38
267,10.2555239045231,0.699180819886303,38
267,12.2226361180749,0.751915539705518,38
267,14.1888259595353,0.791965326083118,38
267,18.9196724162282,0.852988948130362,38
267,21.1033883425726,0.884568871155679,38
267,28.1613795858197,0.949679566399491,38
267,35.0727136665372,0.997885844426397,38
268,0.0,0.0,38
268,1.19967471134494,0.15850429010275,38
268,3.24549601002789,0.293686663606511,38
268,7.19232618904699,0.572516860280357,38
268,10.3253167261043,0.659007450301896,38
268,12.2206376452102,0.724431517248684,38
268,14.1863663006249,0.758138836905476,38
268,19.2116031831503,0.867770382401751,38
268,21.1033883425726,0.884568871155679,38
268,28.1615333145016,0.951793721973094,38
268,35.0708689223544,0.972515977543166,38
269,0.0,0.0,38
269,1.19875233925355,0.145819356661134,38
269,3.31513510292715,0.251399138448501,38
269,7.11500066205289,0.509096606758236,38
269,10.3239331679672,0.639980050139472,38
269,12.5098012958582,0.701158151195226,38
269,14.1846752851241,0.734883125595847,38
269,19.0654072066664,0.857208431905653,38
269,21.175794551746,0.880336146322517,38
269,28.0888196479644,0.951798135659051,38
269,35.2178335422478,0.993648705907277,38
270,0.0,0.0,38
270,1.19982844002683,0.160618445676353,38
270,3.24303635111754,0.259860174428869,38
270,7.11530811941668,0.513324917905441,38
270,10.1059458970375,0.642107446770947,38
270,11.9283994209244,0.70542177183009,38
270,14.1839066417146,0.724312347727834,38
270,19.0638699198474,0.836066876169626,38
270,21.1741035362451,0.857080435012888,38
270,28.1603034850464,0.934880477384273,38
270,35.1451198757106,0.993653119593234,38
271,0.0,0.0,22
271,14.3748724080608,0.0158505643209192,22
271,21.0723555659249,0.0274577852955757,22
271,28.3604071276502,0.0391087520779258,22
271,35.3174487444953,0.209994458864358,22
271,42.3386508792907,0.543847881244714,22
271,49.273819592289,0.659176412260491,22
271,56.9891218758202,0.756044212429642,22
271,63.9257487824083,0.875076555163463,22
271,71.2196331184928,0.901542768817988,22
271,77.7129691737875,0.894616349266528,22
271,85.0024789291026,0.909971127766922,22
271,91.8924436408177,0.910481495523345,22
272,0.0,0.0,65
272,0.311428055605704,0.0180899079256182,65
272,0.465517241379309,0.0439700306914603,65
272,0.665102003971835,0.134609135222964,65
272,1.11437082505867,0.336604080158873,65
272,2.15020761870373,0.427098754287777,65
272,3.09126196064271,0.424345549738219,65
272,7.04748149485466,0.576512005777216,65
272,14.1006499368116,0.60120057772161,65
272,16.0824155984834,0.642309081061563,65
272,24.9424083769633,0.881711500270806,65
272,28.0198591803574,0.940765481133778,65
273,0.0,0.0,6
273,0.963855421686746,0.569224876384149,6
273,1.96787148594377,0.70491793764654,6
273,3.09236947791164,0.756778559324001,6
273,3.89558232931726,0.79423474243796,6
273,5.22088353413654,0.828725305847668,6
273,6.10441767068273,0.851719014787473,6
273,7.26907630522088,0.871781925389419,6
273,8.0722891566265,0.88611672122014,6
273,9.03614457831325,0.888867609164983,6
273,10.0,0.90028901734104,6
273,11.0441767068273,0.903028298163753,6
273,12.0481927710843,0.91155372936834,6
273,13.012048192771,0.911414443902778,6
273,14.0562248995983,0.911263551315087,6
273,14.9397590361445,0.911135872971655,6
273,16.0642570281124,0.910973373261833,6
273,16.8273092369477,0.910863105601597,6
273,18.0321285140562,0.910688998769645,6
273,19.0763052208835,0.913428279592358,6
273,20.1204819277108,0.910387213594261,6
274,0.0,0.0,6
274,0.963855421686746,0.566334702973744,6
274,1.96787148594377,0.681796550363303,6
274,2.9718875502008,0.742345102955173,6
274,3.93574297188755,0.779778071824871,6
274,5.02008032128514,0.817193630011375,6
274,6.02409638554217,0.840169928267985,6
274,7.02811244979919,0.863146226524595,6
274,8.03212851405622,0.883232351370801,6
274,9.11646586345381,0.894636348863662,6
274,10.0401606425702,0.89739304036957,6
274,11.1244979919678,0.903016691041623,6
274,12.008032128514,0.908669359519001,6
274,12.9718875502008,0.911420247463843,6
274,13.8955823293172,0.908396592148942,6
274,15.1405622489959,0.91110685516633,6
274,16.0240963855421,0.913869350233303,6
274,16.9477911646586,0.907955521507997,6
274,18.0321285140562,0.90779882535924,6
274,18.9959839357429,0.913439886714488,6
274,20.1204819277108,0.913277387004666,6
275,0.0,0.0,6
275,0.923694779116465,0.314895419829607,6
275,1.88755020080321,0.404351510086589,6
275,3.01204819277108,0.427310397660004,6
275,3.89558232931726,0.470535320472642,6
275,4.97991967871486,0.507950878659145,6
275,6.14457831325301,0.52801378926109,6
275,7.02811244979919,0.548117324790491,6
275,7.8714859437751,0.574007010701766,6
275,9.07630522088353,0.588283770921837,6
275,10.0803212851405,0.605479722357638,6
275,10.9638554216867,0.625583257887039,6
275,11.8473895582329,0.637016273185226,6
275,12.8112449799196,0.651327854771688,6
275,14.0160642570281,0.671384961812568,6
275,15.1807228915662,0.682777352183299,6
275,16.1044176706827,0.688424217099612,6
275,16.9879518072289,0.696967058987394,6
275,18.0722891566265,0.708371056480256,6
275,19.156626506024,0.711104533741904,6
275,20.0803212851405,0.713861225247812,6
276,0.0,0.0,6
276,0.923694779116465,0.378479234858509,6
276,1.84738955823293,0.384126099774821,6
276,2.93172690763052,0.438882698423752,6
276,3.93574297188755,0.482090210553195,6
276,5.02008032128514,0.522395942150103,6
276,5.82329317269076,0.554071778443252,6
276,7.06827309236948,0.585683775564686,6
276,7.99196787148594,0.605781507533022,6
276,8.95582329317269,0.620093089119483,6
276,9.91967871485943,0.640185017526754,6
276,11.0441767068273,0.65736355827936,6
276,11.9277108433734,0.665906400167142,6
276,12.8915662650602,0.694668848805627,6
276,14.0160642570281,0.706067042737423,6
276,15.1004016064257,0.708800519999071,6
276,15.9437751004016,0.723129512268728,6
276,17.0281124497992,0.734533509761589,6
276,17.9116465863453,0.743076351649372,6
276,18.9959839357429,0.751590175731829,6
276,20.0401606425702,0.754329456554542,6
277,0.0,0.0,71
277,0.342282735632362,0.21818083386826,71
277,1.0710241993488,0.396996156255558,71
277,2.04500738586708,0.568905112876157,71
277,3.02085830736034,0.68745021306873,71
277,3.99833334622315,0.759591959845631,71
277,4.97662044377073,0.808532029914695,71
277,5.99015088823752,0.850519330863643,71
277,6.93514357970936,0.850728145954014,71
277,7.91481117702106,0.860225365619755,71
277,8.99874710945777,0.890627295999257,71
277,10.0484953712655,0.897819815778687,71
277,10.9932444451319,0.904989133881408,71
277,11.9720999837588,0.937688030254986,71
277,13.0225790983828,0.923999040997362,71
277,14.0020842839575,0.938136596004671,71
277,15.01691402232,0.943001214221081,71
277,15.9265821610041,0.95248296610235,71
277,17.0811671990162,0.964339022900054,71
277,17.9209170849413,0.971485139326068,71
277,18.9699344939327,0.999559168142551,71
277,19.9148459795361,1.0020881509037,71
277,20.92959451203,1.00927293679089,71
278,0.0,0.0,71
278,0.309069535425093,0.167129411218784,71
278,1.03911029303717,0.308822050873543,71
278,1.97760651503082,0.494644279626607,71
278,2.95418828934037,0.592307870782128,71
278,3.96698788099086,0.65517668076813,71
278,5.01616770171924,0.678610374243045,71
278,6.03026658726537,0.704356501496508,71
278,6.97477204352634,0.71848632261158,71
278,8.02443909946558,0.727999010061793,71
278,8.96805129117331,0.767650675555486,71
278,9.9826374119303,0.779475796784247,71
278,10.9969799150818,0.798261421025359,71
278,11.940835724395,0.830952583506701,71
278,12.9559090803628,0.82885669871076,71
278,14.0050076952227,0.854610559856458,71
278,15.0195126101112,0.868755848756003,71
278,15.9639368605037,0.885205837541859,71
278,17.1174662222256,0.927224074059752,71
278,17.9559980201235,0.96917270554752,71
278,18.8999350353052,0.999543700358079,71
278,19.9495208853759,1.01137655547907,71
278,20.9642694178699,1.01856134136626,71
279,0.0,0.0,71
279,1.07581534558897,0.260106263679321,71
279,3.06211088854688,0.508805036310623,71
279,4.04064160369989,0.550784603367336,71
279,5.01949714232681,0.583483499740914,71
279,5.96327174577149,0.61849482989304,71
279,7.01285759584226,0.630327685014036,71
279,7.95720064036627,0.649097841470676,71
279,9.00605563762074,0.681812205628726,71
279,9.98564202906396,0.693629592965251,71
279,10.9971423268188,0.793621085683792,71
279,11.9410793420004,0.82399208049435,71
279,12.9209093510491,0.828848964818524,71
279,14.0049264893543,0.856930727527242,71
279,15.0194314042428,0.871076016426787,71
279,15.9639368605037,0.885205837541859,71
279,17.1175474280941,0.924903906388968,71
279,17.9559980201235,0.96917270554752,71
279,18.9700969056697,0.994918832800983,71
279,19.8796838384854,1.00672075235303,71
279,20.8945947827163,1.00926520289866,71
280,0.0,0.0,71
280,0.41496198791966,0.141630768516871,71
280,0.934679546175203,0.292557675501349,71
280,2.01439277345109,0.443608324761602,71
280,2.95719290647404,0.506461666963132,71
280,4.00547946264916,0.555417204816667,71
280,4.94957888956775,0.581147864285659,71
280,5.99810906334831,0.623142899126843,71
280,7.01285759584226,0.630327685014036,71
280,7.9222009110525,0.649090107578441,71
280,9.00540599067292,0.700373546994996,71
280,9.98482997037919,0.716831269673088,71
280,10.9636043031376,0.751850333717449,71
280,11.9780280121576,0.768315790287778,71
280,12.9924517211777,0.784781246858106,71
280,14.0065506067238,0.810527374111569,71
280,15.0212179333493,0.820032327669546,71
280,15.9652361543994,0.84808315480932,71
280,17.1190903395952,0.880820720644078,71
280,17.9582717844409,0.904208010765577,71
280,19.0063959288791,0.957803883960681,71
280,19.9147647736676,1.00440831857448,71
280,20.9645942413438,1.00928067068313,71
281,0.0,0.0,71
281,0.172643676383013,0.0650110981353584,71
281,0.173618146804741,0.0371690860859541,71
281,0.451098599392115,0.109156155018135,71
281,0.971384598727001,0.243841888307128,71
281,1.94723552022026,0.362386988499702,71
281,2.9249541766885,0.427568232264251,71
281,3.97372796807449,0.462602764093085,71
281,5.02266417119743,0.492996960580351,71
281,6.00062644527111,0.551217701332549,71
281,7.01586221297592,0.54448148119504,71
281,7.99520498681371,0.563259371543916,71
281,8.97268002567652,0.635401118320817,71
281,9.95194159364583,0.656499176340476,71
281,11.0355527026086,0.696181777403113,71
281,12.0144082412355,0.728880673776691,71
281,12.9937510150733,0.747658564125567,71
281,14.0773621240361,0.787341165188204,71
281,15.0569485154793,0.799158552524729,71
281,16.000723118924,0.834169882676854,71
281,17.0844966396238,0.869212148397924,71
281,17.8884347375503,0.899552207639538,71
281,18.9369649113309,0.941547242480723,71
281,19.8806583089071,0.978878740303632,71
281,20.8947571944532,1.00462486755709,71
282,0.0,0.0,71
282,0.449149658548657,0.164840179116944,71
282,1.00321729917015,0.334336161359927,71
282,2.08219967362974,0.506268319657233,71
282,2.98886319518023,0.601596275357499,71
282,4.03698733961841,0.655192148552602,71
282,4.98100556066852,0.683242975692376,71
282,6.06486028723675,0.715965073742662,71
282,7.04412185520606,0.737063131762322,71
282,8.02378945251777,0.746560351428063,71
282,8.93232070904324,0.788524450700304,71
282,10.0169874942962,0.798044872042752,71
282,10.9962490622655,0.819142930062412,71
282,12.0106727712856,0.83560838663274,71
282,12.9900155451233,0.854386276981616,71
282,14.0045204600119,0.868531565881161,71
282,15.0189441690319,0.884997022451489,71
282,15.9632060076874,0.906087346578912,71
282,17.1173038104887,0.931864409401319,71
282,17.9559168142551,0.971492873218304,71
282,19.0047718115095,1.00420723737635,71
282,19.9841145853473,1.02298512772523,71
282,20.963782182659,1.03248234739097,71
283,0.0,0.0,61
283,0.237164851890878,0.0341880341880342,61
283,1.13178345626975,0.0923076923076924,61
283,2.08787027280178,0.129914529914529,61
283,3.04370097178316,0.17094017094017,61
283,4.06035958904109,0.199999999999999,61
283,4.95728325137571,0.227350427350427,61
283,5.97381380985832,0.258119658119658,61
283,6.99021630956562,0.29059829059829,61
283,8.12776241072473,0.305982905982906,61
283,10.1631285856457,0.336752136752136,61
283,12.138435194942,0.369230769230769,61
283,15.0142511122819,0.381196581196581,61
283,18.0072408090387,0.429059829059829,61
283,19.979730125278,0.499145299145299,61
283,25.0080859969558,0.577777777777777,61
283,32.0714238672286,0.692307692307692,61
284,0.0,0.0,61
284,0.905117328765261,0.113821138211382,61
284,3.09126628055578,0.165040650406503,61
284,6.09824074829377,0.327235772357723,61
284,8.20927481850069,0.414024390243902,61
284,13.1641379122821,0.505081300813008,61
284,20.255866438263,0.616056910569105,61
285,0.0,0.0,32
285,1.00663527107773,0.0172928202201299,32
285,3.95233857464747,0.205585204941424,32
285,5.00685166801464,0.344395725078511,32
285,7.01551295541411,0.51168949203524,32
285,8.03477498776005,0.665436810741944,32
285,10.9815169966269,0.82382313878347,32
286,0.0,0.0,32
286,1.00644051383452,0.0229002058475862,32
286,2.02979244828789,0.0588924263777047,32
286,4.00255348385543,0.259814277328904,32
286,5.0056182054743,0.379909167385735,32
286,6.96042911512587,0.597645060334171,32
286,7.996927163496,0.755138751010979,32
286,10.995896573084,0.909811166622936,32
287,0.0,0.0,32
287,1.0413669794504,0.0173090499903976,32
287,1.99486598267201,0.0644835822348935,32
287,4.00352727007149,0.231777349191622,32
287,5.02214011160672,0.40421595332318,32
287,6.97766513115007,0.601391432304275,32
287,7.99575862003673,0.788783064775718,32
287,11.0104709067843,0.990191808834946,32
288,0.0,0.0,32
288,0.976809328016108,0.0288266296185888,32
288,1.95402363502393,0.0785659243926724,32
288,3.92620382817641,0.178050138649057,32
288,4.99366095383801,0.311468217586213,32
288,7.03792740751573,0.471811774764184,32
288,8.03640311158858,0.719276437534803,32
288,10.9869113039761,0.931237942031757,32
289,0.0,0.0,32
289,0.994459662405012,0.0231288001934901,32
289,1.98966178629483,0.086181779320198,32
289,3.9801335305731,0.216090040329158,32
289,5.01235748395552,0.364706080872055,32
289,7.00414540995685,0.568759245614134,32
289,8.01892151844623,0.734480023848763,32
289,10.9876200172116,0.971162120964975,32
290,0.0,0.0,56
290,0.213143872113677,0.0289017341040462,56
290,0.373001776198934,0.0520231213872834,56
290,1.1190053285968,0.0982658959537574,56
290,2.07815275310834,0.106936416184971,56
290,3.09058614564831,0.153179190751445,56
290,7.03374777975133,0.196531791907514,56
290,8.09946714031971,0.236994219653179,56
290,9.05861456483126,0.274566473988439,56
290,10.0177619893428,0.30635838150289,56
290,11.0301953818827,0.320809248554913,56
290,14.0142095914742,0.349710982658959,56
290,15.0799289520426,0.393063583815028,56
290,16.0923623445825,0.41907514450867,56
290,17.1047957371225,0.450867052023121,56
290,17.9573712255772,0.473988439306358,56
290,21.0479573712255,0.534682080924855,56
290,21.9538188277087,0.572254335260115,56
290,23.0728241563055,0.606936416184971,56
290,24.031971580817,0.661849710982659,56
290,25.0976909413854,0.713872832369942,56
290,28.0284191829484,0.817919075144508,56
290,29.0941385435168,0.875722543352601,56
290,30.0532859680284,0.953757225433526,56
290,31.0657193605683,1.0,56
291,0.0,0.0,32
291,0.312617561958147,0.0756499544405782,32
291,0.50642894062355,0.104328411494828,32
291,1.01784543899566,0.143381628096575,32
291,2.06267484427203,0.255425834057133,32
291,3.08704247416967,0.31264420489484,32
291,3.98742453388182,0.390777281035024,32
291,5.10783462196337,0.474084415480612,32
291,6.00668204852211,0.573105553986582,32
291,7.02606212067118,0.698210127513095,32
291,9.00305328054479,0.789163784789014,32
291,11.024420915771,0.942770971987616,32
292,0.0,0.0,32
292,0.314727682544079,0.0469288686876221,32
292,0.58296876914961,0.0625363010012416,32
292,1.0421437972579,0.14598730730496,32
292,1.99208171921541,0.216276702883298,32
292,3.01395557023877,0.307438175065408,32
292,3.98608172987259,0.409054335605087,32
292,4.96108532666904,0.471505379208917,32
292,6.03213138164941,0.560045186420628,32
292,7.00560034529246,0.643384292390244,32
292,8.95599119717372,0.763064364006458,32
292,10.9343251610565,0.835740966712314,32
293,0.0,0.0,32
293,0.315686828264957,0.0338738297090057,32
293,0.531686444606669,0.0938790517245973,32
293,0.990669643570793,0.179941065824039,32
293,2.06670325629972,0.200594670346944,32
293,3.03710295363596,0.325709901048133,32
293,4.08039772575892,0.458642169374477,32
293,4.98538368493128,0.474111058417303,32
293,6.05719705648835,0.55220683444612,32
293,7.01020424475267,0.580720105292885,32
293,8.99371759552825,0.582899497514214,32
293,11.0680940175949,0.68166486382795,32
294,0.0,0.0,32
294,0.317029632274186,0.0155967751389427,32
294,0.531302786318318,0.0991010673160437,32
294,1.04233562640208,0.143376299509237,32
294,2.04029477745155,0.226710076891515,32
294,3.03940490336606,0.294377807499453,32
294,4.06319704583118,0.35942920172433,32
294,5.03992710492521,0.398381175166651,32
294,6.01742448059595,0.426889117426079,32
294,6.99223624824822,0.491951168825632,32
294,9.02127704924147,0.541118044195303,32
294,11.0231420548098,0.626844357292438,32
295,0.0,0.0,32
295,0.26736372029113,0.102303712132597,32
295,0.536402086866909,0.138990274169654,32
295,1.02572084934624,0.199250703136741,32
295,2.05459776284432,0.272516478090044,32
295,3.00940378298301,0.36417115743822,32
295,4.03866715331601,0.421688816368593,32
295,5.01833522983446,0.500214698241621,32
295,5.99819653477038,0.570866522103183,32
295,7.00143847821886,0.688757326577495,32
295,8.98415526976834,0.893048070936298,32
295,11.0194946003392,0.952970350172831,32
296,0.0,0.0,32
296,0.292998690340726,0.0576786826115893,32
296,0.562294694806449,0.0838665006333596,32
296,1.00272666766859,0.136263606501062,32
296,2.0062906584795,0.241030980956265,32
296,3.03471670567017,0.33266955793632,32
296,4.03963329540331,0.382318526311269,32
296,5.04461429460892,0.429342808682396,32
296,6.02492646585224,0.481621830517207,32
296,7.00543186551302,0.526026794340554,32
296,9.01494299761685,0.63844816110956,32
296,11.001202310153,0.698381175258174,32
297,0.0,0.0,32
297,0.292676642978293,0.0708021126306974,32
297,0.512763810464392,0.102250037572192,32
297,1.00208257294372,0.162510466539279,32
297,2.00635506795199,0.238406294952444,32
297,3.01101401979517,0.298554007342679,32
297,4.04001975223822,0.366570410288339,32
297,4.99546986710178,0.431978229598299,32
297,6.02518410374219,0.471123086501921,32
297,6.9817935891105,0.489286557743091,32
297,9.01687528179144,0.559707580994911,32
297,11.0278678317624,0.61176116967602,32
298,0.0,0.0,71
298,0.138124302520588,0.0818521312477011,71
298,0.139302614106072,0.108167756656837,71
298,0.275070293455694,0.140312595465059,71
298,0.41057612578632,0.166609517515695,71
298,1.08587958777797,0.248386835329397,71
298,2.02905255020293,0.312582996153342,71
298,2.97196366560888,0.370931240219702,71
298,4.09266890691338,0.400014962686799,71
298,5.34848721002001,0.446623732068155,71
298,7.00728807536206,0.493176391374011,71
298,8.03883440669829,0.531044457883154,71
298,8.98043628700927,0.560153118161584,71
298,10.0562347645558,0.586319116702722,71
298,11.2664916863571,0.615390370264153,71
298,13.0597509959538,0.664848284590303,71
298,14.0461287165131,0.6939507104159,71
298,15.0771513538114,0.720122943409871,71
298,16.0188841576319,0.752155562067095,71
298,17.273785996172,0.7782966227969,71
298,18.3050704804892,0.810316772548457,71
298,20.054732261423,0.886096546736575,71
298,21.0873259808352,0.947356280276061,71
298,22.0733109308661,0.96768683096528,71
298,23.1034171035979,0.973391355307701,71
299,0.0,0.0,86
299,0.0367955714135797,0.218805750865778,86
299,0.250223003463112,0.508080596075138,86
299,0.50523402245776,0.598646237800398,86
299,1.00745093923811,0.712447965858606,86
299,1.51012698079546,0.84981809913597,86
299,2.01142564802182,0.916483016755868,86
299,2.5054439080701,0.942753699233917,86
299,3.01290796515898,0.992575296463427,86
299,3.50653268968412,0.998644488753629,86
299,4.0129473187113,0.994595445482212,86
300,0.0,0.0,6
300,0.0704500978473581,0.0989379484670578,6
300,0.510763209393346,0.320164709719504,6
300,1.02152641878669,0.366891919439008,6
300,2.02544031311154,0.439518101761252,6
300,3.02935420743639,0.491310950750162,6
300,4.01565557729941,0.532692229288975,6
300,5.01956947162426,0.626151744944553,6
300,7.00978473581213,0.688075872472276,6
300,9.05283757338551,0.723943044683626,6
301,0.0,0.0,6
301,0.0352250489236789,0.0963439742335288,6
301,0.528375733855186,0.361826280169601,6
301,1.00391389432485,0.49710534898891,6
301,2.02544031311154,0.567122268427918,6
301,3.04696673189823,0.582451687866927,6
301,3.96281800391389,0.589999184605348,6
301,5.01956947162426,0.602714244944553,6
301,7.00978473581213,0.633388372472276,6
301,9.07045009784735,0.648417115133724,6
302,0.0,0.0,69
302,0.0968285607752923,0.026058631921824,69
302,0.269499408484203,0.0416938110749185,69
302,0.366814137765481,0.0651465798045602,69
302,0.464128867046758,0.0885993485342019,69
302,0.536567974438484,0.112052117263843,69
302,0.998022914702327,0.231921824104234,69
302,1.16996450965226,0.255374592833876,69
302,1.88163417432958,0.359609120521172,69
302,3.04179428577781,0.456026058631921,69
302,4.12538285753346,0.57328990228013,69
302,4.94117361057584,0.62801302931596,69
302,5.98011570786522,0.690553745928338,69
302,7.04514884830911,0.740065146579804,69
302,8.11504367381285,0.737459283387622,69
303,0.0,0.0,69
303,0.122433435423822,0.0182410423452769,69
303,0.168295331155047,0.0599348534201954,69
303,0.215129563898244,0.0912052117263843,69
303,0.28562399726603,0.135504885993485,69
303,0.333673651274189,0.153745928338762,69
303,0.40368191613599,0.203257328990227,69
303,0.476850276286692,0.218892508143322,69
303,0.569060236255131,0.297068403908794,69
303,0.980763932739869,0.416938110749185,69
303,1.32318861712178,0.479478827361563,69
303,1.86559061363208,0.531596091205211,69
303,2.11167290574469,0.560260586319218,69
303,2.35799828211029,0.586319218241042,69
303,2.97429789153027,0.646254071661237,69
303,3.96932276711236,0.646254071661237,69
304,0.0,0.0,69
304,0.0527426160316464,0.0854846768820782,69
304,0.131856540079114,0.131474850099933,69
304,0.18459915611076,0.167617421718853,69
304,0.263713080158228,0.177423384410392,69
304,0.448312236268988,0.226619753497668,69
304,1.29219409277531,0.278585109926715,69
304,1.84599156110759,0.340647901399067,69
304,3.32278480999367,0.49737674883411,69
304,4.32489451459493,0.644611925383078,69
304,5.30063291118037,0.729367921385742,69
304,6.30274261578164,0.837129413724184,69
304,7.04113924022468,0.836546469020653,69
305,0.0,0.0,69
305,0.0791139240474683,0.0196743837441704,69
305,0.131856540079114,0.152856429047301,69
305,0.210970464126583,0.197201865423051,69
305,0.316455696189873,0.233302798134576,69
305,0.395569620237341,0.266135076615589,69
305,0.421940928253165,0.292430046635576,69
305,0.47468354428481,0.331862091938707,69
305,0.606540084363924,0.354784310459693,69
305,1.00210970460126,0.397235176548967,69
305,1.9778481011867,0.554359593604263,69
305,2.97995780578797,0.727910559626915,69
305,3.29641350197784,0.727660726182545,69
306,0.0,0.0,49
306,0.350481209344225,0.0510948905109487,49
306,1.08910728038012,0.132268392271588,49
306,2.01977148005172,0.174426883788064,49
306,3.1058563685768,0.231619837352694,49
306,4.03733428913246,0.294799451707118,49
306,6.13220058219791,0.412178689231275,49
306,7.02392242527572,0.448326302074503,49
306,9.1586610416596,0.595740558658135,49
306,11.1384439525523,0.740132423386725,49
306,12.3418208942211,0.827370083164211,49
306,13.1952978557485,0.875524922623862,49
306,15.7917649509103,0.950924880969102,49
306,18.1134268789444,0.927191355184322,49
307,0.0,0.0,49
307,1.00717861161771,0.0273514803461254,49
307,1.89678320592914,0.0366109192503201,49
307,2.98125800318187,0.0670036087074619,49
307,4.1020526948896,0.0672849326762641,49
307,5.88196034302122,0.0948401303791082,49
307,7.81855574094912,0.149543091071359,49
307,9.99053199332583,0.249485856194948,49
307,12.9478095533739,0.509264289317449,49
307,14.9339955764231,0.705545962516006,49
307,17.1439214621085,0.79646210857165,49
307,20.0052772496216,0.815252609522331,49
307,22.0170734546583,0.842866012184238,49
308,0.0,0.0,26
308,1.01551480959097,0.0257418732613432,26
308,1.97461212976022,0.118674634986647,26
308,2.99012693935119,0.13848765449305,26
308,5.07757404795486,0.114875374211855,26
308,6.99576868829337,0.142638130864045,26
308,10.0423131170662,0.144764936418827,26
308,14.0479548660084,0.202275096584288,26
308,20.9308885754583,0.508939273150961,26
308,27.87023977433,1.00335327271612,26
308,41.805359661495,1.00206548219671,26
309,0.0,0.0,26
309,0.987287711454405,0.0426829268292683,26
309,2.02784914306051,0.0589430894308944,26
309,3.01369101242311,0.0752032520325203,26
309,4.98348403456674,0.0731707317073171,26
309,7.11743574344088,0.0711382113821139,26
309,10.0308075584175,0.3130081300813,26
309,13.8983239353597,0.991869918699187,26
309,21.0120894642598,0.995934959349593,26
310,0.0,0.0,26
310,1.01551480959097,0.0534098574510666,26
310,2.03102961918194,0.484290070633358,26
310,2.99012693935119,0.527815717734157,26
310,5.02115655853314,0.518034642122457,26
310,6.99576868829337,0.642638130864045,26
310,10.0423131170662,0.680338058948471,26
310,13.9915373765867,0.68646203247908,26
310,20.8744710860366,0.854786288097136,26
310,27.7574047954866,0.93022516822112,26
310,41.805359661495,1.00008919761173,26
311,0.0,0.0,26
311,0.990846707372682,0.107723577235772,26
311,1.92330363796114,0.148373983739837,26
311,2.96686797237329,0.219512195121951,26
311,5.04988155216709,0.286585365853658,26
311,6.92436021487437,0.542682926829268,26
311,9.99010154260229,0.56910569105691,26
311,13.9489284085727,0.916666666666666,26
311,20.8469298099273,0.977642276422764,26
311,27.6882097138344,1.0020325203252,26
311,41.9155183343899,1.0060975609756,26
312,0.0,0.0,19
312,0.0470362574782399,0.0903796063452704,19
312,0.155482119494057,0.221779495358033,19
312,0.338961019347174,0.287351954525229,19
312,0.995177220888147,0.440129385120711,19
312,2.01518491959474,0.515835678896926,19
312,3.00557102479644,0.643625983011953,19
312,4.00983053455107,0.683731370892347,19
312,4.98417681767206,0.756742974557925,19
312,5.98822801804902,0.783149937757157,19
312,6.99236254217704,0.815036270828854,19
312,7.99674703755828,0.863360713517945,19
313,0.0,0.0,65
313,0.159397414173302,0.100916877509806,65
313,0.207655346904667,0.168166941343051,65
313,0.369490030407837,0.252278266521204,65
313,0.584944639168078,0.366667440402961,65
313,1.03437710359555,0.467723590445904,65
313,2.00051066595482,0.606002646178129,65
313,2.80237227548106,0.676975929063856,65
313,3.95081358371439,0.758199670388338,65
313,5.04612242055662,0.805784452542884,65
313,6.02834196049302,0.833146862886191,65
313,7.87627956639818,0.891177085025881,65
313,9.95965738956849,0.925790951927763,65
313,11.8699890903182,0.953599034377103,65
313,13.8397901627167,0.971351639934077,65
313,15.8105661428471,0.982382024558389,65
313,20.8552262018059,0.998249808500266,65
314,0.0,0.0,34
314,0.992063492063488,0.105612244897959,34
314,1.98412698412698,0.187061747776033,34
314,3.17460317460317,0.233372579801151,34
314,7.14285714285713,0.315214547357404,34
314,10.0198412698412,0.348560962846677,34
314,14.1865079365079,0.410648874934589,34
314,17.1626984126984,0.470381998953427,34
314,21.1309523809523,0.539037153322867,34
314,23.9087301587301,0.585557299843014,34
314,28.1746031746031,0.619086865515436,34
314,35.1190476190476,0.657365253793825,34
314,42.1626984126984,0.669283097854526,34
315,0.0,0.0,34
315,1.19047619047618,0.0572867608581895,34
315,1.78571428571428,0.103519099947671,34
315,3.07539682539682,0.134458398744113,34
315,7.24206349206348,0.222919937205651,34
315,10.2182539682539,0.282653061224489,34
315,14.0873015873015,0.355690737833594,34
315,17.063492063492,0.408830455259026,34
315,21.031746031746,0.475287807430664,34
315,24.1071428571428,0.510858189429618,34
315,28.0753968253968,0.553139717425431,34
315,35.0198412698412,0.602407116692831,34
315,42.063492063492,0.636302982731554,34
316,0.0,0.0,34
316,0.21040690866511,0.0580357142857141,34
316,0.433849897540987,0.238839285714285,34
316,1.1839962675644,0.560267857142857,34
316,2.32179449648712,0.665178571428571,34
316,3.04312426814988,0.705357142857142,34
316,7.14697379976581,0.758928571428571,34
316,10.3250329332552,0.776785714285714,34
316,14.324593823185,0.8125,34
316,17.1950472043325,0.828125,34
316,21.0896333430913,0.839285714285714,34
316,24.0620883343091,0.850446428571428,34
316,28.16090639637,0.854910714285714,34
316,35.3334949502341,0.859375,34
316,42.3011654713114,0.863839285714285,34
317,0.0,0.0,34
317,0.107048939982778,0.0383747178329569,34
317,0.953200996020573,0.246049661399548,34
317,2.00041888715645,0.404063205417607,34
317,3.03786274464173,0.46726862302483,34
317,7.06523003886341,0.532731376975169,34
317,9.95392241279002,0.553047404063205,34
317,14.0822880547345,0.598194130925507,34
317,17.0754695026878,0.632054176072234,34
317,20.9969514323613,0.670428893905191,34
317,23.9880384445323,0.683972911963882,34
317,28.0100532917549,0.697516930022573,34
317,35.0210607153661,0.704288939051918,34
317,42.1349282073956,0.708803611738148,34
318,0.0,0.0,34
318,0.111935956808078,0.0857787810383745,34
318,0.862209397035208,0.363431151241534,34
318,1.90547113169346,0.483069977426636,34
318,2.73370412603849,0.516930022573363,34
318,6.86160433780921,0.557562076749435,34
318,10.0598077773382,0.580135440180586,34
318,14.0813571943869,0.589164785553047,34
318,17.071978776384,0.598194130925507,34
318,20.9909008401014,0.611738148984198,34
318,23.8779642084196,0.616252821670428,34
318,27.7959554117893,0.620767494356659,34
318,34.909357473645,0.620767494356659,34
318,42.0241558260222,0.634311512415349,34
319,0.0,0.0,34
319,0.415191599891688,0.0713347306770431,34
319,1.05578008885501,0.349101922517625,34
319,1.98645111469918,0.469677975790518,34
319,3.01064053834505,0.506734327519982,34
319,6.99457442861011,0.549286452117577,34
319,10.0581167952022,0.572001644720347,34
319,13.8344548855214,0.580114929848665,34
319,16.8969943738529,0.593001915497477,34
319,21.0815039162395,0.601195430886644,34
319,24.0417498219891,0.611605307231755,34
319,28.1239657817937,0.61732171331722,34
319,35.0631311865052,0.621142679490136,34
319,42.1043394542336,0.624983703228265,34
320,0.0,0.0,50
320,0.0649698911737317,0.0333199818057148,50
320,0.2618958716624,0.103300090292534,50
320,0.389147244719922,0.209953903285154,50
320,0.845280687581041,0.42324116253335,50
320,1.24294122838579,0.506534328135289,50
320,1.83954405664668,0.629807398556677,50
320,2.70857235962226,0.699719617920012,50
320,5.058914181359,0.729482209655191,50
320,6.87336641796617,0.732632264984826,50
320,9.96414096497599,0.745653398868967,50
320,13.0549155119858,0.758674532753107,50
320,14.9365779808416,0.761817799170394,50
320,17.9581259886353,0.804845925634254,50
320,19.9730887514511,0.82464239404205,50
320,22.1222479446567,0.847758640588191,50
320,27.0263545577362,0.880596609617172,50
320,31.0589684926577,0.880189274876271,50
321,0.0,0.0,77
321,1.01373472924394,0.133208255159474,77
321,3.07832662589691,0.210131332082551,77
321,7.06890279707259,0.337711069418386,77
321,14.0891683256233,0.613508442776735,77
321,21.110465033012,0.911819887429643,77
321,28.0270970883519,0.924953095684803,77
