Formulation Index,t0.0000,t0.0204,t0.0408,t0.0612,t0.0816,t0.1020,t0.1224,t0.1429,t0.1633,t0.1837,t0.2041,t0.2245,t0.2449,t0.2653,t0.2857,t0.3061,t0.3265,t0.3469,t0.3673,t0.3878,t0.4082,t0.4286,t0.4490,t0.4694,t0.4898,t0.5102,t0.5306,t0.5510,t0.5714,t0.5918,t0.6122,t0.6327,t0.6531,t0.6735,t0.6939,t0.7143,t0.7347,t0.7551,t0.7755,t0.7959,t0.8163,t0.8367,t0.8571,t0.8776,t0.8980,t0.9184,t0.9388,t0.9592,t0.9796,t1.0000
1,0.0,0.059336007257250044,0.057477002542699995,0.0587084148727985,0.0587084148727985,0.0587084148727985,0.058171071310573766,0.055887361171118574,0.05360365103166338,0.05131994089220819,0.049036230752753,0.04763271998385221,0.04627483827931131,0.0450097847358121,0.0450097847358121,0.045890516058107136,0.04799244885295974,0.05350677333603458,0.05902109781910941,0.06453542230218424,0.07004974678525908,0.07556407126833391,0.08107839575140874,0.08409113362102505,0.08647099997687828,0.08885086633273152,0.09123073268858475,0.09361059904443798,0.09599046540029123,0.09837033175614447,0.11089811005941737,0.13881012287498007,0.16672213569054276,0.19463414850610544,0.23947213775081067,0.3561044770158459,0.47273681628088177,0.5893691555459176,0.668701690228107,0.7447430656823969,0.8186828547465936,0.8372504110978165,0.8558179674490393,0.8743855238002621,0.8929530801514848,0.9115206365027076,0.917808219178082,0.917808219178082,0.917808219178082,0.917808219178082
2,0.0,0.2370856892140825,0.474171378428165,0.6037998286801163,0.6537250758492803,0.7018037415272467,0.7332719034026719,0.7647400652780971,0.7920458023321281,0.8158308282138019,0.8396158540954758,0.8634008799771496,0.8871859058588235,0.9017567336630816,0.9122480668061745,0.9227393999492676,0.9332307330923605,0.9437220662354535,0.9461861993848545,0.9472356066605739,0.9482850139362935,0.9493344212120131,0.9503838284877326,0.9514332357634522,0.9524826430391716,0.9544212401495425,0.9570939384861478,0.9597666368227529,0.962439335159358,0.9651120334959631,0.9677847318325682,0.9704574301691734,0.9731301285057785,0.9758028268423836,0.9784755251789887,0.9800217539821247,0.9810678451652526,0.9821139363483805,0.9831600275315084,0.9842061187146364,0.9852522098977643,0.9862983010808922,0.9873443922640202,0.9883904834471481,0.989436574630276,0.9899679776884605,0.9904586552770979,0.9909493328657353,0.9914400104543726,0.99193068804301
3,0.0,0.07151652880197301,0.14303305760394602,0.1863390557202867,0.2037179229644722,0.2231354051165567,0.2782648144862475,0.3333942238559383,0.37203977167826124,0.4024589522533253,0.4328781328283893,0.4632973134034533,0.49371649397851736,0.5178158267986638,0.5395447972889108,0.5612737677791577,0.5830027382694047,0.6047317087596519,0.6339155111955443,0.665066992345891,0.6962184734962376,0.7273699546465842,0.7585214357969308,0.7896729169472775,0.8208243980976241,0.8418929991933093,0.851552115571736,0.8612112319501629,0.8708703483285897,0.8805294647070165,0.8901885810854433,0.89984769746387,0.9095068138422969,0.9191659302207238,0.9288250465991506,0.9327958493045189,0.9351957597830864,0.9375956702616541,0.9399955807402217,0.9423954912187893,0.944795401697357,0.9471953121759246,0.9495952226544923,0.9519951331330598,0.9543950436116274,0.958060504941454,0.9618237723860158,0.9655870398305775,0.9693503072751393,0.973113574719701
4,0.0,0.03717046926850561,0.07434093853701122,0.09661518833192112,0.10964111800604448,0.12790916943607372,0.1756707356368639,0.223432301837654,0.2586999894369879,0.28801501456325485,0.31733003968952184,0.34664506481578883,0.3759600899420558,0.4057399731782941,0.43561755923577933,0.4654951452932645,0.4953727313507498,0.525250317408235,0.5729084515943985,0.6228339397132029,0.6727594278320072,0.7226849159508116,0.7726104040696159,0.8225358921884203,0.8724613803072246,0.903161972162223,0.9117120792873384,0.9202621864124539,0.9288122935375694,0.937362400662685,0.9459125077878004,0.954462614912916,0.9630127220380315,0.971562829163147,0.9801129362882625,0.9815253063599415,0.980929485784444,0.9803336652089466,0.9797378446334492,0.9791420240579516,0.9785462034824541,0.9779503829069567,0.9773545623314592,0.9767587417559618,0.9761629211804643,0.9792875913260644,0.9831204052668475,0.9869532192076307,0.9907860331484138,0.994618847089197
5,0.0,0.024989360163317903,0.049978720326635806,0.06886921062893488,0.0823785179109747,0.1004683917179593,0.14389795376468736,0.18732751581141538,0.22005913045859082,0.24776405085656258,0.2754689712545343,0.3031738916525061,0.3308788120504778,0.3634646722036161,0.3977506617344111,0.43203665126520596,0.4663226407960009,0.5006086303267958,0.5450996597334202,0.5908730137805986,0.636646367827777,0.6824197218749554,0.7281930759221337,0.7739664299693121,0.8197397840164904,0.8520620990233557,0.8624581566595864,0.872854214295817,0.8832502719320477,0.8936463295682784,0.904042387204509,0.9144384448407397,0.9248345024769704,0.935230560113201,0.9456266177494318,0.9493527342207186,0.9487421857222188,0.948131637223719,0.9475210887252191,0.9469105402267193,0.9462999917282194,0.9456894432297196,0.9450788947312198,0.9444683462327199,0.9438577977342201,0.949337741447697,0.955281699765698,0.961225658083699,0.9671696164017,0.973113574719701
6,0.0,0.08627930060319193,0.15664981588965857,0.18577913814109615,0.220437132416178,0.2596511027891854,0.2919884459453663,0.3242735145297091,0.35655858311405186,0.3762901302539464,0.39079607241274994,0.40530201457155346,0.4271800278280146,0.459465096412358,0.49175016499670143,0.5240352335810449,0.5563203021653883,0.591652507073684,0.6302192015090553,0.6687858959444266,0.7073525903797979,0.7459192848151692,0.7844859792505405,0.8203079506520593,0.82795931909592,0.8356106875397807,0.8432620559836413,0.8509134244275021,0.8585647928713627,0.8662161613152234,0.8761745802941472,0.8884216458755576,0.900668711456968,0.9129157770383783,0.9251628426197888,0.9351115073451143,0.9442406247148641,0.953369742084614,0.9624988594543639,0.9716279768241136,0.9751235954891765,0.9771905320404434,0.9792574685917104,0.9813244051429773,0.9833913416942442,0.9854582782455111,0.9882324681131127,0.9921549787420751,0.9960774893710376,1.0
7,0.0,0.02605614889848024,0.046828453409580154,0.053271036030000815,0.0647333017635346,0.07923924392233822,0.09817783209794022,0.117221640918323,0.1362654497387058,0.1499289115408577,0.16201466261859293,0.17410041369632814,0.1897746958969573,0.2093190017772647,0.22886330765757215,0.24840761353787955,0.267951919418187,0.29108030104827337,0.31842366150254425,0.3457670219568152,0.3731103824110861,0.400453742865357,0.4277971033196279,0.4559619609743616,0.49770840079190304,0.5394548406094445,0.5812012804269857,0.6229477202445273,0.6646941600620687,0.7064405998796102,0.7411716134834616,0.770740093929111,0.8003085743747604,0.82987705482041,0.8594455352660594,0.8704625962380556,0.8746827855490256,0.8789029748599957,0.8831231641709658,0.8873433534819358,0.8946242757030606,0.9031944907927065,0.9117647058823526,0.9203349209719986,0.9289051360616446,0.9374753511512907,0.9478440141133998,0.9652293427422666,0.9826146713711332,1.0
8,0.0,0.01377977827699928,0.02591985699389239,0.03357122543775306,0.04531533729029459,0.06062823535788802,0.0657194162581232,0.0705506783719073,0.0753819404856914,0.08199279711884733,0.0894372383099577,0.09688167950106806,0.10690968211183786,0.11980205079935519,0.13269441948687252,0.14558678817438986,0.1584791568619072,0.18596727827661363,0.2260709088973323,0.2661745395180511,0.3062781701387698,0.3463818007594886,0.3864854313802073,0.42715708641223255,0.47768208135078993,0.5282070762893474,0.5787320712279045,0.6292570661664618,0.6797820611050193,0.7303070560435766,0.7737628169199827,0.8099226766635572,0.8460825364071317,0.8822423961507062,0.9184022558942807,0.9349455340640589,0.940956468839372,0.9469674036146851,0.9529783383899982,0.9589892731653114,0.9644369955186097,0.9697408649964836,0.9750447344743574,0.9803486039522311,0.9856524734301049,0.9909563429079787,0.9951700870239183,0.9967800580159455,0.9983900290079728,1.0
9,0.0,0.008745250090935155,0.017075694644389433,0.02351827726481015,0.02924478061901451,0.03434456489362653,0.037700587585338834,0.04100804179685497,0.044315496008371105,0.04929426860564589,0.05478653083443506,0.06027879306322423,0.07165033613331477,0.09244198770900669,0.11323363928469868,0.1340252908603906,0.15481694243608257,0.18737550065898462,0.230104518871774,0.2728335370845635,0.31556255529735283,0.35829157351014235,0.4010205917229317,0.44457065035463655,0.49306614556659983,0.5415616407785631,0.590057135990526,0.6385526312024893,0.6870481264144526,0.7355436216264157,0.7759055080608674,0.8103493439382767,0.844793179815686,0.8792370156930954,0.9136808515705047,0.9329678286955636,0.9441004497381877,0.9552330707808118,0.9663656918234358,0.9774983128660598,0.9802044805635182,0.9818144515555453,0.9834244225475725,0.9850343935395995,0.9866443645316266,0.9882543355236537,0.9903388250985357,0.993559216732357,0.9967796083661785,1.0
10,0.0,0.02340569623875614,0.04681139247751228,0.07575526420511243,0.1139044148162689,0.15205356542742535,0.22284043159222522,0.2938691267242206,0.339283885347402,0.3625819461742144,0.38588000700102687,0.4091780678278393,0.43247612865465174,0.4917506952517884,0.5675311277061819,0.6433115601605751,0.7190919926149687,0.7948724250693622,0.8237777602655344,0.8447028540709077,0.865627947876281,0.8865530416816543,0.9074781354870275,0.9284032292924008,0.9493283230977742,0.9614626220264582,0.963157247019852,0.9648518720132456,0.9665464970066394,0.9682411220000331,0.9699357469934269,0.9716303719868206,0.9731763530273614,0.974155413876152,0.9751344747249425,0.976113535573733,0.9770925964225236,0.9783345199224217,0.9807071230511685,0.9830797261799153,0.9854523293086621,0.9878249324374089,0.9901975355661558,0.9925701386949025,0.9949427418236494,0.9955533695873726,0.9960507765762787,0.9965481835651848,0.9970455905540909,0.997542997542997
11,0.0,0.030913596360464767,0.061827192720929534,0.09411061372324286,0.12802393202252377,0.16193725032180464,0.21575245718705457,0.2697005338094245,0.3067394537814928,0.32902248995077576,0.3513055261200587,0.3735885622893416,0.39587159845862463,0.45162468904923353,0.522954356164138,0.5942840232790423,0.6656136903939467,0.7369433575088512,0.7749367222566405,0.8103785387201814,0.8458203551837222,0.8812621716472632,0.916703988110804,0.952145804574345,0.9875876210378858,0.9929016921591441,0.9932196140427845,0.9935375359264248,0.9938554578100651,0.9941733796937053,0.9944913015773457,0.994809223460986,0.995085995085995,0.995085995085995,0.995085995085995,0.995085995085995,0.995085995085995,0.9953567515178735,0.9963624073595185,0.9973680632011636,0.9983737190428087,0.9993793748844537,1.0003850307260989,1.001390686567744,1.002396342409389,1.0029244008047247,1.0034218018320435,1.0039192028593622,1.004416603886681,1.004914004914
12,0.0,0.060974833547991436,0.12194966709598287,0.17083320859396867,0.2094987040854478,0.24816895105855286,0.31326334882768464,0.3783577465968164,0.41965559096998656,0.4465060572385061,0.4733565235070257,0.5002069897755452,0.5270574560440648,0.5814282621517325,0.6439099412136928,0.7063916202756529,0.7688732993376133,0.8313549783995736,0.8579405365998576,0.8785325297689046,0.8991245229379516,0.9197165161069988,0.9403085092760458,0.9609005024450928,0.98149249561414,0.992786330391584,0.9931289774700338,0.9934716245484836,0.9938142716269334,0.9941569187053831,0.9944995657838329,0.9948422128622827,0.9952272322452843,0.9957167337989712,0.9962062353526581,0.9966957369063449,0.9971852384600318,0.9979038818324524,0.9992447813876366,1.000585680942821,1.0019265804980053,1.0032674800531898,1.004608379608374,1.0059492791635583,1.0072901787187427,1.0078384216162914,1.008335818669221,1.0088332157221507,1.0093306127750803,1.00982800982801
13,0.0,0.2556616504326574,0.5113233008653147,0.6438114231970252,0.6537670196181904,0.6639220405248039,0.6798585794130357,0.6957951183012675,0.711018498858531,0.7256962789955073,0.7403740591324834,0.7550518392694597,0.769729619406436,0.7883782068118318,0.8086324052354622,0.8288866036590926,0.849140802082723,0.8693950005063534,0.8776551326811115,0.8839585104500665,0.8902618882190214,0.8965652659879764,0.9028686437569313,0.9091720215258863,0.9154753992948412,0.9210722292320215,0.9258183137123251,0.9305643981926289,0.9353104826729326,0.9400565671532363,0.94480265163354,0.9495487361138437,0.9540345095107844,0.9575171726438221,0.9609998357768598,0.9644824989098975,0.9679651620429351,0.9713233550398915,0.9743408302281771,0.9773583054164627,0.9803757806047483,0.9833932557930338,0.9864107309813195,0.989428206169605,0.9924456813578906,0.9940306668424569,0.9955230001318427,0.9970153334212284,0.9985076667106142,1.0
14,0.0,0.013822848727119712,0.025667999158426172,0.03334735956238144,0.04128694342631233,0.04904729536541029,0.050622548781606255,0.05219780219780222,0.053773055613998186,0.06636968824008567,0.08212222240204527,0.09787475656400486,0.14178613144511132,0.2132836248612474,0.2847811182773837,0.3562786116935198,0.42777610510965614,0.4861960510221896,0.5372182421806732,0.5882404333391569,0.6392626244976405,0.6902848156561242,0.730112283654645,0.7648714939041282,0.7996307041536114,0.8310674435771178,0.8591817121746486,0.8872959807721795,0.9154102493697105,0.9435245179672415,0.9582590496860703,0.962031367077487,0.9658036844689037,0.9695760018603204,0.9733483192517371,0.9751331143083716,0.9763145543705185,0.9774959944326653,0.9786774344948123,0.9798588745569592,0.981040314619106,0.9821905522649379,0.983231821472254,0.98427309067957,0.9853143598868861,0.986355629094202,0.9886144783051988,0.9941278652618825,0.9996412522185663,1.00515463917525
15,0.0,0.016062536944085475,0.029951843280267395,0.036766252892909745,0.04798354501865862,0.06016443056207419,0.06724093285212586,0.07431743514217752,0.08139393743222918,0.10230380812118664,0.12570592534355005,0.14910804256591342,0.18928045444982058,0.23834420366084508,0.28740795287186965,0.3364717020828942,0.38553545129391875,0.4296058629637416,0.4704923206395957,0.5113787783154499,0.5522652359913041,0.5931516936671583,0.6300573322112364,0.6660885230380836,0.702119713864931,0.737146049319127,0.7709831177405227,0.8048201861619186,0.8386572545833146,0.8724943230047105,0.8932663402596754,0.9047006885927533,0.9161350369258312,0.9275693852589091,0.939003733591987,0.9459990181639663,0.9503235473412202,0.9546480765184739,0.9589726056957278,0.9632971348729816,0.9676216640502355,0.9719034076481642,0.9756043370067543,0.9793052663653445,0.9830061957239347,0.9867071250825249,0.9904727761967503,0.994507623993707,0.9985424717906635,1.00257731958762
16,0.0,0.043651101243535835,0.07332737218598769,0.08254260467073414,0.10634135834009549,0.13559606464087762,0.16314073106182173,0.19062475777071483,0.21810878447960794,0.2542294475284159,0.29282315622521715,0.33141686492201844,0.3703123979773198,0.4095036165906092,0.4486948352038987,0.4878860538171881,0.5270772724304776,0.563954067790978,0.5995216317671926,0.6350891957434073,0.6706567597196219,0.7062243236958365,0.7330370292446872,0.7583789185777408,0.7837208079107942,0.8091473003669416,0.8346583959461826,0.8601694915254238,0.8856805871046648,0.9111916826839059,0.9262349541010105,0.9327017839148677,0.9391686137287248,0.945635443542582,0.9521022733564392,0.9569313847664358,0.9612633316609747,0.9655952785555135,0.9699272254500523,0.9742591723445911,0.97859111923913,0.9824223416432788,0.9845048800579108,0.9865874184725429,0.988669956887175,0.9907524953018071,0.9933402385537868,0.9972783720942746,1.0012165056347622,1.00515463917525
17,0.0,0.2296494444611429,0.40887195898435263,0.42665574097246,0.448603098320174,0.4721579353390836,0.4823970825443574,0.49263622974963117,0.5028753769549049,0.5284058821575284,0.5583149700466177,0.5882240579357071,0.6140091717274003,0.6369170942883519,0.6598250168493035,0.682732939410255,0.7056408619712067,0.7225632695853098,0.7360997692804178,0.7496362689755258,0.7631727686706338,0.7767092683657418,0.7915001051967177,0.8068588260046287,0.8222175468125398,0.8359874344334252,0.8481684888672852,0.8603495433011454,0.8725305977350056,0.8847116521688658,0.8934633612312648,0.9002316110788189,0.906999860926373,0.9137681107739271,0.9205363606214811,0.9280616290925573,0.9359378961735372,0.9438141632545171,0.9516904303354968,0.9595666974164767,0.9674429644974565,0.9745940857679721,0.9772421410796808,0.9798901963913894,0.9825382517030982,0.9851863070148068,0.9881855993785296,0.9921237329190193,0.9960618664595092,0.999999999999999
18,0.0,0.00961091123379443,0.01922182246758886,0.027970762773194355,0.034812451985704165,0.03707121146330856,0.03932997094091296,0.04336734693877536,0.04760870913715023,0.0515489630502657,0.05507438537725126,0.05859980770423683,0.06212523003122241,0.06674750855194214,0.07182704425828483,0.0769065799646275,0.0818437303999615,0.08513050610315047,0.08841728180633945,0.09277837805087398,0.09761913176948168,0.10245988548808939,0.10730063920669708,0.10714285714285667,0.10635517829342384,0.10556749944399102,0.1068319977894447,0.1138850511190938,0.12093810444874291,0.127991157778392,0.13504421110804107,0.15178442197547895,0.18323149928664692,0.2146785765978149,0.24612565390898286,0.2859215252832309,0.32960466585086895,0.373287806418507,0.41697094698614506,0.4606540875537829,0.5226660877116798,0.588764654798089,0.6548632218844984,0.7209617889709077,0.7870603560573167,0.8208160163761553,0.8529790335587122,0.8851420507412692,0.917305067923826,0.949468085106383
19,0.0,0.07428869179075838,0.10576245128226103,0.12944460739067173,0.1598017677666104,0.1689214435351533,0.17804111930369615,0.18689144124299967,0.1956851646292445,0.20277498445065345,0.20717016152243745,0.21156533859422144,0.21596051566600544,0.22080205253988364,0.22581077790799078,0.2308195032760979,0.23582822864420505,0.25382636566891087,0.2720802288730581,0.2827904333907159,0.28908456918393716,0.2953787049771584,0.30167284077037965,0.31031055509996835,0.31954431857516796,0.3287780820503675,0.34166691661716997,0.3625740466881307,0.38348117675909144,0.40438830683005217,0.4252954369010128,0.44798288215541715,0.4729334971343141,0.49788411211321104,0.522834727092108,0.551564104635989,0.5813164232559354,0.6110687418758817,0.6408210604958279,0.6705733791157741,0.6984751086818531,0.726000332209438,0.7535255557370231,0.7810507792646081,0.808576002792193,0.8273077024899911,0.8456818492535523,0.8640559960171136,0.8824301427806748,0.900804289544236
20,0.0,0.026963428514923903,0.04672482799237809,0.05568745734808981,0.0729457918201629,0.09197612917592514,0.09479448571067302,0.0976128422454209,0.10061984215930928,0.12013830100765582,0.13965675985600237,0.15917521870434892,0.18847791349986825,0.22363531466506922,0.2587927158302703,0.29395011699547124,0.3291075181606723,0.3924974598539969,0.4721967435709523,0.5518960272879079,0.6152161950665275,0.6557376734303214,0.6962591517941151,0.7367806301579091,0.777302108521703,0.8102720161477831,0.8362148951104771,0.8621577740731712,0.8881006530358653,0.9140435319985594,0.928107167787515,0.9316587000513878,0.9352102323152608,0.9387617645791337,0.9423132968430066,0.9447396358546121,0.9467734338284257,0.9488072318022395,0.9508410297760531,0.9528748277498669,0.9549086257236805,0.9569424236974942,0.9589762216713079,0.9612859111483089,0.9638958213703364,0.9665057315923639,0.9691156418143915,0.971725552036419,0.9743354622584465,0.976945372480474
21,0.0,0.07803737278414763,0.14202446836012392,0.1870023653603385,0.23227855832448377,0.2776476631462468,0.32301676796800977,0.36944702400572244,0.41683736923881815,0.4642277144719138,0.5093968686293298,0.5456812584840248,0.5819656483387199,0.6182500381934148,0.6396821144341867,0.6605355291055842,0.6813889437769819,0.6978640909122179,0.7118496349386553,0.7258351789650926,0.7381689566338816,0.7480250847661973,0.757881212898513,0.7669109145078079,0.7716813409599944,0.7764517674121808,0.7812221938643672,0.7840268010132737,0.7864499805361704,0.788873160059067,0.790800809674669,0.7923981060187409,0.793995402362813,0.7952854375637105,0.7960351169610943,0.7967847963584781,0.7975352907721567,0.7983067039374047,0.7990781171026525,0.7998495302679004,0.7999602368900885,0.7999057668765117,0.7998512968629349,0.7997968268493582,0.7997423568357817,0.799687886822205,0.7996334168086285,0.7995789467950517,0.7995244767814749,0.799470006767898
22,0.0,0.031031825473781725,0.06247371853545723,0.09460078780318586,0.13110190030781535,0.1690702550746943,0.20703860984157327,0.2537273661887154,0.3092195759032098,0.3647117856177042,0.4174253127469806,0.46164248358783055,0.5058596544286806,0.5500768252695305,0.579846182078787,0.608322446902164,0.636798711725541,0.6594336927188107,0.6791480317970265,0.6988623708752425,0.7152396551313306,0.7269222236994306,0.7386047922675306,0.7499274718565484,0.7594195621815419,0.7689116525065355,0.7784037428315289,0.7824845557454543,0.7860504547299327,0.7896163537144112,0.7923782961698926,0.7945687776061829,0.7967592590424731,0.7987063543164568,0.800166677265827,0.8016270002151973,0.803025946666557,0.8037391277001569,0.8044523087337567,0.8051654897673567,0.8059048840390411,0.8066528511921918,0.8074008183453424,0.8081384621435992,0.8088686236182843,0.8095987850929695,0.81008902,0.81008902,0.81008902,0.81008902
23,0.0,0.020809578482405673,0.04186519708353922,0.0633319206945931,0.0876859532179001,0.11264725912560407,0.13760856503330807,0.17521952411237277,0.22560060924777198,0.27598169438317116,0.3249232210146647,0.3694630206452305,0.4140028202757964,0.4585426199063621,0.4885653161780302,0.5185188833874458,0.5484724505968614,0.574033733645347,0.5973988746133675,0.620764015581388,0.6412582547184543,0.6577135825076287,0.674168910296803,0.6888368940534524,0.6978975239375753,0.7069581538216982,0.7160187837058212,0.7223889976144608,0.7282302828623352,0.7340715681102093,0.7386324769814978,0.7422832804884362,0.7459340839953744,0.7493415004417202,0.7522621427668809,0.7551827850920414,0.757980674390344,0.7594070348854168,0.7608333953804897,0.7622597558755624,0.7631614917922406,0.7638916523735307,0.7646218129548209,0.764985163,0.764985163,0.764985163,0.764985163,0.764985163,0.764985163,0.764985163
24,0.0,0.03395247012312713,0.06667474080374408,0.09734148835816508,0.13448995069930486,0.17300168001147168,0.21151340932363852,0.26249857832489937,0.3260759816766204,0.3896533850283414,0.44686115116438246,0.4907703576614087,0.534679564158435,0.5785887706554611,0.6075972666606448,0.6352721362819563,0.6629470059032679,0.6822348568062863,0.698638000611239,0.7150411444161918,0.730089712688132,0.743232604342059,0.7563754959959859,0.7681792635474326,0.7731715248491442,0.7781637861508558,0.7831560474525674,0.7864765822647791,0.7894684600732729,0.7924603378817666,0.7953601037975545,0.7982128244984715,0.8010655451993887,0.802967359,0.802967359,0.802967359,0.8029742799356178,0.8044346014057782,0.8058949228759387,0.8073552443460991,0.807715134,0.807715134,0.807715134,0.807715134,0.807715134,0.807715134,0.807715134,0.807715134,0.807715134,0.807715134
25,0.0,0.03103182780970474,0.06302047736031849,0.09660786704047773,0.1236341927479258,0.14845965520518137,0.17328511766243695,0.2101011328575628,0.25902189652867064,0.30794266019977845,0.35851640518380035,0.4141444584556356,0.4697725117274708,0.525400564999306,0.5654898158134258,0.6041883304648147,0.6428868451162036,0.6689292418457748,0.6886435796144372,0.7083579173830996,0.721701516853446,0.7260824806355616,0.7304634444176772,0.7349643714410266,0.740075496104676,0.7451866207683256,0.7502977454319751,0.7534087143029143,0.7563293569268515,0.7592499995507886,0.7607094623996734,0.7614226424997959,0.7621358225999184,0.76285466286043,0.7635848234417202,0.7643149840230103,0.764985163,0.764985163,0.764985163,0.764985163,0.764985163,0.764985163,0.764985163,0.764985163,0.764985163,0.764985163,0.764985163,0.764985163,0.764985163,0.764985163
26,0.0,0.1027412732161498,0.20237316997651905,0.29710098011363434,0.39182879025074957,0.4865566003878648,0.5364240789062238,0.5779966911389508,0.6195693033716778,0.6606209647278554,0.6999747499059856,0.739328535084116,0.7786823202622465,0.8032762733736655,0.8217372368028526,0.8401982002320396,0.8581922535239767,0.8741159956171307,0.8900397377102848,0.9059634798034388,0.9154621018803604,0.9216847532680266,0.9279074046556927,0.9341300560433589,0.9403527074310251,0.9465753588186913,0.9527980102063575,0.9549219832584028,0.9559187096240039,0.956915435989605,0.9579121623552062,0.9589088887208073,0.9599056150864084,0.9609023414520095,0.962137311888227,0.9634520056961183,0.9647666995040095,0.9660813933119008,0.967396087119792,0.9687107809276833,0.9700254747355744,0.9713485004452093,0.972674862475601,0.9740012245059927,0.9753275865363844,0.9766539485667761,0.9779803105971678,0.9793066726275595,0.9806330346579513,0.981959396688343
27,0.0,0.015291616874750532,0.030583233749501063,0.0458748506242516,0.08379288723282721,0.14008258623398157,0.21088865295619386,0.2777253268499432,0.3387556096824231,0.39605880363243784,0.4520172315405535,0.5065503738906711,0.5581076050014082,0.6064185178312015,0.6501505135906903,0.6929496261533505,0.7345363388188945,0.769821585550821,0.7999982040293436,0.8190809679276257,0.8374862810423325,0.8549689852787468,0.8687680730410355,0.881328019063371,0.8928670735800922,0.9016944593917222,0.9080040585355279,0.9159578588651627,0.9224198347181659,0.9240191374542396,0.9255758658943205,0.9271115741301169,0.9286472823659132,0.9296279376953446,0.9295742868107626,0.930658872789599,0.9321055074690401,0.9320518565844581,0.9319982056998763,0.9319445548152947,0.9332710959294261,0.9344757754735713,0.9344221245889893,0.935287306743047,0.936823014978844,0.9368996943626852,0.9368460434781033,0.9367923925935213,0.9367387417089396,0.936685090824358
28,0.0,0.00949832041248327,0.01899664082496654,0.028494961237449812,0.052543663112273944,0.0832751750763247,0.12945031143176114,0.17836416886705223,0.2308622637496914,0.28625731875934124,0.3426135294219214,0.39553198128774253,0.44634045610587647,0.49465784889385006,0.5370793039070276,0.5786715946116329,0.6202638853162388,0.6545759404298372,0.6848906255278641,0.7142726123399057,0.7413755922240249,0.7659210532294329,0.7869266797852086,0.8061296315441828,0.8220153838291367,0.8362755722591289,0.8489656592390157,0.8606760154536347,0.8712735412206275,0.8791774381471072,0.8832895715858747,0.8848973588460936,0.8880238138325862,0.8911943129102075,0.8944480530221094,0.8964125656918012,0.8978044568487409,0.897750798767949,0.897697140687157,0.8976434826063647,0.8989149974192534,0.9001746888722211,0.9001210307914292,0.9000673727106371,0.9000137146298449,0.899960056549053,0.8993975768995495,0.8977553140969038,0.8992574916668324,0.902383946653325
29,0.0,0.0038414889291434376,0.007682977858286875,0.011524466787430314,0.021756701645331805,0.036023596604848385,0.07170905668429346,0.10936755944404009,0.14922388434722075,0.19607005299080477,0.2462416039164741,0.30394600235449964,0.3583439940900289,0.4082734771706085,0.4538513471587389,0.4996082025219661,0.5495376856025458,0.58846683473165,0.6203437592554384,0.6550498586469107,0.6882026528764916,0.7184737633706784,0.7472297325082872,0.7752462768684609,0.8023087078551657,0.8271081918552796,0.8493649614373586,0.8655767640344224,0.8799388534889595,0.8926106996225034,0.9027747363117113,0.910985620756774,0.9188890242322744,0.9248576902273903,0.9264549083178193,0.9292204315074724,0.9321080250355347,0.9320544440833554,0.9320008631311764,0.9319472821789977,0.9331379253747428,0.9344786427020799,0.9344250617499008,0.9343714807977217,0.9343178998455426,0.9356293184169033,0.9371755794570176,0.9387727975474466,0.9383918524768834,0.936688517512087
30,0.0,0.7454430819417664,0.7520310603242856,0.7844936432928282,0.7995586238992226,0.7974664283985107,0.8223168124269641,0.8912596429978136,0.9063414065922977,0.9029887687357827,0.8910675678904185,0.889521386260146,0.8879752046298736,0.886429022999601,0.8848828413693286,0.8833366597390561,0.8817904781087835,0.8802442964785111,0.8786981148482386,0.8771519332179661,0.8775166283384787,0.8817060986843981,0.8858955690303174,0.8900850393762367,0.8942745097221562,0.8984639800680755,0.9026534504139948,0.9068429207599141,0.9110323911058335,0.9152218614517529,0.9167981576438284,0.9167485945169258,0.9166990313900233,0.9166494682631207,0.9165999051362181,0.9165503420093155,0.9165007788824129,0.9164512157555104,0.9164016526286077,0.9163520895017052,0.9159175313837451,0.9153723215916296,0.9148271117995141,0.9142819020073988,0.9137366922152833,0.9131914824231678,0.9126462726310524,0.912101062838937,0.9115558530468215,0.911010643254706
31,0.0,0.673197786359905,0.7830802746219027,0.7840643757246445,0.8312126534263462,0.8336882125422845,0.8491688796943874,0.9060816416947339,0.9043567680388114,0.9047564611037285,0.907089000049473,0.9049368033808237,0.9027846067121744,0.900632410043525,0.8984802133748757,0.8963280167062264,0.8941758200375771,0.8920236233689278,0.8898714267002785,0.8877192300316292,0.8884831218063595,0.8938508702553642,0.8992186187043689,0.9045863671533737,0.9099541156023785,0.9153218640513832,0.9206896125003879,0.9260573609493926,0.9314251093983974,0.9367928578474022,0.9386705192483679,0.938854842118619,0.9390391649888702,0.9392234878591214,0.9394078107293725,0.9395921335996237,0.9397764564698748,0.939960779340126,0.9401451022103772,0.9403294250806283,0.9405159878935957,0.9407031989214969,0.9408904099493982,0.9410776209772994,0.9412648320052007,0.9414520430331019,0.9416392540610032,0.9418264650889044,0.9420136761168058,0.942200887144707
32,0.0,0.002047770354459852,0.004634735592922556,0.007670392555189058,0.010706049517455558,0.013704642625503206,0.01667575017873688,0.019646857731970554,0.024323902053991275,0.03045793064983237,0.03659195924567346,0.04507142185230673,0.055336612626247665,0.06560180340018856,0.07285553338581634,0.07806903127892871,0.08328252917204108,0.08983940800036144,0.09700622714072749,0.10417304628109356,0.11503792188733904,0.1273686937503299,0.13969946561332072,0.16740882184252726,0.20039540459601643,0.23338198734950558,0.2543948629513099,0.27188958753692566,0.2893843121225414,0.32674059835409125,0.36902229600830494,0.41130399366251885,0.4464698368906607,0.4801748826316458,0.5138799283726309,0.5830800586051984,0.6553126820506346,0.7275453054960709,0.7664301217335209,0.8035478666651098,0.8406656115966988,0.861621183981195,0.8822142802003853,0.9027589296588182,0.915842777960525,0.9289266262622321,0.9420104745639392,0.9593799871776242,0.9768747117632401,0.994369436348856
33,0.0,0.002047770354459852,0.0034955842802235158,0.004444143683762451,0.005392703087301386,0.007935424670050628,0.012003872176842043,0.016072319683633457,0.021254848345551126,0.02738887694139232,0.03352290553723351,0.04082965113847078,0.049029260823361856,0.05722887050825292,0.06364837226049663,0.068861870153609,0.0740753680467214,0.08063224687504185,0.08779906601540802,0.09496588515577421,0.11026842852107498,0.12879594365121547,0.1473234587813559,0.1802934705336818,0.21821948632620364,0.2561455021187255,0.27638912687296824,0.2931672212848317,0.3099453156966951,0.35012031101621394,0.39859875193757693,0.4470771928589402,0.47670420791856305,0.5024612568603779,0.5282183058021926,0.5849923869037705,0.646897104903959,0.7088018229041474,0.7551427205565849,0.799489999299848,0.8438372780431114,0.8601064727996957,0.8737619107958815,0.8874071367677493,0.8994797109946086,0.9115522852214678,0.9236248594483272,0.9369517744494246,0.9503153368569408,0.963678899264457
34,0.0,0.0018789315523982744,0.003395979220808287,0.004411956896003779,0.005427934571199271,0.009308536356908646,0.01531346613468433,0.021318395912460007,0.027949996339994156,0.03511681548036024,0.04228363462072633,0.050036812263790476,0.05823642194868156,0.06643603163357262,0.07348459408381952,0.07975333448981606,0.08602207489581262,0.0957496351809652,0.10704761649943076,0.11834559781789636,0.13260202430906573,0.14803116780563152,0.16346031130219726,0.19734375603822196,0.23755987260338585,0.27777598916854973,0.3052201514385829,0.3289116192913481,0.35260308714411337,0.39284585636849023,0.4371931351117535,0.481540413855017,0.509178474220829,0.5333863373458565,0.557594200470884,0.6162741132853509,0.6778991171797301,0.7395241210741093,0.7821711822650427,0.822387298830206,0.8626034153953694,0.8782537759634094,0.8916173383709249,0.9049809007784405,0.9193186178802112,0.9337149708322517,0.9481113237842924,0.9645146219751136,0.9809765560162048,0.997438490057296
35,0.0,0.15672407460636803,0.2818477898230277,0.351986246699689,0.42212470357635024,0.4826631109185524,0.5021566783778895,0.5216502458372265,0.5411438132965635,0.5606373807559005,0.5801309482152376,0.5996245156745745,0.622295870982144,0.6491036977315832,0.6759115244810224,0.7027193512304616,0.7295271779799009,0.7570245609051637,0.7857054374087896,0.8143863139124158,0.8430671904160417,0.8717480669196679,0.9004289434232938,0.924066670142289,0.924089885406848,0.924113100671407,0.9241363159359658,0.9241595312005247,0.9241827464650837,0.9242059617296425,0.9242291769942015,0.9242523922587604,0.9242756075233193,0.9242988227878782,0.9243220380524372,0.9271576809728478,0.9316027344647922,0.9360477879567367,0.9404928414486811,0.9449378949406255,0.9493829484325699,0.9538280019245143,0.9582730554164588,0.9627181089084031,0.9671631624003476,0.971608215892292,0.9760532693842364,0.9804983228761809,0.9849433763681252,0.9893884298600697
36,0.0,0.4570650744540296,0.4940869892208237,0.49974943096323515,0.5039389537105087,0.5103287797667809,0.5169186333965986,0.5235084870264162,0.5300983406562338,0.5386571238829782,0.549957664610841,0.5612582053387039,0.5725587460665666,0.5862634496635599,0.6010357645685405,0.6158080794735209,0.6305803943785014,0.6453527092834819,0.6601250241884623,0.6711543087761668,0.6794403962296492,0.6877264836831316,0.6960125711366141,0.7042986585900965,0.7125847460435789,0.7263868781751516,0.7466212793550772,0.766855680535003,0.7870900817149288,0.8073244828948545,0.8275588840747802,0.8431834479165893,0.8501040138013355,0.8570245796860818,0.863945145570828,0.8708657114555742,0.8777862773403204,0.8848250441824543,0.8922576806554767,0.8996903171284992,0.9071229536015217,0.9145555900745442,0.9219882265475666,0.9294208630205891,0.9368534994936116,0.9442861359666341,0.9517187724396565,0.959151408912679,0.9665840453857015,0.974016681858724
37,0.0,0.3333606083943003,0.4723912206391984,0.5887747400847124,0.6881524836349628,0.7656892568348092,0.8057422025413938,0.8457951482479785,0.8821952680443246,0.8912249176400119,0.9002545672356992,0.9092842168313865,0.9183138664270738,0.9273435160227611,0.9351246630727759,0.9394782441278393,0.9438318251829029,0.9481854062379663,0.9525389872930298,0.9566278398151706,0.9569906382364259,0.9573534366576812,0.9577162350789364,0.9580790335001917,0.9584418319214469,0.9593597602222931,0.960363829366524,0.9613678985107549,0.9623719676549858,0.9633760367992167,0.9643801059434476,0.9653841750876785,0.9663882442319094,0.9673923133761403,0.9683963825203712,0.9694004516646021,0.970404520808833,0.9714085899530639,0.9724126590972948,0.9734167282415257,0.9740641617632548,0.9746398419027674,0.97521552204228,0.9757912021817926,0.9763668823213051,0.9769425624608177,0.9775182426003303,0.9780939227398429,0.9786696028793554,0.979245283018868
38,0.0,0.19927319984597572,0.21915190604543675,0.24556218713900627,0.27458606083942994,0.30230554485945305,0.32842703118983424,0.35454851752021543,0.3788730586574249,0.39596489539211877,0.4130567321268127,0.4301485688615066,0.4472404055962005,0.4643322423308944,0.48318473978851323,0.5053321880276056,0.5274796362666979,0.5496270845057902,0.5717745327448825,0.593752406623026,0.6133435213708119,0.6329346361185979,0.6525257508663839,0.6721168656141698,0.6917079803619558,0.6984682950181598,0.7032376234532564,0.708006951888353,0.7127762803234496,0.7175456087585462,0.7223149371936428,0.7270842656287395,0.7318535940638361,0.7366229224989327,0.7413922509340293,0.7461615793691259,0.7509309078042226,0.7557002362393191,0.7604695646744157,0.7652388931095123,0.7693925285692003,0.7734222895457881,0.7774520505223758,0.7814818114989636,0.7855115724755513,0.7895413334521391,0.7935710944287268,0.7976008554053146,0.8016306163819023,0.80566037735849
39,0.0,0.1665181001691893,0.19925860766865758,0.22209352027710866,0.24465077080031752,0.26130566037914854,0.2745591894137618,0.287812718448375,0.30106624748298827,0.3037441176826387,0.3037066160192584,0.31037465371448,0.35171414240768195,0.38713302109864095,0.4225518997896001,0.45797077848055917,0.492468337757904,0.5200978795883059,0.5477274214187078,0.5753569632491097,0.605929001982858,0.640399849113541,0.6748706962442239,0.7094931468734491,0.7452457326736258,0.7809983184738025,0.816750904273979,0.848104244661705,0.8714589570267933,0.8948136693918816,0.9181683817569697,0.9374071620349376,0.9527872559812299,0.9681673499275222,0.9835474438738145,0.9899527479041406,0.9920843424506728,0.994215936997205,0.9963475315437373,0.9969922456237972,0.997497018012895,0.9980017904019928,0.9984249301380294,0.9983874284746491,0.9983499268112689,0.9983124251478886,0.9982749234845084,0.9982374218211283,0.9981999201577482,0.998162418494368
40,0.0,0.11669376709146964,0.18117066637044477,0.25495440930761987,0.3190249971973954,0.3432266744486131,0.3746842495693617,0.4163284338783879,0.4348018602552997,0.4497726811816489,0.46414443096612296,0.47851618075059704,0.4928879305350711,0.5051152993290833,0.5168233982877734,0.5285314972464634,0.5402395962051535,0.5462623981888428,0.5504442464179988,0.554626094647155,0.558807942876311,0.5677500448319488,0.5794581437906383,0.5911662427493279,0.6028743417080176,0.6105006879826271,0.6152054421123474,0.6199101962420678,0.624614950371788,0.6369556380564948,0.6582576004840193,0.6795595629115438,0.7008615253390683,0.7177594480274743,0.7284023688649585,0.7390452897024427,0.749688210539927,0.7606446357027312,0.7721507057318251,0.7836567757609189,0.7951628457900127,0.8070496702688261,0.8201262087396965,0.833202747210567,0.8462792856814373,0.8585887959727576,0.8653855624968094,0.8721823290208613,0.8789790955449132,0.885775862068965
41,0.0,0.18421254021430467,0.254987411802841,0.3138018755064264,0.37713659934107474,0.44878922444749964,0.5108742898677778,0.5565883029614467,0.6078255651368644,0.6592633290945775,0.7053282705085412,0.7436344645749128,0.7660163315024713,0.787495395079074,0.8063303594600333,0.8084919943519565,0.8106536292438796,0.8128152641358029,0.8149768990277261,0.8171385339196493,0.8193001688115724,0.821497329591353,0.8238840915313597,0.8262708534713663,0.8286576154113731,0.8310443773513797,0.8334311392913863,0.8358179012313931,0.8382046631713997,0.8419854346738144,0.8458646315366554,0.8497438283994962,0.8536230252623372,0.8575022221251782,0.8613814189880191,0.8652606158508601,0.8690639396966556,0.8728365159773102,0.8766090922579646,0.880381668538619,0.8841542448192734,0.8879268210999278,0.8916993973805822,0.894394777228458,0.8969094407938297,0.8994241043592016,0.9019387679245734,0.9044534314899453,0.9069680950553171,0.909482758620689
42,0.0,0.20328632952021267,0.2612563424264459,0.30890438864554554,0.35230169918612625,0.4090626694699511,0.4888293261165765,0.551510599600904,0.5706984683963856,0.5801592603646452,0.5889717462567284,0.5935568863861254,0.5981420265155223,0.6027271666449191,0.607312306774316,0.6108541247726188,0.6130276655742858,0.6152012063759528,0.6173747471776199,0.6195482879792868,0.6211097216518052,0.621994293418431,0.622878865185057,0.6237634369516828,0.6246480087183086,0.6333837044670085,0.6473083383599745,0.6612329722529404,0.6751576061459064,0.6890822400388723,0.7006940335257931,0.7110566515610037,0.7214192695962144,0.7317818876314252,0.7421445056666358,0.7515440794439008,0.7607944653214627,0.7700448511990244,0.7792952370765862,0.788545622954148,0.7966168937367506,0.8042744503274832,0.8119320069182158,0.8195895635089483,0.8272471200996807,0.8342362648150599,0.8411944399906052,0.8481526151661504,0.8551107903416957,0.862068965517241
43,0.0,0.043651443192160154,0.059120195766405724,0.06993589990724773,0.08064840306894967,0.09117189982785633,0.10169539658676299,0.11221889334566965,0.1227423901045763,0.13300935904725383,0.14292056972964134,0.15283178041202883,0.16274299109441634,0.1930297180349551,0.22921793635083934,0.26540615466672346,0.30159437298260766,0.3377825912984919,0.3499239793852491,0.35719483556828985,0.3644656917513306,0.37235528295601317,0.38510876919878745,0.39786225544156173,0.41061574168433607,0.42336922792711035,0.4497300240638216,0.5037608232563896,0.5577916224489575,0.6118224216415253,0.6594112428106386,0.7026640110122386,0.7459167792138387,0.7891695474154389,0.8324223156170389,0.8601246300906924,0.8819961998704385,0.9038677696501847,0.9257393394299307,0.9476109092096767,0.9618919793369815,0.9749864562323408,0.9880809331277001,1.0003517942308509,1.001426357870849,1.0025009215108474,1.0035754851508454,1.0046500487908436,1.0057246124308417,1.00679917607084
44,0.0,0.011920692620011235,0.015795009336973455,0.018389916071625982,0.021569758309579287,0.02620002317356341,0.030830288037547535,0.03546055290153166,0.040090817765515784,0.04731831585135165,0.05786772086621945,0.06841712588108724,0.07896653089595505,0.0931894593294258,0.10832673680552496,0.12346401428162408,0.13860129175772323,0.1537385692338224,0.1637865314503077,0.17309024289992786,0.182393954349548,0.19220360326391536,0.20366317407599055,0.21512274488806576,0.22658231570014095,0.23804188651221617,0.25674937117740493,0.2917586989095549,0.32676802664170485,0.36177735437385483,0.41349828475642525,0.46901770853205477,0.5245371323076843,0.5800565560833137,0.6355759798589433,0.6899558837581137,0.7440425382806614,0.798129192803209,0.8522158473257567,0.9063025018483041,0.9322939458493567,0.9534222574644236,0.9745505690794904,0.9918191165558973,0.9946931339162377,0.9975671512765781,1.0004411686369186,1.003315185997259,1.0061892033575994,1.00906322071794
45,0.0,0.13682635766170867,0.21118968864785573,0.25342534713643267,0.29042989532374647,0.32095971076081764,0.35148952619788887,0.3820193416349601,0.4032193894506961,0.424193847030338,0.44516830460997997,0.46614276218962186,0.48711721976926387,0.5080916773489058,0.5290661349285477,0.5462757830129631,0.5632988564675266,0.5803219299220902,0.5973450033766536,0.6143680768312172,0.6313911502857807,0.6483894221530426,0.6633114468547714,0.6782334715565002,0.6931554962582289,0.7080775209599578,0.7229995456616864,0.7379215703634153,0.7524739472060004,0.7621768961822012,0.7718798451584019,0.7815827941346027,0.7912857431108036,0.8009886920870044,0.8106916410632052,0.8202441965486762,0.8267620262390672,0.8332798559294583,0.8397976856198492,0.8463155153102403,0.8528333450006313,0.8593511746910223,0.8656035202807963,0.8696224281987132,0.87364133611663,0.8776602440345468,0.8816791519524636,0.8856980598703804,0.8897169677882972,0.893735875706214
46,0.0,0.10110434120335111,0.1493399339933992,0.18894389438943887,0.23750000000000016,0.29245049504950515,0.32153465346534627,0.34688826025459624,0.3681046676096174,0.38965607087024434,0.4115424700364771,0.43022159358792983,0.4490806223479486,0.4702970297029697,0.4941212871287123,0.5215965346534648,0.5490717821782173,0.5756806930693066,0.5927599009900995,0.6098391089108924,0.6269183168316853,0.6384921279013158,0.6482308066872271,0.6579694854731383,0.6677081642590496,0.6774468430449607,0.6843601026769343,0.6898606527319396,0.695361202786945,0.7008617528419504,0.7063623028969558,0.7118628529519612,0.7173634030069665,0.7227316993994476,0.7280879727316992,0.7334442460639508,0.7388005193962023,0.7441567927284539,0.7505500550055013,0.7571507150715077,0.7637513751375141,0.7703520352035205,0.7769526952695268,0.7835533553355333,0.7902126278201586,0.7975166369095921,0.8048206459990256,0.812124655088459,0.8194286641778925,0.826732673267326
47,0.0,0.09704102876081676,0.17304946116781256,0.22496038450633282,0.26012233780591487,0.28850827561648634,0.31689421342705787,0.34120624280932793,0.3595733966996116,0.3779405505898952,0.3964235269156172,0.4159801271646403,0.43553672741366334,0.4535302951346673,0.4637125622797114,0.4738948294247555,0.4840770965697997,0.49128807752837533,0.49755889169485845,0.5038297058613416,0.5109724489180567,0.5191998061080386,0.5274271632980204,0.5356545204880023,0.5438818776779841,0.552109234867966,0.5603365920579478,0.5661291086280245,0.5716921362754006,0.5772551639227769,0.582818191570153,0.5883812192175292,0.5939442468649053,0.5998992524718554,0.6064937339694899,0.6130882154671244,0.619682696964759,0.6262771784623935,0.632871659960028,0.6394661414576626,0.6460606229552971,0.6526370239991532,0.6591553421175519,0.6656736602359504,0.6721919783543491,0.6787102964727476,0.6852286145911463,0.6917469327095448,0.6982652508279434,0.704783568946342
48,0.0345082484449654,0.17655419910070583,0.2596555595309578,0.2920207639194937,0.30709992420765025,0.32016046756418026,0.33072621121807916,0.341291954871978,0.3518576985258769,0.3615315436470855,0.3711787223089894,0.38082590097089325,0.38895704904924855,0.3948415244092519,0.4007259997692553,0.4066104751292587,0.4124949504892621,0.43195042033120906,0.4562893122109908,0.48062820409077256,0.5049670959705543,0.5293059878503361,0.5536448797301179,0.5779837716098997,0.6023226634896814,0.6207705574316268,0.6336136625784684,0.64645676772531,0.6592998728721516,0.6721429780189933,0.6849860831658348,0.6978291883126764,0.710672293459518,0.7233824712135456,0.735938968754364,0.7484954662951826,0.761051963836001,0.7736084613768196,0.7861649589176382,0.7987214564584566,0.8112779539992752,0.8237694386215634,0.8360457121428266,0.84832198566409,0.8605982591853533,0.8728745327066166,0.88515080622788,0.8974270797491433,0.9097033532704066,0.92197962679167
49,0.0773333333333334,0.12604761904761913,0.14414842300556566,0.15757434402332307,0.16921023647554176,0.17949829931972694,0.1878979591836727,0.19629761904761844,0.2046972789115642,0.20745068027210847,0.20974149659863908,0.2120323129251697,0.21726182566049632,0.22635405790223037,0.23544629014396445,0.24453852238569848,0.25363075462743256,0.2634681179138324,0.2735680725623583,0.2836680272108843,0.2937679818594102,0.30386793650793614,0.3139678911564621,0.32406784580498804,0.334167800453514,0.35438585034013503,0.3827308843537402,0.4110759183673456,0.4394209523809509,0.46776598639455624,0.49611102040816146,0.5244560544217668,0.5528010884353721,0.5831938321995441,0.6170775510204058,0.6509612698412673,0.684844988662129,0.7187287074829906,0.7526124263038523,0.7864961451247138,0.8203798639455754,0.851071564625849,0.8676876190476178,0.8843036734693868,0.9009197278911555,0.9175357823129244,0.9341518367346933,0.9507678911564622,0.9673839455782312,0.984
50,0.0,0.5379008746355681,0.7452772132696008,0.8814151186421281,0.9420671494404214,0.9804707044107962,0.9955003291639196,1.0051152073732668,1.0076201448321238,1.0060832025117699,1.0055200789993362,1.0155398288347575,1.0188117182356806,1.0163067807768258,1.013801843317971,1.0112969058591161,1.0087919684002613,1.0103729384506184,1.0136261039815975,1.0168792695125763,1.0201324350435554,1.0233856005745345,1.02419354838709,1.02419354838709,1.02419354838709,1.02419354838709,1.02419354838709,1.0257137659817677,1.0273617511520663,1.0290097363223647,1.0306577214926633,1.0322461539794094,1.0318341576868353,1.0314221613942611,1.0310101651016872,1.030598168809113,1.0301861725165389,1.0297741762239647,1.0293621799313908,1.0289501836388166,1.0285381873462425,1.028107513166554,1.027618267569121,1.027129021971688,1.026639776374255,1.026150530776822,1.0256612851793891,1.0251720395819561,1.024682793984523,1.02419354838709
51,0.0,0.20103028308097443,0.25408163265306116,0.26660631994733325,0.2952764976958519,0.32821263989466704,0.3432422646477944,0.3615739099610066,0.38325125335493954,0.403581303489137,0.4224312553805636,0.436882817643186,0.45143549669553595,0.46607474158494533,0.48071398647435476,0.49535323136376413,0.5099924762531736,0.5258283958744786,0.5425279789335091,0.5592275619925398,0.5759271450515703,0.5926267281106008,0.610399847545132,0.628527684418421,0.6466555212917101,0.6647833581649991,0.6829111950382881,0.7043263681677123,0.7262852355018261,0.7482441028359398,0.7702029701700535,0.7921618375041672,0.8126468703268527,0.8329683828241825,0.8532898953215124,0.8736114078188422,0.893932920316172,0.9142544328135018,0.9345759453108318,0.9548974578081615,0.9752189703054913,0.991935483870967,0.991935483870967,0.991935483870967,0.991935483870967,0.991935483870967,0.991935483870967,0.991935483870967,0.991935483870967,0.991935483870967
52,0.0,0.4572251481237652,0.5973375702638369,0.6359257102344654,0.6590684660961152,0.6741178406846604,0.6891672152732057,0.7064285714285711,0.7264944042132977,0.7472569673030496,0.7681588764538064,0.7890607856045635,0.8061549322615288,0.8201812134021688,0.8342074945428086,0.8482337756834486,0.8622600568240886,0.8755106260866634,0.888373339410206,0.9012360527337486,0.9140987660572911,0.9269614793808337,0.9408283365656633,0.9552337063857799,0.9696390762058964,0.984044446026013,0.9984498158461295,1.0014534510913697,1.003082171284935,1.0047108914785001,1.0063396116720653,1.0079683318656305,1.008455262044999,1.0088705317632252,1.0092858014814516,1.009701071199678,1.0101163409179041,1.0105316106361306,1.0109468803543569,1.0113621500725833,1.0117774197908096,1.011983624094791,1.011493735599071,1.0110038471033507,1.0105139586076306,1.0100240701119105,1.0095341816161905,1.0090442931204702,1.00855440462475,1.00806451612903
53,0.0,0.2513546361472622,0.3594659948346584,0.5210538309616657,0.6829054202326089,0.8319914417379847,0.8796477946017108,0.9263780574264437,0.972201473641565,1.013281764318626,1.043306390656614,1.038661521956447,1.0358755315552495,1.0350281568599478,1.0341807821646458,1.033333407469344,1.0324860327740424,1.0334333485255065,1.0350411876909509,1.0366490268563953,1.0382568660218396,1.039864705187284,1.0397245995172244,1.0388885231511933,1.0380524467851622,1.037216370419131,1.0363802940531,1.037026610304559,1.0378516856657736,1.0386767610269885,1.0395018363882034,1.040324746197289,1.0407372838778954,1.041149821558502,1.0415623592391083,1.041974896919715,1.0423874346003212,1.0427999722809276,1.0432125099615341,1.0436250476421405,1.0440375853227468,1.0441285385121717,1.0431487615207302,1.0421689845292887,1.0411892075378473,1.0402094305464058,1.0392296535549643,1.0382498765635229,1.0372700995720814,1.03629032258064
54,0.0,0.33491253644314856,0.405283080974325,0.4730052666227774,0.5353756266774692,0.5942034233048049,0.6243021724818952,0.6577188940092159,0.6953423304805785,0.7434167215273196,0.7924489795918359,0.8375971033574713,0.8744699178372637,0.9062299616117897,0.9379900053863159,0.969750049160842,1.0015100929353682,1.0109966737119214,1.0093465229894936,1.007696372267066,1.0060462215446382,1.0043960708222104,1.00403225806451,1.00403225806451,1.00403225806451,1.00403225806451,1.00403225806451,1.004768545788429,1.0055936211496437,1.0064186965108586,1.0072437718720735,1.0080710558096322,1.0093168649643132,1.0105626741189941,1.0118084832736753,1.0130542924283563,1.0143001015830373,1.0155459107377185,1.0167917198923995,1.0180375290470804,1.0192833382017616,1.0197306979806169,1.0182724252491686,1.0168141525177201,1.0153558797862718,1.0138976070548236,1.012439334323375,1.0109810615919268,1.0095227888604783,1.00806451612903
55,0.0,0.5300979262672804,0.5598888438750182,0.5791322732566966,0.597662250384024,0.6155700631507077,0.6317844342037886,0.6549078341013822,0.6874292297564186,0.7097959183673468,0.7296551374892386,0.7488985668709169,0.7636667994871972,0.7743646270053013,0.7850624545234055,0.7957602820415096,0.8064581095596137,0.8160561459606887,0.8249905953164677,0.8339250446722468,0.8428594940280258,0.851793943383805,0.8603357472021066,0.8686745666008339,0.8770133859995612,0.8853522053982886,0.893691024797016,0.9047772657450085,0.9164516129032266,0.9281259600614447,0.9398003072196627,0.9514746543778808,0.9568639283670453,0.9621778819054493,0.9674918354438534,0.9728057889822574,0.9781197425206615,0.9834336960590655,0.9887476495974696,0.9940616031358737,0.9993755566742777,1.0039094746961703,1.0029167581010845,1.0019240415059985,1.0009313249109126,0.9999386083158267,0.9989458917207408,0.9979531751256548,0.9969604585305689,0.995967741935483
56,0.0,0.48276320453739785,0.5453686635944694,0.5979723502304141,0.6370524636653665,0.6717774851876234,0.729391046741277,0.7902534562211977,0.8553818301514144,0.8986365017471,0.9355431204739952,0.9630974325213952,0.9780261425453031,0.9821461054710506,0.9862660683967982,0.9903860313225457,0.9945059942482932,0.9943728127923485,0.9919008350369,0.9894288572814516,0.9869568795260031,0.9844849017705547,0.983870967741935,0.983870967741935,0.983870967741935,0.983870967741935,0.983870967741935,0.9861216795054843,0.9885615536537191,0.991001427801954,0.9934413019501889,0.9958811760984236,0.9975572571982938,0.9992052423685921,1.0008532275388904,1.0025012127091886,1.0041491978794868,1.0057971830497852,1.0074451682200833,1.0090931533903815,1.01074113856068,1.0120092995287948,1.0115162016038244,1.0110231036788537,1.010530005753883,1.0100369078289124,1.0095438099039418,1.0090507119789713,1.0085576140540007,1.00806451612903
57,0.0829493087557602,0.16716906397477785,0.2047021492726768,0.28276279882599725,0.38226222364118595,0.5111713175777888,0.5446068717060388,0.5840714928908152,0.6193960206419299,0.6549996702955765,0.7081671961362676,0.7506058046146735,0.7950840547863913,0.803538986892223,0.810158141421428,0.8167772959506329,0.8233964504798379,0.8300156050090428,0.8366347595382477,0.8432539140674526,0.8498730685966577,0.8564922231258626,0.8631113776550675,0.8697305321842725,0.8760389519898502,0.87999953796774,0.88396012394563,0.8879207099235198,0.8918812959014097,0.8958418818792996,0.8998024678571894,0.9037630538350794,0.9077236398129692,0.9116842257908592,0.915644811768749,0.9196053977466389,0.9235659837245288,0.928170494372675,0.9341562865082853,0.9401420786438957,0.946127870779506,0.9521136629151163,0.9580994550507267,0.964085247186337,0.9700710393219473,0.9760568314575576,0.982042623593168,0.9880284157287783,0.9940142078643887,0.999999999999999
58,0.0,0.11420269640816219,0.16770740933739411,0.20943169004636977,0.2529565254556292,0.29778587511188237,0.32400835145541135,0.3460163355113933,0.36802431956737536,0.3860358320641118,0.39836711682955656,0.4106984015950013,0.4230296863604461,0.4353609711258908,0.44775818336283313,0.46304265740368095,0.47832713144452876,0.4936116054853766,0.5045248454755814,0.5127892686547633,0.5210536918339451,0.529318115013127,0.5375825381923088,0.544909264987928,0.5505075344081432,0.5561058038283583,0.5617040732485733,0.5673023426687884,0.5729006120890036,0.5784988815092187,0.5873714674867312,0.603015755954433,0.6180891880856139,0.632018945574305,0.6459487030629968,0.6595892083852744,0.667853631564456,0.6748477842182449,0.6787925139076999,0.6827372435971548,0.6866819732866097,0.6906267029760648,0.6945714326655197,0.6985161623549747,0.7024608920444296,0.7064056217338847,0.7116904775884298,0.7190152971058406,0.7263401166232513,0.733664936140662
59,0.0,0.09350649342857141,0.18701298685714282,0.2805194802857143,0.35695732814285713,0.4163265304285714,0.4756957327142857,0.535064935,0.5751391464285714,0.6152133578571428,0.6552875692857143,0.6894248605714286,0.7176252317142857,0.7458256028571428,0.774025974,0.7834260977142856,0.7928262214285714,0.8022263451428571,0.8116264688571428,0.8210265925714285,0.8304267162857142,0.83982684,0.8492269637142856,0.8586270874285714,0.8680272111428571,0.8794063081428571,0.8927643784285714,0.9061224487142857,0.919480519,0.9298701295714286,0.9402597401428571,0.9506493507142856,0.9580705009999999,0.962523191,0.966975881,0.971428571,0.9743970312857143,0.9773654915714286,0.9803339518571429,0.9823129253333334,0.983302412,0.9842918986666667,0.9852813853333333,0.986270872,0.9872603586666666,0.9882498453333334,0.989239332,0.9902288186666667,0.9912183053333333,0.992207792
60,0.0,0.087394958,0.174789916,0.262184874,0.34016806728571425,0.4087394958571428,0.4773109244285714,0.545882353,0.590252101,0.634621849,0.678991597,0.7213445381428572,0.7616806724285715,0.8020168067142857,0.842352941,0.850420167952381,0.8584873949047619,0.8665546218571428,0.8746218488095238,0.8826890757619047,0.8907563027142856,0.8988235296666667,0.9068907566190476,0.9149579835714285,0.9230252105238095,0.9331092441428571,0.9452100844285714,0.9573109247142857,0.969411765,0.9747899161428571,0.9801680672857143,0.9855462184285714,0.9895798318571428,0.9922689075714285,0.9949579832857143,0.997647059,0.9989915967142857,1.0003361344285715,1.0016806721428573,1.0025770306666668,1.0030252100000001,1.0034733893333334,1.0039215686666667,1.004369748,1.0048179273333333,1.0052661066666666,1.0057142860000001,1.0061624653333334,1.0066106446666667,1.007058824
61,0.0,0.08423296854973858,0.20122251799270438,0.28554865424430637,0.300151828847481,0.31475500345065555,0.3264546711751681,0.33702646746125003,0.34759826374733205,0.35788747230394824,0.3674948240165631,0.377102175729178,0.3867095274417928,0.3933244602188701,0.39906142167011716,0.4047983831213642,0.4105353445726112,0.41911307832873623,0.4448869537703857,0.47066082921203517,0.4964347046536846,0.5222085800953341,0.5479824555369835,0.5737563309786331,0.5995302064202825,0.6229861259846263,0.6355750696080528,0.6481640132314792,0.6607529568549058,0.6733419004783322,0.6859308441017586,0.6985197877251851,0.7111087313486115,0.7237328047994146,0.7366214851757796,0.7495101655521446,0.7623988459285096,0.7752875263048745,0.7881762066812396,0.8010648870576045,0.8139535674339695,0.8268246828966463,0.8394136265200728,0.8520025701434992,0.8645915137669257,0.8771804573903521,0.8897694010137785,0.902358344637205,0.9149472882606315,0.927536231884058
62,0.0,0.06467514542048693,0.14054027408064693,0.19269446909198426,0.2161507114923257,0.23788162608038288,0.26373127435566035,0.29118085067741717,0.318630426999174,0.34185072383830084,0.34819380160995017,0.35453687938159945,0.3608799571532488,0.3695770482105883,0.37896480331262916,0.38835255841467,0.39774031351671085,0.40813436819005466,0.4246198896016843,0.44110541101331396,0.4575909324249436,0.4740764538365733,0.49056197524820294,0.5070474966598326,0.5235330180714624,0.5396057310689689,0.5511281695017064,0.5626506079344439,0.5741730463671814,0.5856954847999188,0.5972179232326563,0.6087403616653938,0.6202628000981314,0.6322615336322768,0.6478478447850903,0.6634341559379038,0.6790204670907173,0.6946067782435309,0.7101930893963444,0.7257794005491578,0.7413657117019714,0.756302121048319,0.7607981723423999,0.7652942236364808,0.7697902749305616,0.7742863262246426,0.7787823775187234,0.7832784288128043,0.7877744801068851,0.792270531400966
63,0.0,0.3028790493807385,0.3939802695271652,0.40949981605545394,0.4233884992768571,0.4321890859753172,0.44098967267377726,0.44979025937223727,0.4573270311051886,0.46409053287311935,0.47085403464105013,0.4776175364089809,0.4815609447118053,0.4852493663986737,0.4889377880855421,0.4919744231258899,0.4926026918560558,0.4932309605862218,0.49385922931638776,0.4952031678711148,0.49704715046121634,0.4988911330513179,0.5007351156414195,0.5026153324069601,0.5045002975723394,0.5107309354946749,0.5218988666329168,0.5330667977711588,0.5442347289094008,0.5554026600476429,0.5665705911858848,0.5782622309756534,0.5909204847285481,0.6035787384814427,0.6162369922343373,0.6288952459872319,0.6415534997401265,0.6531599909834108,0.661348170415773,0.6695363498481351,0.6777245292804973,0.6859127087128595,0.6941008881452216,0.7024638709309378,0.7121417773254335,0.7218196837199292,0.7314975901144248,0.7411754965089206,0.7508534029034163,0.760531309297912
64,0.0,0.3301661965447987,0.504034192575459,0.5676855158187537,0.6078480399434284,0.6447315719079216,0.6777574660369071,0.7055721161734934,0.7202345790911662,0.7348712476293906,0.7476249264678788,0.760378605306367,0.7731322841448554,0.7858859629833436,0.7986396418218318,0.81139332066032,0.826534984982484,0.8453821440206974,0.8635348490879634,0.8791701585105443,0.894805467933125,0.9104407773557058,0.9260760867782867,0.9417113962008674,0.9573467056234483,0.967853040685727,0.9732304013877059,0.9786077620896848,0.9839851227916637,0.9893624834936426,0.9947398441956214,1.0001172048976004,0.999704643658042,0.9984904009188856,0.9972761581797291,0.9960619154405728,0.9953477469311847,0.9952899258483677,0.9955993467780371,0.9978061847722176,1.0000130227663981,0.9996843281424566,0.99904829623147,0.9984122643204834,0.9977762324094969,0.9971402004985103,0.9965041685875237,0.9958681366765371,0.9952321047655506,0.994596072854564
65,0.0,0.06540317926656532,0.1089117395029985,0.1411785503292626,0.1694235669007736,0.19147736215308733,0.20837180630607,0.22547812085087152,0.24315497209364248,0.2608318233364134,0.29090736551690055,0.32395621487669596,0.35700506423649137,0.39005391359628666,0.42310276295608207,0.45615161231587736,0.5006858985910222,0.5654886029520777,0.6302109018414553,0.694571376108283,0.7589318503751105,0.8247632885723859,0.8907452731847176,0.9226710735708173,0.9418258048720798,0.9540534003675981,0.957903305978398,0.9617532115891979,0.9656031171999978,0.9694530228107977,0.9733029284215976,0.9771528340323975,0.9810027396431975,0.9848526452539974,0.9887025508647973,0.9925524564755972,0.9950202936982218,0.9937297003400558,0.9931187431738288,0.9955268015128457,0.9976358795446189,0.9970130982984443,0.9963903170522698,0.9957675358060952,0.9951447545599207,0.9945219733137461,0.9938991920675716,0.9932764108213971,0.9926536295752225,0.992030848329048
66,0.0,0.07876816536383166,0.09905304023923121,0.117821253296831,0.13625680232363982,0.15226378469125385,0.16739520486857928,0.17967816245451146,0.18701775638977214,0.19895195885164635,0.22267370870593522,0.2463954585602241,0.27011720841451303,0.29383895826880185,0.31756070812309073,0.3412824579773796,0.37474469837113256,0.4253960397168808,0.47607418288652154,0.5268729342636793,0.5776716856408368,0.633782926584983,0.6904378764826801,0.7272283720686236,0.7597187975447289,0.7861864540160567,0.8053701633576796,0.8245538726993028,0.843737582040926,0.862921291382549,0.8821050007241721,0.9012887100657951,0.9204724194074183,0.9396561287490415,0.9588398380906645,0.9780235474322876,0.9870721272851273,0.9783842305325954,0.9741340554414377,0.9813788121536933,0.9886235688659487,0.9901593243649554,0.990393264860467,0.9906272053559785,0.9908611458514901,0.9910950863470017,0.9913290268425132,0.9915629673380248,0.9917969078335364,0.992030848329048
67,0.0,0.0641090006406783,0.10113869760630799,0.1321241300767118,0.15759939453036476,0.18221000272185564,0.20221779897727013,0.22118201163162662,0.2401462242859831,0.2705522002663487,0.3015663046605624,0.33233505845132105,0.36266444182528307,0.392993825199245,0.423323208573207,0.45365259194716895,0.48398197532113096,0.5143113586950929,0.5446407420690549,0.5771908088547443,0.6256487626629216,0.674106716471099,0.7269228888661458,0.7854134997310531,0.8439041105959605,0.8877296710418537,0.923694320552888,0.9596589700639224,0.9670761485770811,0.9703575720607563,0.9736389955444316,0.9769204190281068,0.980201842511782,0.9834832659954572,0.9867646894791324,0.9900461129628076,0.9933275364464829,0.9966089599301581,0.9994825613394719,1.000306118082496,1.0011296748255198,1.0016418930934539,1.0016819392664644,1.0017219854394752,1.001762031612486,1.001802077785497,1.001842123958508,1.001882170131522,1.0019222163045358,1.00196226247755
68,0.0,0.06229329974386207,0.09795938055281266,0.11662809481382379,0.12800427573323542,0.14324481179532092,0.1580016771045523,0.17255769477590838,0.1871056039246579,0.2011783798051881,0.2152511556857183,0.23008257079677866,0.24739260563005466,0.26470264046333064,0.2820126752966066,0.2993227101298826,0.31663274496315863,0.3339427797964346,0.3512528146297106,0.3692010659004296,0.39561669030834984,0.4220323147162701,0.4547103259721387,0.5138081879757687,0.5729060499793986,0.6351253593502737,0.699570120723496,0.7640148820967188,0.7940849869089855,0.8149232985887486,0.8357616102685116,0.8565999219482746,0.8774382336280377,0.8982765453078008,0.9191148569875639,0.9399531686673268,0.9607914803470899,0.981629792026853,1.002468103706616,1.005261834867671,1.0045462396338845,1.003830644400098,1.0024736611475098,1.0010940625170022,0.9997144638864948,1.001992482877279,1.00463381516076,1.005845865144295,1.0049849711078773,1.00412407707146
69,0.0,0.08871339840283923,0.14801503209979608,0.180033240111208,0.2020360133772931,0.2240387866433782,0.24604155990946333,0.26804433317554843,0.2900471064416335,0.31204987970771864,0.33405265297380377,0.35605542623988884,0.37805819950597397,0.39635621724692033,0.4140682280817455,0.4317802389165705,0.4494922497513957,0.4672042605862208,0.5131744335279799,0.563267150013192,0.6133598664984041,0.6634525829836163,0.7135452994688283,0.7636380159540405,0.8137307324392526,0.8638234489244648,0.9139161654096767,0.9640088818948889,1.014101598380101,1.0641943148653132,1.0767787431957059,1.0759168040743734,1.075054864953041,1.0741929258317087,1.0733309867103762,1.0724690475890437,1.0716071084677112,1.070745169346379,1.0698832302250465,1.069021291103714,1.0681593519823818,1.0672974128610493,1.0664354737397168,1.0655735346183843,1.064711595497052,1.0638496563757196,1.0629877172543871,1.0621257781330546,1.0612638390117224,1.06040189989039
70,0.0,0.08515835042150831,0.10320346320346317,0.12124857598541802,0.1393939393939393,0.15757575757575745,0.1757575757575756,0.19393939393939374,0.2121212121212119,0.23030303030303007,0.24848484848484823,0.26666666666666633,0.2848484848484845,0.30303030303030265,0.32121212121212084,0.3393939393939389,0.3575757575757571,0.3817769532055242,0.40898783755926554,0.4361987219130069,0.46340960626674826,0.4906204906204897,0.5178313749742309,0.5450422593279723,0.5679355917451148,0.5907625002863093,0.6135894088275038,0.6364163173686983,0.6592432259098929,0.6820701344510874,0.7048970429922818,0.7277239515334765,0.750550860074671,0.7733777686158656,0.7962046771570601,0.8190315856982546,0.8418584942394491,0.8646854027806438,0.8875123113218383,0.9103392198630327,0.9265383656854883,0.9423775371749785,0.9582167086644687,0.9740558801539589,0.989895051643449,1.0057342231329391,1.0215733946224295,1.0374125661119196,1.0532517376014099,1.0690909090909
71,0.0,0.025145442968714772,0.04343887927601676,0.051236931253257144,0.05903498323049752,0.06683303520773791,0.07463108718497828,0.08242913916221867,0.09022719113945905,0.0992377570720299,0.10848036772563308,0.11772297837923625,0.1334593469644853,0.1528931020793813,0.17232685719427737,0.19176061230917338,0.21119436742406944,0.23062812253896547,0.2500618776538615,0.26949563276875754,0.2942856996954102,0.3251472727727366,0.3560088458500629,0.3868704189273893,0.4177319920047157,0.45205348571780557,0.48984436527678243,0.5276352448357595,0.5654261243947365,0.6032170039537136,0.6410078835126904,0.6787987630716675,0.7165896426306446,0.7473708393855488,0.7626735606877955,0.777976281990042,0.7932790032922886,0.8085817245945351,0.8238844458967818,0.8391871671990283,0.8544898885012749,0.8662212654398436,0.8655669256455133,0.8649125858511829,0.8642582460568526,0.8636039062625223,0.862949566468192,0.8622952266738616,0.8616408868795313,0.860986547085201
72,0.0,0.059523386994549066,0.09250559273254266,0.10453423432062377,0.11656287590870486,0.12859151749678596,0.14062015908486705,0.15264880067294814,0.164960891188773,0.18495075048652934,0.20494060978428572,0.2249304690820421,0.2415115362915347,0.25602358541760334,0.27053563454367197,0.2850476836697406,0.2995597327958093,0.3140717819218779,0.32858383104794653,0.3430958801740152,0.3511668247197231,0.35071141500078185,0.3502560052818406,0.34980059556289933,0.3493451858439581,0.355238202941631,0.3697502520676996,0.3842623011937683,0.398774350319837,0.4132863994459057,0.42779844857197435,0.44231049769804304,0.4568225468241117,0.47262082472740563,0.49267223245405745,0.512723640180709,0.5327750479073609,0.5528264556340127,0.5728778633606644,0.5929292710873161,0.6129806788139679,0.633375386484137,0.6619564774227978,0.6905375683614586,0.7191186593001192,0.74769975023878,0.7762808411774408,0.8048619321161016,0.8334430230547623,0.862024113993423
73,0.0,0.0813786848072562,0.11475736961451231,0.13969989909839514,0.16032288513491494,0.18094587117143474,0.20156885720795453,0.22219184324447433,0.24281482928099413,0.2634378153175139,0.2840608013540337,0.30468378739055346,0.3253067734270733,0.34592975946359306,0.36655274550011285,0.38717573153663265,0.4077987175731525,0.4284217036096723,0.443626468769325,0.45787507730364796,0.4721236858379709,0.48637229437229385,0.5006209029066168,0.5148695114409397,0.5291181199752627,0.5433667285095857,0.5576153370439086,0.5718639455782316,0.5861125541125546,0.6003611626468776,0.6203834260977127,0.644254792826222,0.6681261595547313,0.6919975262832407,0.71586889301175,0.7397402597402593,0.7636116264687687,0.787482993197278,0.8113543599257873,0.8352257266542966,0.8590970933828059,0.8829684601113152,0.9068398268398247,0.930711193568334,0.9545825602968432,0.9784539270253526,1.0023252937538618,1.0261966604823713,1.0500680272108807,1.07393939393939
74,0.0,0.11119295913616407,0.15407465640082282,0.19695635366548156,0.2398380509301403,0.273146016970526,0.30590778937055235,0.33866956177057866,0.371431334170605,0.40419310657063134,0.43695487897065766,0.46971665137068397,0.5024784237707104,0.5352401961707367,0.568001968570763,0.6007637409707893,0.6335255133708158,0.6662872857708421,0.6990490581708684,0.7318108305708948,0.764572602970921,0.796735840067307,0.8286240200476988,0.8605122000280906,0.8924003800084824,0.9242885599888743,0.9561767399692659,0.9880649199496577,1.0199530999300495,1.049454122892428,1.0510621342365956,1.052670145580763,1.0542781569249307,1.0558861682690983,1.057494179613266,1.0591021909574334,1.060710202301601,1.0623182136457687,1.0639262249899364,1.0655342363341038,1.0671422476782715,1.0687502590224391,1.0703582703666068,1.0719662817107742,1.073574293054942,1.0751823043991096,1.0767903157432772,1.0783983270874447,1.0800063384316123,1.08161434977578
75,0.0,0.1231016754527895,0.1831871145106891,0.22304137139472233,0.26289562827875557,0.3027498851627888,0.34260414204682205,0.3824583989308553,0.4223126558148885,0.4452285759024094,0.467434178640399,0.48963978137838854,0.5093229465699312,0.5269124171407682,0.5445018877116053,0.5620913582824424,0.5796808288532795,0.5972702994241167,0.6148597699949537,0.6324492405657909,0.6487239408024,0.6626044959325769,0.6764850510627537,0.6903656061929306,0.7042461613231075,0.7181267164532844,0.7320072715834611,0.7458878267136381,0.7597683818438149,0.7736489369739918,0.7875294921041687,0.8014100472343455,0.8152906023645223,0.8263920528448209,0.8283039306161883,0.8302158083875558,0.8321276861589234,0.8340395639302909,0.8359514417016584,0.837863319473026,0.8397751972443934,0.8421198248847339,0.8477591215275216,0.8533984181703094,0.8590377148130971,0.8646770114558849,0.8703163080986727,0.8759556047414604,0.8815949013842482,0.887234198027036
76,0.0,0.07592661306946988,0.1251950895300642,0.1617668593038043,0.19833862907754438,0.23491039885128448,0.27148216862502456,0.30805393839876466,0.34462570817250476,0.3769493575207848,0.40902191987906145,0.4410944822373381,0.461631528644515,0.47505031764771966,0.48846910665092436,0.501887895654129,0.5153066846573336,0.5287254736605383,0.542144262663743,0.5555630516669477,0.576025186934278,0.6038567493112946,0.6316883116883111,0.6595198740653276,0.6873514364423442,0.7089159819772054,0.726488205671878,0.7440604293665506,0.7616326530612232,0.7792048767558958,0.7967771004505684,0.814349324145241,0.8319215478399136,0.8451549508692358,0.8497107125678547,0.8542664742664736,0.8588222359650927,0.8633779976637116,0.8679337593623305,0.8724895210609496,0.8770452827595685,0.8851006726101546,0.8996146036854002,0.914128534760646,0.9286424658358916,0.9431563969111373,0.957670327986383,0.9721842590616288,0.9866981901368744,1.00121212121212
77,0.0,0.17077007857498072,0.23647525257152882,0.25973046110562487,0.28298566963972094,0.30624087817381707,0.32949608670791314,0.3527512952420092,0.3760065037761053,0.40087020516232513,0.42630030668467533,0.45173040820702554,0.4725834208940346,0.488056358859265,0.5035292968244955,0.519002234789726,0.5344751727549564,0.5499481107201869,0.5654210486854173,0.5808939866506478,0.59466464693099,0.6064430569764885,0.618221467021987,0.6299998770674855,0.6417782871129841,0.6619249668777637,0.6929310382370418,0.7239371095963202,0.7549431809555985,0.7859492523148769,0.816955323674155,0.8479613950334334,0.8789674663927117,0.9060531892150773,0.9165874688794191,0.927121748543761,0.9376560282081028,0.9481903078724446,0.9587245875367865,0.9692588672011283,0.9797931468654701,0.9838833926172482,0.9708755470154284,0.9578677014136087,0.944859855811789,0.9318520102099691,0.9188441646081493,0.9058363190063295,0.8928284734045098,0.87982062780269
78,0.0,0.07893925271972092,0.11491621707582098,0.13826826939814196,0.16162032172046292,0.1849723740427839,0.2083244263651049,0.23167647868742589,0.2550285310097468,0.27838058333206783,0.3011341182435692,0.32291724143073214,0.34470036461789505,0.3664834878050579,0.3945748931237763,0.44677294801665846,0.49897100290954066,0.551169057802423,0.6033671126953051,0.6555651675881873,0.7077632224810694,0.7599612773739517,0.8121593322668338,0.864357387159716,0.8867860115718988,0.8884322033843507,0.8900783951968025,0.8917245870092545,0.8933707788217063,0.8950169706341582,0.89666316244661,0.8983093542590619,0.8999555460715137,0.9016017378839656,0.9032479296964175,0.9048941215088694,0.9065403133213212,0.9081865051337731,0.9098326969462249,0.9114788887586768,0.9035212808697468,0.8943856601276327,0.8852500393855184,0.8761144186434042,0.8669787979012901,0.8578431771591758,0.8487075564170616,0.8395719356749475,0.8304363149328332,0.821300694190719
79,0.0,0.055170951497482114,0.09180880115069513,0.1190819453419773,0.14635508953325946,0.17362823372454161,0.2009013779158238,0.22817452210710595,0.2554476662983881,0.29946469919891744,0.3444713868634123,0.38947807452790717,0.44030330887473634,0.4929038871896007,0.5455044655044653,0.5981050438193296,0.6507056221341941,0.7033062004490587,0.7559067787639231,0.8085073570787876,0.847981732553162,0.8772507492507499,0.9065197659483377,0.9357887826459257,0.9650577993435137,0.9701391739318413,0.9675266663382971,0.9649141587447528,0.9623016511512086,0.9596891435576642,0.95707663596412,0.9544641283705757,0.9518516207770314,0.9427739360206895,0.9242858267273854,0.9057977174340813,0.8873096081407771,0.868821498847473,0.8503333895541688,0.8318452802608647,0.8133571709675605,0.8004876755897165,0.8022448979591836,0.8040021203286508,0.805759342698118,0.8075165650675852,0.8092737874370525,0.8110310098065197,0.8127882321759868,0.814545454545454
80,0.0,0.09384556076488268,0.16386874762603884,0.20339389400552724,0.22914895737959606,0.25490402075366486,0.2806590841277337,0.30641414750180257,0.33216921087587137,0.3579242742499402,0.383679337624009,0.4094344009980779,0.43518946437214673,0.4593046674276597,0.48337506555643617,0.5074454636852126,0.531515861813989,0.5555862599427656,0.5768085055531726,0.5974537332331145,0.6180989609130563,0.6387441885929981,0.6593894162729398,0.6800346439528816,0.7006798716328235,0.7213250993127653,0.741970326992707,0.7626155546726489,0.7832607823525907,0.8039060100325325,0.8294228818809392,0.8558562183452293,0.8822895548095193,0.9087228912738095,0.9351562277380996,0.9615895642023895,0.9880229006666796,1.0059050311773525,1.011541495320645,1.0171779594639372,1.0228144236072294,1.0284508877505216,1.034087351893814,1.0397238160371063,1.0453602801803985,1.050996744323691,1.0566332084669832,1.0622696726102754,1.0679061367535678,1.07354260089686
81,0.0,0.23082888310966354,0.27631294304017273,0.3344042969044942,0.38396650481754013,0.395310083543075,0.42658571655620847,0.4579254611829385,0.46236364438398375,0.4713095856508007,0.4836990229258698,0.5085699608832714,0.5342242739280841,0.537065139029815,0.5399060041315459,0.5552664792975387,0.570315475092747,0.5815205725231053,0.5920960285522652,0.6020572841812775,0.6105388437903035,0.6183496463438926,0.6228538216234354,0.6305014946051425,0.6369558064556178,0.6451619733621887,0.655676083614813,0.6639604876348281,0.6714331835105486,0.674982889497262,0.6782860770151337,0.6815892645330054,0.684892452050877,0.685267857142857,0.6900552123211546,0.69639433747247,0.7027334626237854,0.709072587775101,0.7154117129264164,0.7226855014264428,0.7309990576494624,0.739312613872482,0.7476261700955016,0.7559397263185211,0.7642532825415407,0.7725668387645603,0.7840257849931935,0.7987255233287957,0.8134252616643979,0.828125
82,0.0,0.0338557696860649,0.04874060993306836,0.06295279132534677,0.07310952223116617,0.08326625313698556,0.09345919342214833,0.10421337908713349,0.11510961693261966,0.127058712115937,0.13841345926198462,0.14700761618229338,0.15560177310260218,0.1663793127459812,0.18549786503928778,0.20302877531523064,0.21617278001687956,0.2321460442110104,0.25402208000815923,0.27589811580530815,0.30526456522284046,0.3482813078827825,0.40953922172117263,0.4967676165593842,0.5697785807165976,0.6268125311877377,0.6838464816588776,0.7398439654283991,0.7948098032716586,0.8464332368678346,0.8954245271194325,0.9189792640240103,0.9267921339515635,0.9346050038791167,0.9435495776036626,0.9531088537503161,0.9609802157521935,0.9681496728621838,0.9722269775302584,0.9753521255012799,0.9784772734723014,0.9800681293399027,0.9812630388582343,0.9824013131934902,0.9835298388496923,0.9857019745253083,0.9881395899427051,0.9905772053601019,0.990719257540603,0.990719257540603
83,0.0,0.014407773937107671,0.020050402218118542,0.025640418580425345,0.02954685354420199,0.033453288507978636,0.03755748238970762,0.04472693949969774,0.0510440835266821,0.0510440835266821,0.05270500132946312,0.06208044524252725,0.0714558891555914,0.08136526072145865,0.09331435590477517,0.10431086587767346,0.11267523250599536,0.12162034187224778,0.13177707277806713,0.1419338036838865,0.15780604585221555,0.1840940552555133,0.2093960554059212,0.2332942457725541,0.2775772454261001,0.3447679268030603,0.41195860818002006,0.488592652838399,0.5746261381582828,0.6533063341345842,0.7261958147528152,0.7781909836931379,0.8172553333309053,0.8563196829686726,0.8840074312787757,0.9055158026087452,0.9160527319976705,0.9220272795893291,0.9276153081257484,0.933084317075036,0.9385533260243237,0.9415747737610123,0.9439645927976755,0.9462411414681875,0.9484981927805916,0.948955916473317,0.948955916473317,0.948955916473317,0.9545822969559044,0.960556844547563
84,0.0,0.0947961551209818,0.10557819415469197,0.11383114730811097,0.11851886926464296,0.12320659122117496,0.1284068151622595,0.14155081986390802,0.1544107202045547,0.1651649058695404,0.17664370763475892,0.1914881604971103,0.20633261335946168,0.22355113739231297,0.2498391467956095,0.27707974140932473,0.30695247936761794,0.3360062211570343,0.36335126590347067,0.39069631064990706,0.4248641451940404,0.4714656164089773,0.5289131894056937,0.6018026700239248,0.6653869829209554,0.7185144984283192,0.7716420139356825,0.8298827651710342,0.8932129696426155,0.9277984975892909,0.9397475927726074,0.9486590638397064,0.9556906467745047,0.962722229709303,0.9675201867289837,0.9711049152839784,0.9738456867665854,0.9762355058032491,0.9785901867439817,0.9809340477222475,0.9832779087005133,0.9856583004431467,0.9880481194798104,0.988399071925754,0.988399071925754,0.9891111540100601,0.9898924410028154,0.9906737279955706,0.990719257540603,0.990719257540603
85,0.0,0.07334447426613272,0.14668894853226544,0.2200334227983982,0.2933778970645309,0.3189268488807649,0.33953603999686827,0.36014523111297164,0.3807544222290751,0.39151171409235824,0.3999978516107538,0.4084839891291494,0.41697012664754496,0.43395142583532237,0.4542530170840213,0.47455460833272023,0.4948561995814192,0.5220318276193819,0.5545367650782361,0.5870417025370904,0.6195466399959447,0.6395915912044925,0.651108492122315,0.6626253930401377,0.6741422939579602,0.6911145689947501,0.7135422181505097,0.7359698673062695,0.7583975164620292,0.7813177605804298,0.80495771509596,0.8285976696114905,0.8522376241270209,0.8734138365474742,0.8891738062244944,0.9049337759015146,0.9206937455785349,0.9328676994752854,0.9322522213695555,0.9316367432638257,0.9310212651580958,0.9311922687670663,0.9347749025168371,0.9383575362666079,0.9419401700163786,0.945117271951727,0.9358851003657802,0.9266529287798335,0.9174207571938867,0.90818858560794
86,0.0,0.041771592462836446,0.08354318492567289,0.12531477738850935,0.16708636985134578,0.17398553236908382,0.17705902746668362,0.18013252256428344,0.18320601766188324,0.19199540858526917,0.20168157495346328,0.21136774132165742,0.22105390768985156,0.2469604128590286,0.2778350681576468,0.308709723456265,0.33958437875488323,0.36763390219611186,0.3942708597086453,0.4209078172211787,0.4475447747337121,0.47005682489553235,0.48942915763192035,0.5088014903683084,0.5281738231046964,0.5478300501341952,0.567807768268595,0.587785486402995,0.6077632045373951,0.633087012243335,0.6675101573364549,0.7019333024295751,0.7363564475226952,0.7667716308269267,0.7891708905533752,0.8115701502798235,0.8339694100062719,0.8538551133375637,0.8655343947084438,0.877213676079324,0.8888929574502042,0.898852574621196,0.90183432359648,0.9048160725717638,0.9077978215470476,0.9108733166868582,0.9164056078625382,0.9219378990382181,0.927470190213898,0.933002481389578
87,0.0,0.027466858748239717,0.054933717496479434,0.08240057624471915,0.10986743499295887,0.119860076116722,0.12663033527974948,0.13340059444277697,0.14017085360580447,0.1473503455070263,0.15462417766565123,0.16189800982427616,0.16917184198290108,0.18821270895003406,0.21185266346556447,0.2354926179810948,0.2591325724966252,0.27722692054489106,0.2919983950824058,0.30676986961992064,0.3215413441574354,0.34845799361927937,0.3836872254920215,0.41891645736476374,0.4541456892375059,0.48769316468713353,0.5190825480793525,0.5504719314715717,0.5818613148637909,0.6076389048739246,0.6252173325906011,0.6427957603072777,0.6603741880239544,0.6779526157406309,0.6955310434573073,0.7131094711739836,0.7306878988906599,0.7464079699102717,0.7555002601085528,0.7645925503068337,0.7736848405051148,0.7841829917689497,0.8044937692580338,0.8248045467471181,0.8451153242362022,0.864432034938947,0.8741304778171133,0.8838289206952795,0.8935273635734458,0.903225806451612
88,0.0,0.05293111709276154,0.10586223418552308,0.15879335127828462,0.21172446837104617,0.21860339261811115,0.22397734324276675,0.22935129386742237,0.23472524449207796,0.2490320739168654,0.2653981962737711,0.2817643186306768,0.29813044098758257,0.32662566076248895,0.3598614784718974,0.3930972961813058,0.42633311389071427,0.4475570512436851,0.4633170209207053,0.47907699059772557,0.4948369602747458,0.5228320067029698,0.5592011674960936,0.5955703282892175,0.6319394890823414,0.6583071306573588,0.6746732530142645,0.6910393753711702,0.7074054977280759,0.725874621656256,0.7474163553567984,0.7689580890573408,0.7904998227578832,0.8130548407046054,0.8373009479000211,0.8615470550954365,0.8857931622908521,0.9039176350059002,0.9063795474288195,0.9088414598517389,0.9113033722746583,0.9143606009965446,0.919209822435628,0.9240590438747114,0.9289082653137947,0.9337462180161124,0.9385230630158063,0.9432999080155002,0.9480767530151941,0.952853598014888
89,0.0,0.03491585597075646,0.0707603607574859,0.10660486554421535,0.1463143182602791,0.21884192532367266,0.255322296591339,0.2795787289876819,0.3038351613840248,0.3297514835456761,0.35596434374818875,0.3821772039507013,0.41179229572445913,0.44196345115287206,0.4677878115252348,0.490655811284942,0.5135238110446493,0.532171334887632,0.5489828957323578,0.5660200959002989,0.5860440481623799,0.606068000424461,0.6250477085150138,0.641093237560216,0.6571387666054181,0.6789036587064378,0.7039438837202364,0.7289841087340353,0.7473582234145602,0.7643485250125076,0.7817494536379256,0.8024422422669026,0.8231350308958796,0.8487840877464303,0.8820653322809088,0.915346576815387,0.9381075569060606,0.9558383559102142,0.9735691549143676,0.9838041699253289,0.9937214445743432,1.0000869553016518,0.9993292061637605,0.9985714570258694,0.9985786221486125,0.9992779808100285,0.9999773394714445,0.9994996997811099,0.9987419506432189,0.997984201505328
90,0.0,0.044388705627567346,0.07161320150684908,0.0938075162996116,0.12708876083408946,0.17086426343396693,0.2072968108124857,0.2333007532514914,0.25930469569049713,0.2839437988475058,0.3083390745075128,0.3312201961188038,0.34407804444986045,0.35693589278091714,0.3703292919347874,0.38484275738094176,0.3993562228270962,0.41621158693315036,0.434085708015925,0.4519598290986997,0.4769486153504559,0.5028248858228748,0.5293815228011548,0.5592156242377765,0.5890497256743981,0.6191483747534313,0.6494676296630857,0.6797868845727402,0.6996816880116662,0.7174124870158196,0.7348969098034905,0.7504062165890262,0.7659155233745618,0.7815094723118892,0.7972337622153558,0.8129580521188223,0.8257285679830794,0.8364118744316175,0.8470951808801555,0.8695120838409115,0.8924263646885063,0.9166742423551103,0.9450959726613625,0.9735177029676148,0.9924264515936994,0.9931787029269878,0.9939309542602763,0.9934634824772882,0.9927057333393966,0.991947984201505
91,0.0,0.014768809379329515,0.02590558244312696,0.03651399062436716,0.06039661423392358,0.10282062746851434,0.12499441090990286,0.1404996114251637,0.15378742599208148,0.16720166391048724,0.18062411436944242,0.1940465648283976,0.21287238640223496,0.23198204264553118,0.25131294189931797,0.2711065551064734,0.29090016831362886,0.30906945832211696,0.32680025732627,0.3443067513166671,0.35884415525655766,0.3733815591964483,0.3883098995358761,0.40512146038060093,0.42193302122532583,0.4397147398079247,0.45830547128380167,0.4768962027596787,0.4953046870898808,0.5136483115336523,0.5317597193136127,0.5480095235053544,0.5642593276970961,0.5797379478391813,0.594029016956443,0.6083200860737046,0.6280978387330791,0.65175261698688,0.6754073952406808,0.7009921205235952,0.7268683909960141,0.751958995089205,0.772651783718182,0.793344572347159,0.8200046684569577,0.85443496069072,0.8888652529244823,0.90529126285276,0.917432500790714,0.929573738728668
92,0.0,0.04765018140372291,0.07277729781830013,0.08831771809998319,0.09801349670205653,0.11153922780827039,0.12385683365850048,0.1323756130597173,0.14088491645260787,0.14918969599912354,0.1574944755456392,0.16666910001201404,0.18072334232150192,0.19477758463098974,0.20394536531357355,0.20687161517859895,0.20979786504362433,0.2236142969047301,0.24152145702832317,0.2594286171519163,0.27377431634402066,0.28782855865350854,0.30149742513778927,0.3137353744276061,0.3259733237174229,0.3432539007973171,0.36403280090657786,0.38481170101583867,0.4008772209979457,0.41567332947039826,0.42992759906062417,0.43756086182169757,0.4451941245827709,0.4600972670931582,0.483747907188087,0.5073985472830157,0.5214169369961263,0.5302781161648652,0.5391392953336039,0.5547752540735063,0.5708504421372755,0.5863678351777442,0.6006853203192523,0.6150028054607602,0.6318052920961007,0.6509502711790321,0.6700952502619636,0.6975711791535292,0.7260454450056341,0.754519710857739
93,0.0,0.017609563149622944,0.030428203345466493,0.04588769375485673,0.06566313900309632,0.0958272229590376,0.11471442284328527,0.12921641602532744,0.14371840920736959,0.15511294698239944,0.1650739119963276,0.17726268864259073,0.1954725778086783,0.2136824669747658,0.2339259800388958,0.25711098481269407,0.2802959895864924,0.295184180078393,0.3081976988869121,0.32127640635412585,0.33577839953616767,0.3502803927182095,0.3648112551633874,0.38722342644472546,0.40963559772606356,0.4299836918735423,0.4488939613921715,0.4678042309108008,0.4855794538385525,0.5029308122499112,0.5202821706612699,0.531360529070234,0.5421515745019894,0.5584817594372419,0.5794931700134965,0.6005045805897511,0.6234864286395921,0.6473927446730193,0.6712990607064464,0.6903243716870973,0.7093407594409606,0.728660041170779,0.7540605019562954,0.7794609627418116,0.8082837032262996,0.843061210386997,0.8778387175476944,0.8986069571664732,0.9152353423106916,0.93186372745491
94,0.0,0.010459013264624525,0.016299474931023846,0.029160361539405585,0.05157253282074373,0.07100595749321788,0.08697667443730987,0.10191812195820167,0.11685956947909346,0.1318010169999857,0.14674246452087808,0.16127493081400882,0.17173394407863343,0.18219295734325802,0.1951737576535563,0.2118021427977751,0.22843052794199392,0.24588769375485747,0.263817430779928,0.28174716780499853,0.2922250030013951,0.30234662874135454,0.3156653442940329,0.3433070222076829,0.37094870012133285,0.3899990457104689,0.4004580589750933,0.41091707223971774,0.4288577154308624,0.44846836530203343,0.4680790151732044,0.4874125450055643,0.5067333823170627,0.5253390256484005,0.5426903840597589,0.560041742471117,0.5758159528063865,0.5904997891631253,0.605183625519864,0.6221583550527153,0.6391372726900935,0.6569253397195026,0.690958636850423,0.7249919339813433,0.7606976476143398,0.797372109711075,0.83404657180781,0.8543590582525599,0.8670592886453179,0.879759519038076
95,0.0,0.016401453346088234,0.03044744945911626,0.04634995740764777,0.0663289287174434,0.11930914400309006,0.14017200924312867,0.14898036323767544,0.15778871723222224,0.17407583913144598,0.1914994404671648,0.20769397874909087,0.22175909383316653,0.23582420891724215,0.25458685518770535,0.2791654924508393,0.30374412971397335,0.31673552338401745,0.32904838477158366,0.34159612271846973,0.3631083160127111,0.3846205093069525,0.40298216702464446,0.4184750443799505,0.43396792173525645,0.45267947786642054,0.47271523517563996,0.49275099248485943,0.5105829697313288,0.5281525922084234,0.5457222146855178,0.5625156938424951,0.5792888373666307,0.5946954263638178,0.6094614429264975,0.6242274594891771,0.6460502117896297,0.6735726352628996,0.7010950587361695,0.7241097854109131,0.746871270692481,0.7687074776501592,0.7844547562828841,0.800202034915609,0.8265406805299086,0.8624415724474125,0.8983424643649163,0.9146514243777374,0.9265099977699123,0.938368571162087
96,0.0,0.016401453346088234,0.03044744945911626,0.04747074733852698,0.07029713090515088,0.10357308369267833,0.12792004151331754,0.1452300708501887,0.16254010018705992,0.1801554883824506,0.19786529115526655,0.21650801559173105,0.2401431316336668,0.26377824767560243,0.2878349370291374,0.3124135742922715,0.33699221155540565,0.35393033441879934,0.36813023824876057,0.38227036342924636,0.3941289368214207,0.40598751021359514,0.4198795056702481,0.44139169896449004,0.4629038922587319,0.48079507193013304,0.49719652527622166,0.5135979786223103,0.5339341162099879,0.5547386685883304,0.5739894221896377,0.5863022835772033,0.598615144964769,0.614575842298307,0.6346115996075269,0.6546473569167467,0.679530761200029,0.7069399621267551,0.7343491630534814,0.7519316908360337,0.7689621583295873,0.7859926258231408,0.8030230933166943,0.8200535608102478,0.846505188072056,0.8814625587683624,0.9164199294646689,0.9273714882486968,0.9328700297053919,0.938368571162087
97,0.0,0.07499981912645307,0.14999963825290613,0.2249994573793592,0.2959686421541474,0.34935537471773653,0.4027421072813257,0.45612883984491487,0.4964067843876966,0.5275314604870223,0.5586561365863479,0.5897808126856737,0.6152623888803953,0.6374499695494061,0.659637550218417,0.6818251308874278,0.6874714887351159,0.692461248425011,0.6974510081149062,0.7024407678048014,0.7074305274946965,0.7124202871845916,0.7174100468744867,0.7223998065643819,0.727389566254277,0.7323793259441722,0.7373690856340673,0.7418492198020825,0.7460728537074298,0.750296487612777,0.7545201215181242,0.7587437554234715,0.7629673893288188,0.767191023234166,0.7714146571395133,0.7756382910448605,0.7798619249502078,0.784085558855555,0.7878786316329649,0.7906507203495733,0.7934228090661817,0.7961948977827901,0.7989669864993985,0.8017390752160067,0.8045111639326151,0.8072832526492235,0.8100553413658319,0.8128274300824402,0.8155995187990486,0.818371607515657
98,0.0,0.0968975765356365,0.193795153071273,0.29069272960690956,0.37612117080652707,0.41151889565847216,0.4469166205104172,0.4823143453623623,0.5181440283995586,0.554275328124711,0.5904066278498634,0.6265379275750159,0.6396305752106524,0.6460472497976222,0.6524639243845921,0.6588805989715619,0.6652972735585319,0.6717139481455017,0.6781306227324715,0.6845472973194414,0.6909639719064112,0.6973806464933812,0.703797321080351,0.7102139956673208,0.7166306702542907,0.7230473448412605,0.7294640194282305,0.7346753882551168,0.739602383672183,0.7445293790892493,0.7494563745063155,0.7543833699233817,0.759310365340448,0.7642373607575143,0.7691643561745806,0.7740913515916468,0.7790183470087131,0.7839453424257793,0.78983140519758,0.7973604917245034,0.8048895782514267,0.8124186647783501,0.8199477513052734,0.8274768378321968,0.8350059243591201,0.8425350108860435,0.8500640974129668,0.8575931839398903,0.8651222704668136,0.872651356993737
99,0.0,0.09318127443686672,0.18636254887373344,0.2795438233106002,0.35859309196619105,0.3970931394880099,0.43559318700982874,0.4740932345316476,0.5039410336159511,0.525701930041327,0.547462826466703,0.569223722892079,0.5770288630413886,0.580790005633429,0.5845511482254693,0.5883122908175097,0.5979358726190632,0.6082850038277348,0.6186341350364062,0.6289832662450776,0.639332397453749,0.6496815286624206,0.660030659871092,0.6703797910797634,0.680728922288435,0.6910780534971064,0.7014271847057778,0.709829587849272,0.7168972294233257,0.7239648709973794,0.731032512571433,0.7381001541454867,0.7451677957195404,0.7522354372935941,0.7593030788676478,0.7663707204417014,0.7734383620157551,0.7805060035898088,0.7869315163500982,0.7922569677959708,0.7975824192418434,0.8029078706877161,0.8082333221335887,0.8135587735794613,0.8188842250253339,0.8242096764712065,0.8295351279170791,0.8348605793629518,0.8401860308088244,0.845511482254697
100,0.0,0.006438125878139962,0.015555926220250938,0.03173810291550136,0.04792027961075178,0.0641024563060022,0.07992053867645428,0.0956588199399813,0.1113971012035083,0.12495665184548486,0.13755871358297359,0.1501607753204623,0.162762837057951,0.1753648987954397,0.1879669605329284,0.20056902227041712,0.21317108400790585,0.23647966918109758,0.26394162778794344,0.29140358639478936,0.3188655450016352,0.34632750360848114,0.373789462215327,0.4012514208221729,0.4287133794290188,0.44811046546177413,0.4587543762335855,0.4693982870053969,0.4800421977772083,0.49068610854901973,0.5013300193208311,0.5119739300926425,0.5226178408644538,0.5331152690253604,0.5422489315782878,0.551382594131215,0.5605162566841423,0.5696499192370696,0.5787835817899969,0.5879172443429241,0.5970509068958515,0.604762253872666,0.609019264341159,0.613276274809652,0.617533285278145,0.621790295746638,0.626047306215131,0.630304316683624,0.634561327152117,0.63881833762061
101,0.0,0.03588884361321849,0.0701534274839318,0.09740192421119778,0.12465042093846375,0.15189891766572972,0.16783874707344856,0.18250479490473506,0.19717084273602156,0.22005435996892647,0.2464865768695073,0.2729187937700881,0.299351010670669,0.3257832275712498,0.3522154444718306,0.3786476613724114,0.40507987827299224,0.4252697584859864,0.43860023993693487,0.45193072138788337,0.4652612028388318,0.4785916842897803,0.4919221657407287,0.5052526471916772,0.5185831286426257,0.5295649890646761,0.5389833884327137,0.5484017878007513,0.557820187168789,0.5672385865368267,0.5766569859048644,0.586075385272902,0.5954937846409396,0.6058070618526326,0.6180276261726929,0.6302481904927532,0.6424687548128135,0.6546893191328738,0.6669098834529341,0.6791304477729944,0.6913510120930547,0.7027091648410269,0.7118566069955335,0.7210040491500401,0.7301514913045468,0.7392989334590534,0.7484463756135601,0.7575938177680668,0.7667412599225734,0.77588870207708
102,0.0,0.014360495201864412,0.030230518829358673,0.0513674828496494,0.07250444686994012,0.0922946778155556,0.10823178990630958,0.12416890199706355,0.14010601408781753,0.15528760378253342,0.1700049491188502,0.18472229445516697,0.19943963979148374,0.2141569851278005,0.2288743304641173,0.24359167580043403,0.2583090211367508,0.28069072568253073,0.3086393074530087,0.3365878892234868,0.3645364709939648,0.3924850527644429,0.4204336345349209,0.448382216305399,0.4763307980758771,0.498302865904579,0.5096802496947089,0.5210576334848389,0.5324350172749689,0.5438124010650988,0.5551897848552287,0.5665671686453587,0.5779445524354887,0.5887912005507844,0.5988658500682069,0.6089404995856293,0.6190151491030519,0.6290897986204744,0.6391644481378969,0.6492390976553194,0.6593137471727419,0.6685468320049184,0.6714053921574358,0.6742639523099531,0.6771225124624703,0.6799810726149877,0.682839632767505,0.6856981929200223,0.6885567530725397,0.691415313225057
103,0.0,0.014402502408386787,0.02869020106547085,0.041375316632032345,0.05406043219859384,0.06674554776515534,0.08775664201552891,0.10913781048917641,0.1305189789628239,0.14765074888632673,0.1618716186127727,0.17609248833921864,0.1903133580656646,0.20453422779211056,0.2187550975185565,0.23297596724500247,0.24719683697144842,0.2670732523753532,0.3020381593336839,0.33700306629201465,0.37196797325034536,0.40693288020867613,0.44189778716700684,0.4768626941253376,0.5118276010836684,0.5365947260717492,0.5485108646974033,0.5604270033230574,0.5723431419487115,0.5842592805743656,0.5961754192000196,0.6080915578256737,0.6200076964513278,0.6294901061017137,0.6361080824563652,0.6427260588110165,0.649344035165668,0.6559620115203194,0.6625799878749707,0.6691979642296222,0.6758159405842735,0.6803613104873062,0.6817430608295251,0.683124811171744,0.6845065615139627,0.6858883118561816,0.6872700621984005,0.6886518125406194,0.6900335628828381,0.691415313225057
104,0.0,0.020162719497444047,0.040113631696117626,0.05805361177843891,0.07599359186076018,0.09393357194308145,0.11323976954309282,0.1326189805892595,0.15199819163542616,0.16642073698130705,0.17962628119853677,0.1928318254157665,0.2060373696329962,0.21924291385022593,0.23244845806745568,0.24565400228468537,0.2588595465019151,0.2808205861363662,0.3083824978290279,0.3359444095216897,0.3635063212143514,0.39106823290701315,0.4186301445996749,0.44619205629233666,0.47375396798499847,0.4989439365082885,0.5191909715754506,0.5394380066426128,0.5596850417097748,0.579932076776937,0.6001791118440991,0.6204261469112613,0.6406731819784234,0.6572476256202606,0.664921327275658,0.6725950289310555,0.6802687305864529,0.6879424322418504,0.6956161338972477,0.7032898355526452,0.7109635372080426,0.7180701540221582,0.7202295557584182,0.7223889574946782,0.7245483592309382,0.7267077609671981,0.7288671627034581,0.731026564439718,0.7331859661759781,0.735345367912238
105,0.0,0.024436555933010834,0.04689611772854533,0.06542795733647935,0.08395979694441337,0.10249163655234739,0.11803766760791036,0.13333549468605035,0.14863332176419036,0.16478918212949706,0.18135072086230203,0.19791225959510697,0.21447379832791194,0.23103533706071688,0.24759687579352185,0.26415841452632677,0.2807199532591318,0.3092477844771226,0.3412411225376617,0.3732344605982009,0.40522779865874003,0.4372211367192792,0.4692144747798183,0.5012078128403575,0.5332011509008967,0.5598275210944181,0.5769912835773073,0.5941550460601965,0.6113188085430856,0.6284825710259748,0.6456463335088639,0.6628100959917531,0.6799738584746423,0.6955366358095397,0.7050169339219499,0.71449723203436,0.7239775301467701,0.7334578282591803,0.7429381263715904,0.7524184244840004,0.7618987225964106,0.7702894080758963,0.772159650964264,0.7740298938526317,0.7759001367409993,0.7777703796293671,0.7796406225177348,0.7815108654061025,0.7833811082944703,0.785251351182838
106,0.0,0.475687443007411,0.5291016913789043,0.5796428953095667,0.6301840992402291,0.6807253031708915,0.7190533401987149,0.7415565345080767,0.7640597288174384,0.7865629231268002,0.8090661174361621,0.8315693117455238,0.8446690502700575,0.8573178237747151,0.8699665972793728,0.8826153707840304,0.8952641442886881,0.9057957984956096,0.9146363391171447,0.9234768797386798,0.9323174203602147,0.9411579609817498,0.9498276396494559,0.9581403868010484,0.9664531339526409,0.9747658811042333,0.9830786282558258,0.9913913754074183,0.9946125827183083,0.9962199537404046,0.9978273247625008,0.9994346957845971,1.0010420668066933,1.00197226467679,1.0011434639935222,1.0003146633102542,0.9994858626269862,0.9986570619437184,0.9978282612604504,0.997797356828193,0.997797356828193,0.997797356828193,0.997797356828193,0.997797356828193,0.997797356828193,0.997797356828193,0.997797356828193,0.997797356828193,0.997797356828193,0.997797356828193
107,0.0,0.2982755075036732,0.3484148113434326,0.39301123097274915,0.42340246015991995,0.4537936893470908,0.4807116026622294,0.5045496331676418,0.5283876636730541,0.5502998768274443,0.5716766494382759,0.5926185891133978,0.601932534091063,0.6112464790687282,0.6205604240463934,0.6298743690240586,0.6391883140017238,0.6485022589793891,0.6578162039570543,0.6671301489347194,0.6774276643595336,0.6879501395785637,0.6984726147975937,0.7089950900166238,0.7195175652356538,0.7319056649897514,0.7500244628085018,0.7681432606272521,0.7862620584460026,0.804380856264753,0.8224506784062787,0.8368555655735246,0.8512604527407706,0.8656653399080164,0.8800702270752623,0.8944751142425081,0.908880001409754,0.923284888577,0.9376897757442458,0.9463911303151579,0.9542367840739951,0.9620824378328324,0.9699280915916697,0.977773745350507,0.9848659044368412,0.9870283055553496,0.9891907066738579,0.9913531077923663,0.9935155089108746,0.995677910029383
108,0.0,0.08508436948610378,0.11033116043583881,0.1343024848857996,0.15827380933576038,0.17056035022693206,0.1815042948025517,0.19244823937817132,0.20472691349405678,0.21729928055396927,0.2298716476138818,0.24244401467379428,0.2522936033984559,0.26106631799501856,0.2698390325915812,0.284608117982479,0.3027605460885673,0.32091297419465564,0.3390654023007439,0.3603522333885151,0.3830208198510418,0.4056894063135686,0.44947511258015005,0.5114063678999144,0.573337623219679,0.6352688785394434,0.6972001338592075,0.7591313891789719,0.8210626444987364,0.858957905854685,0.8742443103884184,0.889530714922152,0.9048171194558855,0.9201035239896191,0.9353899285233527,0.9506763330570861,0.9630300645700275,0.9695607482099542,0.9760914318498809,0.9826221154898077,0.9891527991297344,0.9956834827696611,1.0022141664095878,1.0080630179445058,1.005584813558684,1.0031066091728622,1.0006284047870404,0.9981502004012186,0.9956719960153968,0.993193791629575
109,0.0,0.01818759148409001,0.03637518296818002,0.05235252426571892,0.06495479182276945,0.07362961151993898,0.08002132002372402,0.08130161430605724,0.08261763696099227,0.08411558479013603,0.08561353261927981,0.08711148044842358,0.08931831576772913,0.09218413900429197,0.09504996224085481,0.09791578547741765,0.10472436879734533,0.11274720209948794,0.12077003540163053,0.12863294336716882,0.13527804058993542,0.14192313781270205,0.14856823503546868,0.1552133322582353,0.16185842948100193,0.16850352670376856,0.17514862392653516,0.21959585810415228,0.30209551054108114,0.38459516297800994,0.46709481541493836,0.5495944678518672,0.6320941202887961,0.7145937727257249,0.7970934251626537,0.8237391792562738,0.8459402168050612,0.8681412543538485,0.8903422919026357,0.9125433294514229,0.9347443670002101,0.9569454045489975,0.9729498703544049,0.9797860853090543,0.9866223002637036,0.9934585152183528,1.000294730173002,1.0071309451276516,1.0139671600823008,1.02080337503695
110,0.0,0.12812593172489334,0.22492668778481087,0.2705751284829004,0.31622356918098987,0.3618720098790794,0.4023154896879383,0.44223162749948414,0.48214776531102993,0.5073742174186211,0.528371068291666,0.5493679191647111,0.567061102055385,0.5811878704901688,0.5953146389249527,0.6094414073597366,0.6235681757945206,0.6390619450817446,0.6555349783332906,0.6720080115848366,0.6884810448363825,0.7049540780879285,0.7214271113394746,0.7372625997116721,0.7456132169434373,0.7539638341752024,0.7623144514069675,0.7706650686387326,0.7790156858704977,0.787366303102263,0.7946192182880802,0.8013147412351203,0.8080102641821603,0.8147057871292003,0.8214013100762403,0.8280968330232803,0.8347923559703203,0.8402936663936384,0.8457897688183159,0.8512858712429933,0.8567819736676706,0.8622780760923481,0.8677741785170254,0.8727577428463962,0.8772237142767587,0.8816896857071211,0.8861556571374836,0.890621628567846,0.8950875999982085,0.899553571428571
111,0.0,0.0825231781782705,0.1546050803275599,0.19891591844267661,0.2432267565577933,0.28753759467290996,0.32006333141443005,0.3489216170799244,0.3777799027454187,0.4066381884109131,0.43549647407640746,0.46435475974190177,0.4932130454073962,0.5134331280589285,0.5296349565638502,0.5458367850687719,0.5620386135736936,0.5782404420786152,0.5944422705835369,0.6106440990884586,0.6268459275933803,0.6430477560983021,0.6592495846032237,0.6754514131081455,0.6916532416130672,0.7049668569736859,0.714769993150322,0.724573129326958,0.7343762655035941,0.7441794016802303,0.7539825378568664,0.7637856740335025,0.7735888102101386,0.7833919463867748,0.7931950825634109,0.802998218740047,0.812801354916683,0.8224942192730805,0.8316052296573374,0.8407162400415942,0.849827250425851,0.8589382608101079,0.8680492711943648,0.8771602815786217,0.8862712919628786,0.8953823023471355,0.9044933127313923,0.9136043231156492,0.9227153334999061,0.931826343884163
112,0.0,0.026956602498793586,0.05391320499758717,0.08086980749638076,0.10037746367857364,0.11141978214101643,0.12246210060345922,0.133504419065902,0.13440255576713636,0.13453620246456172,0.13466984916198707,0.1538961595022134,0.20326938019531596,0.2526426008884184,0.30201582158152096,0.31593120527889546,0.32864828073324553,0.3413653561875956,0.35408243164194564,0.3667995070962957,0.3795165825506458,0.3922336580049959,0.3930655497165887,0.3938532106173856,0.3946408715181825,0.3954285324189794,0.39621619331977626,0.39700385422057316,0.39779151512137007,0.39857917602216697,0.3993668369229639,0.4001544978237607,0.4044882440464156,0.41859023807425483,0.4326922321020941,0.4467942261299333,0.46089622015777254,0.47499821418561183,0.48910020821345107,0.5032022022412902,0.5173041962691295,0.5314061902969688,0.5455081843248081,0.5631484931485137,0.5809081829179417,0.5986678726873698,0.6164275624567979,0.6341872522262259,0.651946941995654,0.669706631765082
113,0.0,0.030112946477983515,0.06022589295596703,0.09033883943395056,0.11006778233954849,0.11224687093938349,0.11442595953921847,0.11660504813905347,0.12167100883913938,0.1269195391582469,0.13216806947735443,0.15724801349028392,0.20135120716233035,0.24545440083437667,0.2895575945064231,0.3192129517421962,0.3420686104282665,0.3649242691143368,0.387779927800407,0.4106355864864773,0.4334912451725475,0.4554563065599639,0.45592097182515573,0.4563856370903475,0.4568503023555393,0.45731496762073115,0.45777963288592294,0.4582442981511148,0.45870896341630657,0.4591736286814984,0.4596382939466902,0.460102959211882,0.46867242565390976,0.4878847577435704,0.507097089833231,0.5263094219228915,0.5455217540125521,0.5647340861022128,0.5839464181918733,0.6031587502815339,0.6223710823711944,0.6415834144608551,0.6607957465505157,0.6863417068415639,0.7122260866954877,0.7381104665494116,0.7639948464033355,0.7898792262572593,0.8157636061111831,0.841647985965107
114,0.0,0.20300798899145048,0.31862127827716313,0.42114780793233747,0.49980629574711916,0.5784647835619008,0.6314378456912576,0.6681049915146978,0.704772137338138,0.7180824691183713,0.7267214380899626,0.7353604070615538,0.743999376033145,0.7526383450047364,0.7612773139763276,0.7699162829479188,0.7785552519195101,0.783936915499428,0.7886751607303732,0.7934134059613185,0.7981516511922637,0.802889896423209,0.8076281416541542,0.8123663868850994,0.8171046321160447,0.8219184666002866,0.8268078903378251,0.8316973140753635,0.836586737812902,0.8414761615504406,0.846365585287979,0.8512550090255175,0.856144432763056,0.8601130678997941,0.8627971460996138,0.8654812242994334,0.868165302499253,0.8708493806990726,0.8735334588988922,0.8762175370987119,0.8789016152985315,0.8815856934983511,0.8842697716981707,0.8869538498979903,0.88963792809781,0.8923220062976296,0.8950060844974492,0.8976901626972688,0.9003742408970884,0.903058319096908
115,0.0,0.003453689167974873,0.006907378335949746,0.0104358226807206,0.015256172399029468,0.02389039531896657,0.028767660910517856,0.04123495552066947,0.055886970172684174,0.06499215070643613,0.07880690737833562,0.09262166405023504,0.1130794018012063,0.1422155484267296,0.17477760334903267,0.20372280780443958,0.22883830455259152,0.28461538461538877,0.346373626373628,0.39834043507512873,0.445376392315166,0.47884615384615453,0.5063018614039022,0.5373850639156761,0.5767660910518059,0.5957613814756678,0.6279600099148979,0.66182697611269,0.694683694683693,0.7200941915227618,0.7390894819466247,0.7609890109890107,0.787503924646781,0.8178963893249591,0.8444473173884925,0.856961861667743,0.8694764059469936,0.8819909502262441,0.8945054945054947,0.9089481946624808,0.927943485086342,0.9400313971742534,0.942857142857142,0.9491365777080049,0.9653532182103601,0.971051805337519,0.975602548711792,0.9800720288115243,0.9845415089112567,0.989010989010989
116,0.0,0.010195751770095705,0.02039150354019141,0.029682405506581164,0.03768868494143215,0.04430121785933676,0.049472976003588194,0.05615608880914998,0.06413178658076613,0.0749454627005646,0.09571652836958926,0.12275071866908556,0.1497849089685819,0.17984814019799342,0.21525005606638115,0.24740225760633786,0.2810023488863441,0.31724194173173903,0.3564415176660096,0.3956410936002803,0.4348406695345509,0.46847438276009845,0.500381251401659,0.5301188607311044,0.5821071989235248,0.6427719219555974,0.680363310159229,0.7069522314420276,0.7218210361067509,0.7550071191267218,0.7937351684859999,0.8324632178452781,0.8595756896165063,0.8786077595873526,0.8989638932496088,0.9176984506177058,0.9306278459783345,0.9412962547656426,0.9502175375644761,0.9591388203633096,0.9659238720463204,0.9713307101062197,0.9767375481661191,0.9821443862260185,0.9875512242859179,0.9924844135456377,0.9972424310383488,0.9984749943933612,0.9992374971966806,1.0
117,0.0,0.014083875308365001,0.025866591261444694,0.036888754546252116,0.05559702687982522,0.08804023964373756,0.1204834524076499,0.14740973312401817,0.1674792554384385,0.19858819508965175,0.24888774976238442,0.29496218067646585,0.32184957899243527,0.34873697730840464,0.40098676833370506,0.4563162784737106,0.5116457886137162,0.5669752987537219,0.6058796571662572,0.6297610109500068,0.6537414965986378,0.6783882783882768,0.7044156702588483,0.7344365623635238,0.7584894253927092,0.7672153046598483,0.7759411839269874,0.7846670631941265,0.7933929424612656,0.8037740684971008,0.8158459616185563,0.824175824175824,0.824175824175824,0.8299602729631881,0.8473136193252802,0.8646669656873721,0.8753173357254981,0.8767257232563346,0.8816619050869263,0.8871729867293303,0.8907983331334064,0.8922722270610258,0.8937461209886453,0.8952200149162648,0.8966939088438842,0.8988024220677274,0.9009150033639823,0.9030275846602372,0.904320849218808,0.905494505494505
118,0.0,0.007562172841449649,0.03389113659584251,0.10539054377075628,0.20171680640329068,0.3009456613107041,0.3911263198299078,0.4484676233438594,0.5320354574052647,0.575535885311284,0.5882278236315389,0.5998271694591195,0.6190586686703149,0.6420808979384641,0.6651031272066135,0.6819460825501223,0.6987098296212497,0.7154735766923772,0.7237685946002911,0.727502648955667,0.7347264684827953,0.7539997260376875,0.7732729835925797,0.7925462411474719,0.8118194987023639,0.8310927562572552,0.8457691321349968,0.8481163690380148,0.8504636059410327,0.8528108428440506,0.8585534862516713,0.8709514788345474,0.8833494714174235,0.8864118564387583,0.8858215489062867,0.8852312413738151,0.8846409338413436,0.8837951625374031,0.8827694525624207,0.8819240059813511,0.8871892471836202,0.894810667653519,0.9073329091920643,0.9198551507306096,0.9208489149993802,0.9214562206869665,0.9220635263745529,0.9226708320621393,0.9232781377497257,0.923885443437312
119,0.0,0.0010094681951353572,0.0020189363902707144,0.005595284008474096,0.010214746087908767,0.01329829720393952,0.01620832711656949,0.02383906798851358,0.0334479672970366,0.03991381740967204,0.046337386670441905,0.05276095593121177,0.05918452519198165,0.0656080944527515,0.07237329640634205,0.0808491427281152,0.08932498904988839,0.10901756226763043,0.13409450550585822,0.17024642033815426,0.22499217113856387,0.31089797304193495,0.3807196284863625,0.44397556554762496,0.5086533048162167,0.5733310440848084,0.6380087833533998,0.7026865226219916,0.7673642618905833,0.832042001159175,0.8781682169499393,0.8948788631902027,0.9325966163955147,0.8981057567609453,0.9078779214664443,0.9240960128861383,0.9192955938316378,0.9142274880925002,0.9093244988820717,0.9044215096716433,0.8995185204612148,0.8951294901106719,0.8935206579239597,0.8826203341857622,0.8772823440050743,0.8717086047615261,0.8713140908701078,0.8714389947287158,0.8676906608563765,0.86354216293473
120,0.0,0.00011972020916597978,0.00023944041833195957,0.005726349288082034,0.012890889449258208,0.015050079274689107,0.01749887303313339,0.02296204299393753,0.028845378336139555,0.03664231749545108,0.0444392566547626,0.05223619581407413,0.06003313497338566,0.06783007413269718,0.07535446665224511,0.0794835875703602,0.08591944476987366,0.09829422908962948,0.11504126189604671,0.13353030239919886,0.1595288000505164,0.22299726653572807,0.28191315986413706,0.3384966814222387,0.395284032910446,0.45207138439865335,0.5088587358868604,0.5656460873750677,0.6182428699357255,0.6526732859452058,0.7002443286076401,0.7323173752854344,0.7661426950081522,0.8045379684877959,0.8333364235213983,0.8618692936420584,0.9081778465586339,0.9181277054090787,0.9280775642595236,0.9380274231099685,0.9479772819604133,0.9579271408108582,0.9665024453353043,0.9726218895384585,0.976972012644554,0.9797155747903402,0.98957941840666,0.9947287250149766,0.9958016956924671,0.995926631729395
121,0.0,0.004881484728141238,0.009316910017066653,0.012658218759171195,0.014746347419192963,0.014871763160600857,0.01669159748603511,0.022457631209344603,0.0282236649326541,0.033989698655963595,0.041993132840489764,0.051003221801395195,0.06001331076230064,0.06902339972320605,0.07763751352325103,0.08614809568100339,0.09269243904329234,0.0979623408926462,0.10844674716472709,0.13625264137064705,0.1647888611399367,0.19378677129716676,0.21749495066388858,0.2352055173369539,0.2527016820575073,0.27019784677806075,0.28769401149861407,0.3051901762191675,0.3302010181398387,0.35818900642677476,0.390168617810918,0.42103243054663164,0.450731075454499,0.47123450891436813,0.5218817890093583,0.562373537270594,0.6034049509011384,0.6333956405505164,0.6633863301998945,0.6933770198492724,0.7233677094986504,0.7533583991480284,0.7904010521277212,0.8365465520460454,0.8638172005058699,0.8589466538711084,0.888630407251851,0.9162417484613082,0.9455732375901192,0.969473558837541
122,0.0,0.003169238420296106,0.006338476840592212,0.010729918207791572,0.014744345432691456,0.014869260677474152,0.01499417592225685,0.015729894921382496,0.01704135660263432,0.021890596334417377,0.02763361954574782,0.033376642757078266,0.03911966596840872,0.04486268917973915,0.04954251341838963,0.05233678064890698,0.055376710139319045,0.06160100540849902,0.06988099831708776,0.08084766062934358,0.0945833583089014,0.11199481750486896,0.12872604712510993,0.14191198599295549,0.1535259759894849,0.1651399659860143,0.17675395598254362,0.18836794597907303,0.20604405394084724,0.22916619983903252,0.25663865575647415,0.27849939287814945,0.314087446857563,0.3326919624514055,0.3620293884670789,0.39443289580556257,0.44361442865442613,0.47433094160280287,0.5050474545511797,0.5357639674995562,0.5664804804479331,0.5971969933963098,0.6518521131386669,0.6831301067689641,0.7291492452889449,0.7479329868721107,0.7911179714413321,0.8260051890492113,0.8719529651202654,0.910385898046689
123,0.0,0.05245207040311519,0.10330605790343553,0.1563604429590545,0.18581320166124693,0.19404439907048412,0.19793658168769337,0.21153901258180124,0.2247149661456944,0.24847467016107275,0.2696127050377025,0.2870851696100098,0.30455763418231707,0.32203009875462435,0.3395025633269317,0.3570065108100554,0.3699525870945557,0.38062074941637103,0.3917287390727636,0.4049046926366571,0.41769632503652165,0.4281084811946947,0.43807336170635375,0.4528794782657963,0.467270378905878,0.48398166459815245,0.5010936716965823,0.5182056787950122,0.5353176858934421,0.552429692991872,0.5711505445112429,0.5971997421938144,0.6314823157024769,0.6591199305080038,0.6876862839091482,0.7312858719405656,0.7663065767402176,0.8010851564394953,0.8414221304602465,0.8851994754465812,0.9143719095135131,0.931971306164072,0.9495707028146309,0.9671700994651896,0.9847694961157484,1.0023688927663073,1.0038906232306866,1.002370204950986,1.00194952676145,1.00357313006193
124,0.0,0.36027526208502936,0.49604850135589695,0.5648473073522003,0.5877104538128977,0.5520892191781033,0.520107937405329,0.5283575085909671,0.531457912393904,0.5369301267977097,0.5410097511443241,0.5450893754909386,0.5491689998375531,0.5532486241841675,0.5533211279075276,0.5426319718103326,0.5360133263491781,0.5499734429856913,0.5500983765473632,0.5493868316055225,0.5509161467135752,0.5565831568657806,0.5567080904274527,0.562513200646496,0.5694860670517045,0.5764589334569129,0.5834317998621213,0.5904046662673298,0.6003477400939392,0.6124758264263472,0.6188073552548411,0.6319295768019726,0.6468342056469226,0.6642882132832884,0.6754224449777296,0.6877408360668437,0.7089698862716287,0.7358123822793611,0.7626779251870137,0.7895434680946662,0.8164090110023189,0.8421858179135403,0.8607759695815123,0.8935561146041431,0.9121427646626923,0.922475026622967,0.9345639825523471,0.948898809937716,0.9625255621832047,0.985743211052882
125,0.0,0.43632651017659424,0.4510347268937397,0.4742969615618259,0.5002376041020379,0.512802962968417,0.52348431143001,0.5341656598916029,0.5448470083531958,0.5555283568147886,0.5662097052763816,0.5768910537379744,0.5875724021995674,0.5982537506611603,0.6089350991227532,0.6196164475843461,0.630297796045939,0.6354607358679583,0.6372977387234635,0.6391347415789689,0.6409717444344741,0.6428087472899794,0.6446457501454846,0.6464827530009899,0.6483197558564952,0.6501567587120005,0.6519937615675058,0.653830764423011,0.6556677672785163,0.6575047701340215,0.6593417729895268,0.6611787758450322,0.6630157787005374,0.6655110602822301,0.6698567280127353,0.6742023957432407,0.678548063473746,0.6828937312042512,0.6872393989347566,0.6915850666652619,0.6959307343957671,0.7002764021262725,0.7046220698567778,0.7089677375872832,0.7133134053177884,0.7176590730482937,0.7220047407787991,0.7263504085093043,0.7306960762398097,0.735041743970315
126,0.0,0.3879241950867679,0.5639172101049115,0.6774988070982573,0.7110458564090618,0.7068910574856513,0.7090211851906565,0.7126535234378271,0.7218424438081212,0.730539067997703,0.7466671288800042,0.7611542114393856,0.7667173096085399,0.7661297970923125,0.7655422845760852,0.7656349867383477,0.7667903418747319,0.7679456970111161,0.7691010521475004,0.7693884910667299,0.769429553769477,0.769470616472224,0.7707561949351522,0.7726829832948234,0.7746097716544945,0.7759595763960785,0.7766292143178006,0.7772988522395227,0.7779569083732903,0.7785816480650855,0.7792063877568804,0.7798311274486756,0.7803375674492229,0.7808163878937558,0.7812952083382888,0.7817740287828217,0.7820367584594098,0.7815077180565753,0.7809786776537407,0.7804496372509062,0.7803111699974566,0.7803522327002035,0.7803932954029504,0.7804343581056974,0.7804754208084447,0.7805164835111918,0.7810780159712584,0.7829576611895066,0.7848373064077547,0.786716951626003
127,0.0,0.3520740793549329,0.47675334279405157,0.5240886474874326,0.5517237272545561,0.5838807296021502,0.6061945998774193,0.6333855305645788,0.6494091100516187,0.6675556226977514,0.6783051238118442,0.6864526589359644,0.6899626101818457,0.6905500020899358,0.6911373939980259,0.6913016785384937,0.6906134158782732,0.6899251532180528,0.6893232942149762,0.6892811080809137,0.6892389219468512,0.6891967358127887,0.6895961985639606,0.6902001592161322,0.6908041198683037,0.6910941069790195,0.691051920844957,0.6910097347108947,0.6909675485768322,0.6909253624427697,0.6908831763087073,0.6908409901746448,0.6907988040405824,0.69075661790652,0.6907144317724575,0.6906722456383951,0.690709022598519,0.6912964145066091,0.6918838064146993,0.6924711983227894,0.6935898060759847,0.6948068427400174,0.6960238794040501,0.6986569909767482,0.702393274014585,0.7061295570524216,0.7095115648146202,0.7119880911743315,0.7144646175340427,0.716941143893754
128,0.0,0.21034074924369298,0.42068149848738595,0.631022247731079,0.7002531374621783,0.7489445154386705,0.754391164269313,0.7650293415740363,0.7869849597018058,0.8041213097162575,0.8184971262142103,0.823010428106907,0.825440731078433,0.8254819313446735,0.825523131610914,0.8255643318771544,0.8256055321433949,0.8256467324096355,0.825739010671976,0.8263801270100579,0.8270212433481399,0.8276623596862217,0.8278648061754446,0.8279060064416849,0.8279472067079252,0.8283713166772824,0.8290274309171605,0.8296835451570386,0.8307708177757614,0.8326567599629153,0.8345427021500692,0.8362838983100394,0.8363250985762797,0.83636629884252,0.8364074991087604,0.8364486993750008,0.8365443077223811,0.8372004219622593,0.8378565362021374,0.8385126504420156,0.8391951852893189,0.8398836634225462,0.8405721415557734,0.8420763916886338,0.8439173401703993,0.8457582886521648,0.8471745886957653,0.8478157050338475,0.8484568213719298,0.849097937710012
129,0.0,0.3538873895614485,0.5020476211339997,0.579596885314897,0.5899858178916588,0.6124608726436493,0.6592258848273034,0.6823248437961837,0.6973613277293214,0.7183892332905573,0.730823088464125,0.7406864184457237,0.7467271437424009,0.7461046131662794,0.745482082590158,0.7452954416573512,0.745982770411391,0.7466700991654309,0.7473328090908217,0.7479077557110277,0.7484827023312338,0.7490576489514399,0.7491017873157686,0.7484967215307158,0.7478916557456631,0.7477268604043604,0.7484316539494696,0.7491364474945789,0.7498091072047373,0.7504083181492938,0.7510075290938502,0.7516067400384067,0.7512136023332414,0.7503931374583399,0.7495726725834384,0.7487522077085368,0.7479204381219479,0.7467023133888642,0.7454841886557806,0.7442660639226969,0.7446209565717712,0.7452917161650536,0.7459624757583361,0.7462320843324738,0.7462732158169674,0.746314347301461,0.7463554787859547,0.7463966102704485,0.7464377417549422,0.746478873239436
130,0.0,0.02161215476275035,0.03394372578362404,0.04477033727878811,0.059359347588226356,0.076657285043942,0.09395522249965764,0.11125315995537327,0.12685915806551837,0.13866627349409938,0.1504733889226804,0.1622805043512614,0.17408761977984244,0.18589473520842345,0.1977018506370045,0.20950896606558547,0.2213160814941665,0.2323318189190323,0.2427546935004368,0.25317756808184133,0.26465184486818216,0.27813982418262057,0.2916278034970589,0.3052120911568283,0.32366958109032395,0.3421270710238196,0.3605845609573152,0.3790420508908109,0.40891793378265623,0.4449108129021886,0.48090369202172073,0.5132034737905807,0.5333160343022235,0.5534285948138662,0.5736789453323228,0.6293413276010059,0.6850037098696893,0.7406660921383726,0.7697413067601696,0.79484917119858,0.8199570356369905,0.845064900075401,0.8662626331439042,0.8835804289071323,0.9008982246703603,0.9182160204335885,0.9355338161968166,0.9528516119600448,0.9701694077232729,0.987487203486501
131,0.0,0.014767782724236983,0.029535565448473966,0.044303348172710956,0.05907113089694793,0.07383891362118492,0.08860669634542191,0.10337447906965888,0.11814226179389586,0.13291004451813285,0.14767782724236983,0.1624456099666068,0.17721339269084382,0.19198117541508078,0.20674895813931776,0.25297113898889706,0.2998063001411173,0.34664146129333756,0.39347662244555764,0.4403117835977779,0.48714694474999803,0.5339821059022183,0.5808172670544384,0.6276524282066587,0.6744875893588789,0.7113459994514483,0.7349929500766885,0.7586399007019288,0.7822868513271691,0.8059338019524095,0.8295807525776496,0.85322770320289,0.8768746538281302,0.9005216044533706,0.9241685550786108,0.9478155057038511,0.9531068119812133,0.9553618168288123,0.9576168216764113,0.9598718265240103,0.9621268313716091,0.9643818362192081,0.9666368410668071,0.9688918459144061,0.9711468507620051,0.9734018556096041,0.975656860457203,0.977911865304802,0.980166870152401,0.982421875
132,0.0,0.015521483271694517,0.03894142641180463,0.06699561001244404,0.1316843646860595,0.20700079237055774,0.282317220055056,0.35451056326846675,0.42400618129061884,0.49350179931277094,0.5492962107649768,0.573039887478371,0.5967835641917653,0.6205272409051594,0.6442709176185536,0.6680145943319479,0.691758271045342,0.7107163097647242,0.7253738302486218,0.7400313507325195,0.754688871216417,0.7693463917003146,0.7840039121842122,0.7980650336410117,0.8053740109576557,0.8126829882742997,0.8199919655909437,0.8273009429075877,0.8346099202242317,0.8419188975408758,0.8469883362285661,0.8507949480096171,0.8546015597906681,0.8584081715717192,0.8622147833527702,0.8660213951338213,0.8698280069148724,0.8724844770663787,0.8749804369542377,0.8774763968420968,0.8799723567299558,0.8824683166178149,0.8849642765056739,0.8868165969802126,0.8875137589501352,0.8882109209200577,0.8889080828899802,0.8896052448599029,0.8903024068298254,0.890999568799748
133,0.0,0.01146369208345637,0.023261442375714526,0.03532259507115817,0.060070203888498555,0.0880295169313047,0.11598882997411086,0.13472186705962172,0.1504142235869757,0.1661065801143297,0.18179893664168367,0.1902419845402485,0.1986012809780348,0.2069605774158211,0.21531987385360743,0.22367917029139373,0.23203846672918002,0.24765934884010454,0.27036180390073905,0.2930642589613736,0.3157667140220081,0.3384691690826427,0.3611716241432772,0.3827913111704913,0.4012787486244616,0.41976618607843186,0.438253623532402,0.45674106098637224,0.4752284984403425,0.4937159358943128,0.5094759936489311,0.5234859642915201,0.5374959349341091,0.5515059055766981,0.565515876219287,0.5795258468618759,0.5921597395557899,0.5994229985369794,0.606686257518169,0.6139495164993585,0.621212775480548,0.6284760344617376,0.6357392934429271,0.6435774102554692,0.6516366203138475,0.6596958303722258,0.6677550404306041,0.6758142504889824,0.6838734605473608,0.691932670605739
134,0.0,0.02016109065390621,0.041634428538909515,0.0642011405239382,0.0758380822064114,0.0874750238888846,0.09911196557135782,0.1487306658765288,0.22541720865197773,0.3021037514274266,0.3592049673722793,0.3658447242668366,0.37248448116139393,0.3791242380559512,0.3857639949505085,0.3924037518450658,0.39904350873962313,0.40898764840819235,0.42165895405131376,0.43433025969443523,0.4470015653375566,0.45967287098067805,0.47234417662379946,0.48476218339426286,0.4962483764279546,0.5077345694616463,0.519220762495338,0.5307069555290297,0.5421931485627214,0.5536793415964131,0.5667663207043053,0.5807548881808465,0.5947434556573877,0.6087320231339289,0.62272059061047,0.6367091580870112,0.6486918081381148,0.6537546688618273,0.65881752958554,0.6638803903092526,0.6689432510329653,0.6740061117566779,0.6790689724803904,0.6886465182679656,0.6998583234567043,0.7110701286454431,0.7222819338341818,0.7334937390229206,0.7447055442116592,0.755917349400398
135,0.0,0.010835279184508629,0.02270794189913912,0.03695008290416157,0.051192223909184,0.06417743885357893,0.07629530131169289,0.08841316376980683,0.11354103614686087,0.14399983941752917,0.17016866279747733,0.17479821214277325,0.17942776148806913,0.18405731083336505,0.18868686017866096,0.19331640952395684,0.2007896540853498,0.20975602621403364,0.21872239834271745,0.2276887704714013,0.2366551426000851,0.24562151472876895,0.2550622989618774,0.26468624949909225,0.2743102000363071,0.28393415057352195,0.2935581011107367,0.3050675779315562,0.3196453202502412,0.33422306256892625,0.3488008048876112,0.36337854720629625,0.37795628952498134,0.4125934194250954,0.45579912723036287,0.49900483503563003,0.5422105428408974,0.5854162506461649,0.6291965093296537,0.6754212208404837,0.721645932351314,0.7678706438621444,0.8140953553729747,0.8603200668838051,0.8863546551520429,0.9028849869320376,0.9194153187120322,0.9359456504920267,0.9524759822720213,0.969006314052016
136,0.0,0.058914633078545116,0.08751377987162456,0.11347282837945855,0.1266985736848627,0.13429487609225388,0.14735207575573597,0.1656313692359899,0.18437657256693554,0.19850919340175593,0.20513775607552068,0.20905902656236577,0.22068458504343005,0.22875012220710475,0.2554254589073853,0.2919492835652819,0.33230784498697813,0.3626493807481219,0.3908794709131001,0.4271929697933329,0.4539900931560817,0.47513567675307583,0.49628126035006986,0.5174268439470641,0.5385724275440581,0.5597180111410522,0.5808635947380463,0.6157894737825756,0.6349579666770598,0.6534456692664398,0.6762339009938636,0.70826021807066,0.7205113432883298,0.7326912680075509,0.7436971083945213,0.7532409257863264,0.7645052399822416,0.770571362774105,0.775980045609963,0.781388728445821,0.786797411281679,0.7922060941175371,0.7976147769533951,0.8030234597892532,0.816133240800071,0.8207515249562376,0.8253698091124042,0.8299880932685708,0.8346063774247374,0.845260292616536
137,0.0,0.06176637787607444,0.1180366395232451,0.1701600888240892,0.1997022971184279,0.21141048906938095,0.21357852167108723,0.23919836769867023,0.26954944207096476,0.30700728415200074,0.35452536151502223,0.39243851347513026,0.4295498148164363,0.4713399388976811,0.5258996754664981,0.5682039809285101,0.6026952976156739,0.6399577952062993,0.6618825193839759,0.6946040282120303,0.7052760371825556,0.7159480461530809,0.7266200551236063,0.7372920640941317,0.7479640730646571,0.7586360820351824,0.7904364435853183,0.8054125566006599,0.8143743796753221,0.832562590275183,0.8462073967156895,0.8545726514348122,0.8599697663663336,0.8687082895055485,0.8792308470822632,0.8878312958388966,0.8922179930920079,0.896604690345119,0.9009913875982303,0.9053780848513415,0.9097647821044527,0.9141514793575639,0.9152669656435125,0.9157354847792921,0.9162040039150717,0.9166725230508512,0.9171410421866308,0.9172317405771075,0.9165029066954947,0.915774072813882
138,0.0,0.07770091350896358,0.15540182701792715,0.23310274052689073,0.2811658933273424,0.29408778735854485,0.30481117442666655,0.3210340654140953,0.3410878704666541,0.361141675519213,0.40984237426978215,0.45534330249075167,0.4810482063595931,0.5398546776574485,0.5722612246210727,0.5920075546905473,0.6329983175731377,0.6545123706952953,0.6674059483067283,0.6979622030674681,0.7159149187391658,0.72475609825546,0.7427167394527454,0.7543114233783738,0.7607806795465895,0.7672499357148052,0.7737191918830209,0.7801884480512365,0.7866577042194522,0.793126960387668,0.8037864543085496,0.8145248854798695,0.8214294574350031,0.8283340293901366,0.833707197740297,0.8350388366524704,0.8405203009769852,0.8478387251455151,0.8512330329822395,0.8558670669060777,0.8606012769110458,0.8631410388388547,0.8661151276260535,0.8691777650589523,0.872240402491851,0.8753030399247498,0.8783656773576486,0.8814283147905474,0.8844909522234462,0.887553589656345
139,0.0,0.08917898031515205,0.1783579606303041,0.2959275216990524,0.3741594279577911,0.39507197013242484,0.4452682420137198,0.48528708777340973,0.5195415856993759,0.556923245073831,0.5919360601259767,0.6332507821187647,0.6671076416462564,0.6949536709499814,0.7231818699890751,0.7320981298472287,0.7710809579643029,0.8302531482333094,0.8536260142454389,0.8554593266372021,0.862356335994277,0.8815560143605662,0.8836661883953351,0.8857763624301039,0.8878865364648728,0.8895847420075543,0.890132872896993,0.8916191378028617,0.8918817860484607,0.8943008504665352,0.8970916572597621,0.8980850800893677,0.8989749113455181,0.9036647167926478,0.9081946241302739,0.9084043662432508,0.910050209433861,0.9116960526244711,0.9133418958150812,0.9149877390056913,0.9166335821963014,0.9182794253869115,0.9199252685775217,0.9217799236926967,0.9239365392542607,0.9260931548158247,0.9282497703773886,0.928775436014728,0.9281338901747674,0.927492344334807
140,0.0,0.09070031220733357,0.22502076924679326,0.29253115387019024,0.4385833671653541,0.47074896312701764,0.5647141395574453,0.5940663774606058,0.6185325950529756,0.6662436527866162,0.7418962300114534,0.7271704763771548,0.7332270622148503,0.7392836480525458,0.7453402338902412,0.7513968197279367,0.7574534055656321,0.7635099914033276,0.7716484063120922,0.7827144599538569,0.7947745886289351,0.809704043973174,0.8185336265959313,0.8213933040156254,0.82914013978758,0.8386827728990545,0.842791961482158,0.8513569388018979,0.8577618262793265,0.8557886360601472,0.857000001320995,0.8606292462544732,0.8642584911879514,0.8678877361214296,0.8715169810549077,0.8751462259883859,0.8787754709218641,0.8825366537035767,0.885295216763566,0.8872841457206387,0.8878093558421272,0.8895500442836349,0.8912907327251427,0.8935537622603082,0.8959088501072634,0.8982639379542187,0.9006190258011738,0.9026436795740607,0.9043262630602523,0.906008846546444
141,0.0,0.312972398149621,0.4108747723047653,0.4835746433171157,0.6778533518107572,0.7203325627793198,0.8330365874829007,0.8425597984919548,0.8426687875622342,0.8750652821692941,0.875813880472161,0.8808728777506415,0.894017642978279,0.9005786381869897,0.9071396333957004,0.9137006286044109,0.9202616238131216,0.9268226190218323,0.9333836142305428,0.9395707923353067,0.939679781405586,0.9390811724739383,0.9382425846966522,0.9388482386427431,0.9401199032980823,0.9489464755806148,0.9486881161459484,0.9482552048975417,0.9488522169742266,0.9500592414124993,0.9528520963427413,0.9547057556202034,0.9551004477815234,0.9554951399428434,0.9558898321041633,0.9562845242654834,0.9566792164268033,0.9570739085881234,0.9561329893405911,0.9554224487408945,0.9555314378111739,0.9556404268814532,0.9563464576356275,0.9572280440950796,0.957920519092291,0.9580295081625705,0.9581384972328498,0.9582474863031292,0.9583564753734086,0.958465464443688
142,0.0,0.24869088335056125,0.3759439733601507,0.48052608581994494,0.686183468946989,0.7421529974066754,0.9007147419747215,0.9096411934772222,0.916414428104569,0.9247841988254594,0.9295559955715939,0.9300912147767423,0.9242990343075528,0.9302242003171608,0.9361493663267688,0.9420745323363768,0.9479996983459849,0.9539248643555928,0.9598500303652008,0.9599653313020468,0.9549256725652221,0.9535434006998967,0.955097323714911,0.9556363153248705,0.9557455029476906,0.959433467189854,0.9598701281933316,0.9608863342138162,0.962991320349319,0.9650011382935647,0.9661662536846138,0.966469491037051,0.9668572688111629,0.9672450465852747,0.9676328243593864,0.9680206021334982,0.9684083799076099,0.9687961576817217,0.9689928796671775,0.9691020672899981,0.9692112549128187,0.9693204425356393,0.9694296301584595,0.9695388177812797,0.9696480054041,0.9697571930269206,0.9698663806497412,0.9699755682725618,0.9700847558953823,0.970193943518203
143,0.0,0.02419734962546196,0.05462968411997557,0.10084611645462915,0.1437429364490741,0.1807007923056193,0.19470022582004867,0.20988817884338376,0.22655163328292247,0.2649934324838945,0.3042001728821466,0.3481122536624246,0.3920243344427027,0.4359364152229806,0.4682066510386949,0.5000105046099544,0.531814358181214,0.5573422371555171,0.5789888024478049,0.600635367740093,0.6199540122533215,0.6358644948850088,0.6517749775166961,0.6673825426255834,0.6817199492328175,0.6960573558400517,0.7103947624472856,0.7209395178488369,0.7311183196568909,0.7412971214649448,0.7494870464939271,0.7568143843041933,0.7641417221144595,0.7695948747436945,0.7715429326354188,0.7734909905271432,0.7762405158103954,0.78221334707815,0.7881861783459047,0.7936555862485716,0.7953510894244159,0.7970465926002603,0.7987420957761048,0.8006300341713531,0.8027109327141796,0.8047918312570062,0.8073127660404315,0.8101921507754203,0.8130715355104091,0.815950920245398
144,0.0,0.1422473294274133,0.281449841629482,0.3554107450311658,0.4022983396604117,0.4477275282886637,0.4735097539704625,0.49929197965226135,0.5250742053340602,0.550856431015859,0.576630064921065,0.5988440771512274,0.6210580893813898,0.6432721016115522,0.6654861138417146,0.6858807317587662,0.7004223070005109,0.7149638822422556,0.7295054574840002,0.7440470327257449,0.7565936730337975,0.7640322214537243,0.7714707698736509,0.7789093182935776,0.7863478667135042,0.7937232825201501,0.8006892016708275,0.8076551208215049,0.8146210399721824,0.8215869591228598,0.8281909638570408,0.8338812343713512,0.8395715048856615,0.8452617753999718,0.8509520459142822,0.8551238150281476,0.8579705513743615,0.8608172877205754,0.8636640240667893,0.8665107604130032,0.8678202528684437,0.86871369166873,0.8696071304690164,0.8705005692693027,0.8713940080695891,0.8723290531389071,0.8732783213857118,0.8742275896325165,0.8751768578793212,0.876126126126126
145,0.0,0.011905422415165222,0.023810844830330444,0.03571626724549567,0.04762168966066089,0.05952711207582611,0.07143253449099134,0.08482176752007664,0.11113004743157721,0.1374383273430778,0.16374660725457837,0.19005488716607896,0.21636316707757958,0.24267144698908014,0.26897972690058075,0.29608002670301786,0.3232056465789701,0.3503312664549224,0.3774568863308746,0.4045825062068269,0.4317081260827791,0.4588337459587314,0.482679499952471,0.5063228284862306,0.5299661570199902,0.5536094855537497,0.5772528140875091,0.6008961426212687,0.62306143152536,0.6406494988551362,0.6582375661849124,0.6758256335146886,0.6934137008444647,0.711001768174241,0.7285898355040172,0.7461779028337934,0.7624552048755039,0.7785992838464248,0.7947433628173458,0.8108874417882667,0.8270315207591876,0.8431755997301086,0.859301437341278,0.871860385756286,0.8844193341712939,0.896978282586302,0.9095372310013099,0.9220961794163179,0.934655127831326,0.947214076246334
146,0.0,0.008217137403371268,0.016434274806742536,0.024651412210113806,0.05080683464536563,0.08756810443523372,0.12432937422510185,0.16109064401496995,0.19785191380483802,0.23461318359470612,0.2713744533845742,0.3086647965130124,0.3479334138639306,0.3872020312148488,0.42647064856576705,0.4657392659166852,0.5050078832676035,0.5442765006185217,0.5835451179694399,0.6228137353203581,0.6620823526712762,0.7013509700221945,0.7406195873731126,0.779888204724031,0.8191568220749492,0.8414124838762135,0.8466551901278138,0.851897896379414,0.8571406026310143,0.8623833088826147,0.867626015134215,0.8728687213858153,0.8781114276374157,0.883354133889016,0.8885968401406162,0.8938395463922165,0.8990822526438169,0.9043249588954172,0.9095676651470176,0.9148103713986179,0.9200530776502182,0.9252957839018184,0.9305384901534188,0.9357811964050191,0.9410239026566194,0.9462666089082198,0.9515093151598201,0.9567520214114204,0.9619947276630207,0.967237433914621
147,0.0,0.002347363510734684,0.004694727021469368,0.007042090532204053,0.009389454042938736,0.011736817553673421,0.019956235484224476,0.028918785327216118,0.03788133517020776,0.0468438850131994,0.055806434856191044,0.06476898469918269,0.07373153454217433,0.08269408438516597,0.09165663422815762,0.10723719413248838,0.13487528593899586,0.16251337774550334,0.19015146955201073,0.2177895613585182,0.2454276531650256,0.2730657449715331,0.30070383677804047,0.32834192858454797,0.3559800203910554,0.3836181121975629,0.41125620400407026,0.4388942958105777,0.4665323876170852,0.49417047942359266,0.5218085712301,0.5494466630366075,0.5770847548431149,0.6047228466496224,0.63236093845613,0.6534455290456664,0.6712098271260759,0.6889741252064854,0.706738423286895,0.7245027213673043,0.7422670194477138,0.7600313175281233,0.7777956156085327,0.7955599136889422,0.8133242117693515,0.8310885098497611,0.8488528079301706,0.8666171060105801,0.8843814040909895,0.902145702171399
148,0.0,0.07834771786363072,0.17487903138666078,0.2256722372812918,0.27216364650999675,0.3186550557387017,0.35728799876883915,0.39462567826953554,0.4319633577702319,0.46189196000063554,0.49002332625172557,0.5181546925028155,0.5442480414533439,0.5702289033336643,0.5922891824505647,0.6045509895987256,0.6168127967468864,0.6308615475277537,0.6506623417508202,0.6704631359738867,0.6898918550623776,0.7066400300994741,0.7233882051365705,0.7398896612198983,0.7558942450831485,0.7718988289463986,0.7884304218989933,0.8057139381546017,0.8229974544102101,0.8382488358613713,0.8514028611030443,0.8645568863447173,0.8770171175075873,0.8888055349961307,0.9005939524846741,0.9124568001695208,0.9243590275453498,0.936261254921179,0.9447968883388922,0.9516756551533472,0.9585544219678022,0.9654331887822571,0.9723119555967121,0.9791907224111671,0.9815538831130339,0.9837477793876234,0.9859416756622128,0.9881355719368021,0.9903294682113916,0.992523364485981
149,0.0,0.15396874584974993,0.2363244647099618,0.2525344194076757,0.2730532560095617,0.29753822254596973,0.32202318908237776,0.34418860527222955,0.3616735002270673,0.37915839518190503,0.39664329013674277,0.41412818509158045,0.43161308004641824,0.4490979750012559,0.46362329084306203,0.4777457059988925,0.491868121154723,0.5059905363105536,0.520112951466384,0.5342353666222145,0.547821115710996,0.5606925437588087,0.5735639718066216,0.5864353998544344,0.5993068279022471,0.6121782559500599,0.6250496839978726,0.6319065886508685,0.6360343224730982,0.640162056295328,0.6442897901175576,0.6484175239397874,0.6525452577620171,0.6555996573261611,0.6569150889837947,0.6582305206414282,0.6595459522990617,0.6608613839566952,0.6621768156143287,0.6634922472719623,0.6660250752814156,0.6688903373229101,0.6717555993644045,0.674620861405899,0.6774861234473936,0.6803513854888881,0.6832166475303826,0.6868441255132807,0.6904936462707398,0.694143167028199
150,0.0,0.031558730900370965,0.06095063025210095,0.08525337407690348,0.09998560577556512,0.11285151261122521,0.1354232637556694,0.15661272937588672,0.17596777752322773,0.18852183910314563,0.20239700209413866,0.22356176609446288,0.24535801991411982,0.2679297710585643,0.29471704648854263,0.3218172705928707,0.3472015018799155,0.375284987923129,0.40434164586993376,0.42972587715697785,0.4551101084440221,0.48049433973106676,0.5042200072792451,0.5268134845136662,0.5550082055115045,0.58114510909625,0.5985193527813537,0.6120708068676515,0.6241250098237617,0.6361792127798728,0.6479890607113259,0.659290944617692,0.6700351066325387,0.6804020861828474,0.6868642339151988,0.69332638164755,0.6997885293799008,0.7048309175903914,0.7094986227329523,0.7137405898069482,0.7166004916281509,0.7180149826904602,0.7197505859525088,0.721022727272727,0.721022727272727,0.7221003172023537,0.7233576673923471,0.7222477437752594,0.721022727272727,0.721022727272727
151,0.0,0.048221553392159375,0.09212169485899045,0.12609461474573108,0.14683092764223857,0.16677820171397192,0.18460957094925393,0.2070259118059633,0.23492237447718964,0.24806159847908474,0.2662875113875846,0.29198259188086634,0.3114235165588685,0.328446092292338,0.3536340783003399,0.37793426704576105,0.39910691287367805,0.4222372645158056,0.4464254360766582,0.47250115702902057,0.4950948014044811,0.5140043072775136,0.535972168634149,0.5614789166269905,0.5851226007400132,0.6056139617267042,0.6230720620028546,0.6378879827577417,0.6524795811596227,0.6647082509188397,0.6794832460011041,0.6961283287176158,0.7131081991942461,0.7263404660377752,0.7362791064893611,0.7467035889918671,0.7573039282213911,0.7679042674509157,0.7758767809631693,0.7791247666778309,0.7853901318498276,0.792491679469698,0.7960512906163302,0.797727272727273,0.7978963343251915,0.8007384659498422,0.803235474979615,0.8047515296636978,0.805397727272727,0.805397727272727
152,0.0,0.06139316775188088,0.1149726217926048,0.14965117989992088,0.17097637897658435,0.18936895212630475,0.21367567481538058,0.23465163662867736,0.2527222322138501,0.2732149932750046,0.29418215062974973,0.31514930798449536,0.33403036331169517,0.35186371998720095,0.37677255363481965,0.4054497009420291,0.4294318668301593,0.45154655988723863,0.47263974769665934,0.49521519430589755,0.5152290324889489,0.5313674137223661,0.5527432338503271,0.5753080584122223,0.5909508487890052,0.6092758806592294,0.6279737708983084,0.6370193244205123,0.6460648779427163,0.6635836619251946,0.6816094948462288,0.696108408095191,0.7041857774982542,0.713870667706155,0.7251744019658163,0.7336125659148147,0.7407554992757895,0.7464823119506439,0.7515945644689564,0.7575478982901586,0.761931818181818,0.762691186626919,0.7683470650180202,0.7731428047192168,0.7761602725923937,0.777272727272727,0.7775189443708831,0.7790279639984272,0.7814616909256255,0.784943181818182
153,0.0,0.2249750850995641,0.4554602572180347,0.4935823454484004,0.5307195060356119,0.5678566666228234,0.5892141099348319,0.6019644347330934,0.6147147595313548,0.6274650843296163,0.6402154091278778,0.6529657339261392,0.6657160587244006,0.6784663835226621,0.6911173080580708,0.6913314479816975,0.6915455879053243,0.691759727828951,0.6919738677525777,0.6921880076762045,0.6924021475998312,0.6926162875234579,0.6928304274470847,0.6930445673707114,0.693258707294338,0.6934728472179648,0.6936869871415915,0.6940215614462364,0.6944127025766844,0.6948038437071324,0.6951949848375805,0.6955861259680285,0.6959772670984765,0.6963684082289245,0.6967595493593726,0.6971506904898207,0.6975418316202687,0.6979329727507168,0.6983241138811648,0.6987152550116128,0.6991063961420608,0.6994975372725089,0.6998886784029569,0.7002798195334049,0.7006709606638529,0.701062101794301,0.701453242924749,0.701844384055197,0.702235525185645,0.702626666316093
154,0.0,0.09692440429084781,0.19384880858169562,0.2965262329312619,0.40200770386131623,0.4592871956782353,0.47102450078951696,0.4827618059007986,0.4944991110120803,0.506197517094754,0.5146467210827299,0.5230959250707058,0.5315451290586818,0.5399943330466577,0.5574023425467864,0.5789916085355342,0.6005808745242821,0.62217014051303,0.642988007515632,0.661575495442354,0.6801629833690758,0.6987504712957977,0.7173379592225195,0.7260739132086265,0.7298321062203245,0.7335902992320225,0.7373484922437205,0.740926764658134,0.7441522362328861,0.747377707807638,0.75060317938239,0.7538286509571419,0.7686972058003957,0.7844865466881986,0.8002758875760017,0.8160652284638046,0.8301439131523554,0.8418723842039961,0.8536008552556369,0.8653293263072775,0.8770785858498145,0.8890411505224456,0.9010037151950768,0.9129662798677081,0.9249288445403393,0.9361007341754743,0.9464861197372968,0.9568715052991191,0.9672568908609416,0.977642276422764
155,0.0,0.08700097669636848,0.17400195339273697,0.27144439882280913,0.37417531247634606,0.43820073988207714,0.44613913752569856,0.45407753516932003,0.46201593281294145,0.4701504511940196,0.48161013356250476,0.49306981593099,0.5045294982994751,0.5159891806679603,0.5296083008123614,0.5459286771776952,0.5622490535430291,0.5785694299083629,0.594333189435635,0.6041363240764687,0.6139394587173024,0.6237425933581361,0.6335457279989698,0.6493023772084587,0.6672454139377328,0.685188450667007,0.7031314873962808,0.7187897626815203,0.7253288281290448,0.7318678935765691,0.7384069590240936,0.744946024471618,0.7545411801299097,0.7646808768871527,0.7748205736443957,0.7849602704016386,0.7938617581650953,0.7988070592950668,0.8037523604250383,0.8086976615550098,0.8136429626849813,0.8220117238425647,0.8317292588080049,0.8414467937734451,0.8511643287388853,0.867424136532189,0.8893892406105238,0.9113543446888586,0.9333194487671933,0.955284552845528
156,0.0,0.09100452650127819,0.19144268247863158,0.29187954024204094,0.37888901293252925,0.4245555887533788,0.43192193011937624,0.4392882714853737,0.44665461285137115,0.45443001961839474,0.4657152455685612,0.4770004715187276,0.48828569746889405,0.49957092341906045,0.508387196713449,0.515569603855326,0.5227520109972029,0.5299344181390799,0.5406702392511955,0.5578067288514003,0.5749432184516049,0.5920797080518097,0.6092161976520143,0.6200746996748998,0.6298243342605442,0.6395739688461884,0.6493236034318328,0.6607037475504365,0.6766409266409257,0.6925781057314149,0.7085152848219041,0.7244524639123933,0.7334202202743938,0.7418422580858752,0.7502642958973567,0.758686333708838,0.7659945148216044,0.7711601052411545,0.7763256956607048,0.7814912860802549,0.7867540670884563,0.7989402453597155,0.8111264236309748,0.823312601902234,0.8354987801734932,0.8525061873867821,0.874135738101062,0.895765288815342,0.9173948395296221,0.939024390243902
157,0.0,0.08683614497812024,0.2205133244307121,0.3150597191791766,0.35634790326473,0.38524817476092954,0.3974004639531481,0.40955275314536665,0.4217050423375852,0.43369038519950703,0.44366236793868247,0.4536343506778579,0.4636063334170334,0.4735783161562088,0.48323970740264854,0.49241251292899235,0.5015853184553363,0.5107581239816802,0.519930929508024,0.5404749355428218,0.5615296608994264,0.5825843862560309,0.6036391116126355,0.6180849720364522,0.6263417859289708,0.6345985998214895,0.6428554137140081,0.6517639092551971,0.6676452584989158,0.6835266077426344,0.6994079569863529,0.7152893062300716,0.7247015248424689,0.7317705163855376,0.7388395079286063,0.745908499471675,0.7528618543229167,0.7590658086689158,0.7652697630149148,0.7714737173609137,0.7776776717069128,0.7859341866149055,0.7944848403013073,0.803035493987709,0.8115861476741107,0.8260961388039574,0.8512794211761385,0.8764627035483197,0.9016459859205008,0.926829268292682
158,0.0,0.21560498982163004,0.31341647501856085,0.3854223514352392,0.4574282278519175,0.49486529985512534,0.5056847863992063,0.5165042729432872,0.5273237594873681,0.5376040595478364,0.5470979760128024,0.5565918924777684,0.5660858089427344,0.5755797254077004,0.5886391059172752,0.6034708806377296,0.6183026553581839,0.6331344300786382,0.6466887210689206,0.6565270257354645,0.6663653304020083,0.6762036350685521,0.6860419397350959,0.6928982253297977,0.6983699032825316,0.7038415812352654,0.7093132591879993,0.7174176145671554,0.7361842513960635,0.7549508882249717,0.7737175250538798,0.7924841618827879,0.7952196877371052,0.797079665733765,0.7989396437304249,0.8007996217270847,0.8050230680496419,0.8111776583349146,0.8173322486201875,0.8234868389054603,0.8296414291907331,0.837918500854051,0.846435224919638,0.854951948985225,0.8634686730508119,0.8745460446682205,0.8875046255257051,0.9004632063831898,0.9134217872406744,0.926380368098159
159,0.0,0.2150566492712479,0.34981255118130544,0.411291520824826,0.5002014663028747,0.5406170522142066,0.559015160642333,0.5609109299466978,0.5628066992510624,0.5664033254204155,0.5796013660536794,0.5927994066869432,0.6059974473202071,0.6191954879534709,0.6358165352030373,0.6542243104332057,0.6726320856633743,0.6910398608935429,0.7058999852343423,0.7133711198138186,0.7208422543932951,0.7283133889727714,0.7357845235522478,0.7436463683148546,0.751699641904364,0.7597529154938734,0.7678061890833827,0.7761159023985847,0.7867240224172503,0.7973321424359159,0.8079402624545814,0.8185483824732469,0.8254256848932757,0.8316921324880578,0.8379585800828399,0.8442250276776219,0.849616178375602,0.8528700780375005,0.8561239776993991,0.8593778773612976,0.8626317770231962,0.869079431119914,0.8759168433779161,0.8827542556359181,0.8895916678939202,0.8970441923267567,0.9054007311571328,0.9137572699875088,0.922113808817885,0.930470347648261
160,0.0,0.29762319592631126,0.3703837511055852,0.4523801952381063,0.5351907985982949,0.5605893926971016,0.5637886875515427,0.5669879824059836,0.5701872772604246,0.5748084841168687,0.5837702738848225,0.5927320636527763,0.6016938534207301,0.6106556431886839,0.6275334658490069,0.6480861088908055,0.6686387519326042,0.6891913949744031,0.7088189256077129,0.7206400679221338,0.7324612102365546,0.7442823525509755,0.7561034948653964,0.7616010597463806,0.7667943316628631,0.7719876035793457,0.7771808754958283,0.7839454150651349,0.7960070824322647,0.8080687497993945,0.8201304171665241,0.8317333403752415,0.8409224522303687,0.8501115640854958,0.8593006759406229,0.86848978779575,0.877380824494459,0.8854396292637164,0.8934984340329739,0.9015572388022314,0.909616043571489,0.9113479368488173,0.9127455591769542,0.9141431815050911,0.915540803833228,0.9194214657629064,0.9252511708968217,0.9310808760307372,0.9369105811646525,0.942740286298568
161,0.0,0.1900111851874235,0.3403488323471473,0.4399843726077119,0.4894665003274812,0.5214485351611049,0.5342298437777322,0.5470111523943596,0.5597924610109869,0.5739676045706663,0.5987307508032853,0.6234938970359043,0.6482570432685233,0.6730201895011423,0.6919003934990237,0.7069956942009017,0.7220909949027797,0.7371862956046579,0.75230658670908,0.7676680299776454,0.7830294732462106,0.7983909165147759,0.8137523597833413,0.8293639720801564,0.8451060088282255,0.8608480455762946,0.8765900823243635,0.8916360039693564,0.8967226356037892,0.901809267238222,0.9068958988726546,0.9119825305070874,0.9188090982364734,0.9266946901032436,0.9345802819700137,0.9424658738367839,0.9495339112798182,0.9528745508184074,0.9562151903569965,0.9595558298955857,0.9628964694341748,0.9643013757030285,0.9654693291270632,0.9666372825510978,0.9678052359751323,0.968973189399167,0.9725313766075897,0.9769186496938566,0.9813059227801233,0.98569319586639
162,0.0,0.22630837686573613,0.3684975388470999,0.46219132954742925,0.5209544489923764,0.5635780616093308,0.593864291145933,0.6241505206825351,0.6544367502191372,0.6847229797557393,0.687229569794114,0.6895233285684854,0.6918170873428569,0.6941108461172283,0.7036979243403576,0.7191604968277846,0.7346230693152116,0.7500856418026386,0.7655067688634374,0.7808212020235197,0.7961356351836019,0.8114500683436842,0.8267645015037665,0.8413037184292939,0.8555023595075195,0.8697010005857453,0.8838996416639708,0.8966392299824022,0.9030225845083183,0.9094059390342344,0.9157892935601505,0.9221726480860666,0.9277503404463512,0.932936811245032,0.9381232820437128,0.9433097528423935,0.9486142271280581,0.9541760244213567,0.9597378217146555,0.9652996190079541,0.9708614163012528,0.9715055978833427,0.9714670783548105,0.9714285588262784,0.9713900392977463,0.972306360147117,0.9756523189299062,0.9789982777126954,0.9823442364954847,0.985690195278274
163,0.0,0.26444086563264163,0.35452224647531116,0.4348211949266796,0.4808981324206413,0.52069790978295,0.5556977756680094,0.5906976415530686,0.6256975074381279,0.6565418408722853,0.678233734457805,0.6999256280433248,0.7216175216288446,0.7433094152143643,0.7635721446924717,0.7833301462981359,0.8030881479038001,0.8228461495094644,0.839672723168514,0.8473135878374082,0.8549544525063023,0.8625953171751964,0.8702361818440906,0.8823765584656657,0.8968484132325188,0.911320267999372,0.9257921227662251,0.937543472402368,0.9404640748350435,0.9433846772677188,0.9463052797003942,0.949292355849293,0.9539802206263938,0.9586680854034946,0.9633559501805955,0.9680438149576963,0.9723102866569366,0.975075074703695,0.9778398627504534,0.9806046507972118,0.9833694388439703,0.9846882694194194,0.9856178489841835,0.9865474285489475,0.9874770081137115,0.9879119225355234,0.9878733420240666,0.9878347615126097,0.9877961810011529,0.987757600489696
164,0.0,0.12099032683053898,0.16380184115246788,0.2342614719211775,0.325886380143449,0.3874927022561941,0.4203093649932259,0.4531260277302577,0.48594269046728944,0.516223377399454,0.5267242122245311,0.5372250470496083,0.5477258818746854,0.5582267166997624,0.5789814450086579,0.6036400832307299,0.628298721452802,0.652957359674874,0.6753110370797794,0.6909095185395121,0.7065079999992449,0.7221064814589777,0.7378589661452644,0.7639012758957111,0.7899435856461579,0.8159858953966047,0.8420282051470513,0.8659366246492878,0.8682208343271575,0.8705050440050272,0.8727892536828967,0.8750734633607664,0.8838759436076022,0.8954300913456857,0.9069842390837692,0.9185383868218526,0.9257569991521621,0.9292895765554103,0.9328221539586584,0.9363547313619065,0.9398941507820255,0.9466283663114896,0.9533625818409537,0.9600967973704178,0.9668310128998817,0.9718416342747834,0.9753742116780313,0.9789067890812791,0.9824393664845271,0.985971943887775
165,0.0,0.16646810637376475,0.26968282639236657,0.35108729629276836,0.42627222850487373,0.4835013856245581,0.5269508887556621,0.570400391886766,0.6138498950178699,0.6572993981489739,0.6633354032282974,0.6693582885047396,0.6753811737811817,0.6814040590576238,0.6925593585775894,0.7061956272943227,0.7198318960110561,0.7334681647277895,0.7494296970843167,0.7827181959491621,0.8160066948140073,0.8492951936788528,0.8825836925436981,0.8924947743000204,0.8959587957330061,0.8994228171659918,0.9028868385989776,0.9062913332209915,0.9093729583586968,0.912454583496402,0.9155362086341071,0.9186178337718123,0.9238913509711817,0.9306049063951691,0.9373184618191567,0.9440320172431441,0.9508502275053135,0.9583945093772819,0.9659387912492503,0.9734830731212187,0.9810273549931872,0.9839246307515211,0.9861632425445092,0.9884018543374973,0.9906404661304854,0.9925303298366125,0.9938967453734512,0.9952631609102898,0.9966295764471285,0.997995991983967
166,0.0,0.18122382501502934,0.32042296633708184,0.4132159592846763,0.4802855826941457,0.5199994824631851,0.5437409674650371,0.5674824524668892,0.5912239374687412,0.6149654224705933,0.6371593995873067,0.6593359060407198,0.681512412494133,0.703688918947546,0.7303377156495774,0.7593814006510343,0.7884250856524913,0.8174687706539481,0.8433768753166933,0.8590929566735653,0.8748090380304373,0.8905251193873094,0.9062412007441814,0.9125610096435671,0.9178347046001992,0.9231083995568313,0.9283820945134633,0.9336557894700954,0.938009468134407,0.9423246237949952,0.9466397794555833,0.9509549351161715,0.9564360469372473,0.9622458131473649,0.9680555793574825,0.9738653455676001,0.9782346764490906,0.9791767177152291,0.9801187589813676,0.9810608002475061,0.982067685234264,0.9845794956744424,0.9870913061146208,0.9896031165547992,0.9921149269949775,0.993987975951903,0.993987975951903,0.993987975951903,0.993987975951903,0.993987975951903
167,0.0,0.18548161432260105,0.26067606993794157,0.3476632939216892,0.43975297640828176,0.4751970861889674,0.48183120087749015,0.48846531556601286,0.49509943025453557,0.5016094139702834,0.507851222143469,0.5140930303166547,0.5203348384898403,0.526832766952771,0.5378328890618314,0.5488330111708917,0.559833133279952,0.5708332553890123,0.5811119375088107,0.5885461979632332,0.5959804584176556,0.603414718872078,0.6108337189603615,0.6175890816168158,0.6243444442732701,0.6310998069297243,0.6378551695861785,0.64749797590959,0.6610445188698701,0.6745910618301504,0.6881376047904305,0.7016841477507106,0.711621890956444,0.7215232267331132,0.7314245625097823,0.7413258982864513,0.7513201193691805,0.761349605381668,0.7713790913941555,0.7814085774066429,0.7953435133637992,0.8187358570628827,0.8421282007619662,0.8655205444610496,0.8875149847831729,0.8970993958172019,0.906683806851231,0.9162682178852599,0.925852628919289,0.935437039953318
168,0.0,0.09858654049629381,0.21492025779192475,0.298462807745782,0.3731978540764073,0.41346256742588094,0.4266683214887153,0.4398740755515496,0.4530798296143839,0.4662855836772183,0.4860725534702909,0.5070909470898262,0.5281093407093614,0.5491277343288967,0.5584733359715796,0.5630239038938385,0.5675744718160974,0.5721250397383564,0.5776497252433646,0.5851137876624959,0.5925778500816271,0.6000419125007584,0.6075059749198898,0.6105211505126559,0.6128923795359223,0.6152636085591887,0.6176348375824551,0.6263434746002052,0.6542272891475165,0.6821111036948277,0.7099949182421389,0.7378787327894502,0.7485312820522558,0.7541014172162325,0.7596715523802091,0.7652416875441856,0.7756545789351345,0.7934230637958809,0.8111915486566272,0.8289600335173736,0.84672851837812,0.8593859758231646,0.8704279849113145,0.8814699939994644,0.8925120030876142,0.9037963037437575,0.9167322890770724,0.9296682744103872,0.9426042597437021,0.955540245077017
169,0.0,0.19529605737267813,0.33550137550845416,0.41844802752843924,0.48905592435911166,0.5188647365122445,0.5243295859790508,0.529794435445857,0.5352592849126632,0.5419815075013984,0.5549565489135092,0.5679315903256201,0.580906631737731,0.5938816731498419,0.6089554305200247,0.6276653256034984,0.6463752206869722,0.6650851157704459,0.6805872621531449,0.6892323533768588,0.6978774446005728,0.7065225358242867,0.7151676270480005,0.7274366142545451,0.7443825313125673,0.7613284483705893,0.7782743654286114,0.7952202824866335,0.8020095037164953,0.8084744709110989,0.8149394381057026,0.8214044053003062,0.8309077889076645,0.8433370499117527,0.8557663109158411,0.8681955719199292,0.8798839758065647,0.8888477653223237,0.8978115548380826,0.9067753443538414,0.9157391338696004,0.9219202433476487,0.9271850288689403,0.9324498143902319,0.9377145999115234,0.9435348198974026,0.9532325576856869,0.9629302954739712,0.9726280332622557,0.98232577105054
170,0.0,0.09380132302727118,0.18760264605454235,0.28140396908181353,0.3752052921090847,0.4690066151363559,0.5300907724971513,0.5288533240368486,0.5261657819327087,0.5226422075923708,0.519118633252033,0.5155950589116952,0.5120714845713573,0.5117872636607085,0.5118009277327462,0.5199450268317996,0.5280891259308529,0.5362332250299061,0.5443773241289595,0.5525214232280128,0.5605824829226812,0.5683902739366795,0.5761980649506777,0.584005855964676,0.5918136469786743,0.5996214379926725,0.6074292290066708,0.615237020020669,0.6230448110346674,0.6308526020486657,0.6386603930626639,0.6464681840766622,0.6542759750906604,0.6620837661046587,0.669891557118657,0.6771450370889927,0.6794318703729624,0.6817187036569322,0.6840055369409019,0.6862923702248717,0.6885792035088414,0.6908660367928111,0.693016365954312,0.6926867299322896,0.6923570939102672,0.6920274578882447,0.6916978218662223,0.6913681858441999,0.6910385498221774,0.690708913800155
171,0.0,0.05236096699500987,0.10472193399001974,0.1570829009850296,0.20944386798003947,0.26180483497504936,0.3141658019700592,0.3543399602659388,0.37651993771347686,0.38907915357491535,0.4016383694363539,0.4141975852977924,0.4267568011592309,0.4468450941766333,0.4693908405931068,0.479385160430091,0.4871393195892965,0.4948934787485021,0.5026476379077076,0.5104017970669131,0.518852764569952,0.5287387881942949,0.5386248118186376,0.5485108354429805,0.5583968590673234,0.5682828826916663,0.5781689063160091,0.588054929940352,0.5979409535646949,0.6078269771890378,0.6177130008133807,0.6275990244377235,0.6374850480620664,0.6473710716864093,0.6572570953107522,0.6649828229219287,0.666403582854995,0.6678243427880612,0.6692451027211276,0.6706658626541938,0.67208662258726,0.6735073825203264,0.6738419406837742,0.6706882085214049,0.6675344763590356,0.6643807441966663,0.661227012034297,0.6580732798719277,0.6549195477095584,0.651765815547189
172,0.0,0.12461807530026656,0.2492361506005331,0.3738542259007997,0.41925313042146445,0.4120811068243714,0.39777091723105445,0.38346072763773753,0.38354860787445344,0.38240926007310283,0.3790619568171996,0.37571465356129635,0.38069320466544315,0.3922663298794582,0.4038394550934733,0.41541258030748834,0.4269857055215034,0.4385588307355185,0.45013195594953354,0.4617050811635486,0.4732782063775636,0.485321088907031,0.49770466770710003,0.5100882465071691,0.5224718253072381,0.533255174456633,0.5421969635205361,0.5511387525844392,0.5600805416483424,0.5695895752927548,0.5794799740195087,0.5893703727462627,0.5992607714730167,0.6075179932362073,0.6140201536117037,0.6205223139872,0.6270244743626965,0.6326757587621317,0.6317631814984992,0.6308506042348666,0.629938026971234,0.6290254497076014,0.628112872443969,0.6272002951803364,0.6262877179167038,0.6253751406530712,0.6244625633894386,0.6235499861258061,0.6226374088621736,0.621724831598541
173,0.0,0.14081346296403502,0.18585316444840916,0.2156726471883284,0.24549212992824765,0.2673515566170006,0.28810324530349457,0.30885493398998853,0.32960662267648255,0.3503583113629765,0.37035088904706087,0.3886367536902898,0.4069226183335188,0.4252084829767476,0.4434943476199766,0.4617802122632055,0.4796720561391393,0.49722809400779083,0.5147841318764423,0.5323401697450939,0.5494679458851089,0.5661603251211608,0.5828527043572125,0.5995450835932643,0.6162374628293161,0.6329298420653678,0.6477568820230313,0.6616324503824172,0.6755080187418032,0.6893835871011891,0.7074553302011879,0.7313134136366953,0.7551714970722028,0.7790295805077101,0.8028876639432175,0.8267457473787249,0.8510941348651325,0.8754515779477984,0.8998090210304642,0.92416646411313,0.9335477149343263,0.9375861223978444,0.9416245298613626,0.9456629373248806,0.9497013447883987,0.9539707718274959,0.9593427559797442,0.9647147401319924,0.9700867242842407,0.975458708436489
174,0.0,0.1336153477974606,0.189288113141398,0.2157012776688611,0.24211444219632414,0.26257750264610447,0.28088451335015985,0.29919152405421523,0.3174985347582706,0.33580554546232594,0.35393495283108906,0.37011631497608444,0.3862976771210798,0.4024790392660752,0.41866040141107064,0.434841763556066,0.4521202253672998,0.47023714325581417,0.4883540611443285,0.5064709790328429,0.5239232575242758,0.5399126185477859,0.5559019795712961,0.5718913405948062,0.5878807016183163,0.6038700626418264,0.62291937198857,0.6431046886896739,0.6632900053907778,0.6834753220918817,0.7077222416122263,0.7474044604650478,0.7870866793178694,0.8267688981706909,0.8664511170235123,0.9061333358763336,0.9186983011383482,0.9298130009026734,0.9409277006669986,0.9520424004313237,0.9590583766995875,0.9629046282739695,0.9667508798483516,0.9705971314227336,0.9744433829971156,0.9787674734800542,0.9845180447353407,0.9902686159906271,0.9960191872459135,1.0017697585012
175,0.0,0.2381847124642702,0.36709678268499485,0.4197557541850715,0.4724147256851481,0.50152792755382,0.5289959879090963,0.5564640482643725,0.5839321086196487,0.611400168974925,0.6382805865218103,0.660151338041294,0.6820220895607776,0.7038928410802612,0.7257635925997449,0.7476343441192285,0.7675593347703243,0.7858423033103117,0.8041252718502989,0.8224082403902861,0.8380609300192357,0.8503323016944319,0.862603673369628,0.8748750450448242,0.8871464167200204,0.8994177883952165,0.9113072384896849,0.9231083971091538,0.9349095557286229,0.946710714348092,0.9556664560698168,0.9618956018721463,0.9681247476744758,0.9743538934768053,0.9805830392791348,0.9868121850814643,0.9871348481140985,0.9871711618574709,0.9872074756008432,0.9872437893442156,0.9880597623092467,0.9891764369416055,0.9902931115739643,0.991409786206323,0.9925264608386819,0.9937826439451227,0.996287297649277,0.9987919513534314,1.0012966050575858,1.00380125876174
176,0.0,0.2318598201853113,0.3186975952570326,0.3705263545859633,0.4223551139148939,0.4618809351820752,0.4995039738424213,0.5371270125027674,0.5747500511631135,0.6123730898234596,0.6514154066249278,0.6980630358567852,0.7447106650886427,0.7913582943205001,0.8380059235523575,0.8846535527842149,0.91098961763917,0.9179258610578851,0.9248621044766002,0.9317983478953155,0.937710344904091,0.9421126350201259,0.9465149251361608,0.9509172152521956,0.9553195053682306,0.9597217954842655,0.9634023959737922,0.9669459953020769,0.9704895946303618,0.9740331939586466,0.9761139410358846,0.9778297450462818,0.9795455490566792,0.9812613530670766,0.982977157077474,0.9846929610878713,0.9866860559489414,0.9887601133448236,0.9908341707407058,0.992908228136588,0.9930630961037713,0.9927396931591453,0.9924162902145194,0.9920928872698934,0.9917694843252676,0.9919259769110578,0.9943881229588658,0.9968502690066738,0.9993124150544819,1.00177456110229
177,0.0,0.09112583975773393,0.15423713885346685,0.18642973008785785,0.2169878521842044,0.2364343520659489,0.253624968914192,0.2708155857624351,0.2880062026106782,0.3062824580349419,0.3246331387565185,0.3429838194780951,0.3613345001996717,0.3717456403117312,0.3787337449514242,0.38572184959111716,0.3927099542308102,0.4071811514646423,0.4253938949955434,0.4436066385264446,0.46181938205734574,0.4812943638673528,0.5014961729941196,0.5216979821208866,0.5418997912476534,0.5573613506849456,0.5673872345801163,0.5774131184752871,0.5874390023704578,0.5974648862656285,0.6074907701607992,0.6175166540559699,0.6275425379511407,0.6354792240982463,0.637621135438878,0.6397630467795097,0.6419049581201414,0.644046869460773,0.6461887808014047,0.6483306921420364,0.6504726034826682,0.6526145148232999,0.6547564261639316,0.6568983375045633,0.659040248845195,0.6611821601858267,0.672826041160923,0.6848274492134381,0.696828857265953,0.708830265318468
178,0.0,0.24028683683319818,0.33088540545258366,0.408084922107794,0.4602524892444025,0.512420056381011,0.5572158924061809,0.5984205669622022,0.6391212998928736,0.6740326610506898,0.7089440222085062,0.7403663938932148,0.7641449732938878,0.7879235526945607,0.8076238143848709,0.824934995308791,0.8422461762327111,0.8533286117138353,0.8625830696345648,0.871726921509392,0.8797090753755953,0.8876912292417986,0.8948898198336505,0.89942226103829,0.9039547022429295,0.9075150406150873,0.9099023877647184,0.9122897349143496,0.9146770820639809,0.9170644292136121,0.9193038254231554,0.9197850919173223,0.9202663584114892,0.920747624905656,0.9212288913998229,0.9217101578939897,0.9222387864924649,0.9227875995066835,0.9233364125209023,0.923885225535121,0.9244340385493397,0.9249828515635584,0.9255316645777771,0.9260804775919959,0.9266292906062146,0.9271781036204332,0.9277269166346519,0.9282757296488706,0.9288245426630893,0.929373355677308
179,0.0,0.14383004350895168,0.2612413865672687,0.33633296555031644,0.3852241128986219,0.42560703955827256,0.43665990318760606,0.4542138798071783,0.47730570263672506,0.49840455320038707,0.5191087033201408,0.5376938479549863,0.5511152546574472,0.5597164664651169,0.5685548744212507,0.5774648690899337,0.5865710444088169,0.5963356323081106,0.6062855729808466,0.6162355136535826,0.6247553627722862,0.6304300647088097,0.6361047666453332,0.6417794685818567,0.647600024812356,0.6534238741089141,0.6592477234054721,0.6647602107340654,0.6701438462002619,0.6755274816664585,0.6801736822580683,0.6841474274228415,0.6881211725876147,0.6919786535894379,0.6952590593616969,0.6985394651339558,0.7018198709062147,0.7051002766784736,0.7068662669777815,0.7072482763027919,0.7076302856278021,0.7080122949528123,0.7083943042778225,0.7098217815611783,0.7121530719359024,0.7144843623106265,0.7168156526853506,0.7191469430600748,0.7214782334347989,0.723809523809523
180,0.0,0.21613011636428994,0.39516860265977577,0.5286720264952804,0.6267535247820583,0.7071173965653242,0.7319241119436855,0.7514900622170567,0.7680572991779316,0.7750274465910129,0.7812560700151155,0.7974564273216845,0.8049651189364339,0.8091838716197198,0.8135963805122425,0.8177450937731165,0.8207661149191291,0.8234590410232603,0.8254142672248588,0.8273694934264573,0.8287903989054325,0.8293587536345262,0.8299271083636198,0.83047619047619,0.83047619047619,0.83047619047619,0.83047619047619,0.83047619047619,0.83047619047619,0.83047619047619,0.8301320850614784,0.8295486292918323,0.8289651735221861,0.8284427014157254,0.8280468009491886,0.8276509004826518,0.8272550000161151,0.8268590995495783,0.8268630852953369,0.8272452701394388,0.8276274549835408,0.8280096398276428,0.8283918246717448,0.828571428571428,0.828571428571428,0.828571428571428,0.828571428571428,0.828571428571428,0.828571428571428,0.828571428571428
181,0.0,0.18918189655739792,0.3496868751816652,0.4611360031546227,0.5548329221798601,0.6365375929043642,0.7021147291914749,0.7342120242691665,0.7392455125679607,0.7562614526976379,0.779425515764229,0.8015641192157287,0.8180443832502433,0.825423110154181,0.8312698682326671,0.8366251910383918,0.8405344913544158,0.8433809564133887,0.8456538276247068,0.8479266988360248,0.8493503171773422,0.8487667883295686,0.8481832594817951,0.847619047619047,0.847619047619047,0.847619047619047,0.847619047619047,0.8481309556011675,0.8487301032882585,0.8493292509753496,0.8502914028334544,0.8514281158892125,0.8525648289449705,0.8534593196921713,0.8538482576820121,0.854237195671853,0.8546261336616938,0.8550150716515348,0.8554040096413756,0.8557929476312165,0.8561818856210573,0.8565708236108982,0.8569597616007391,0.857142857142857,0.857142857142857,0.857142857142857,0.857142857142857,0.857142857142857,0.857142857142857,0.857142857142857
182,0.0,0.17049942864839346,0.2464475752455045,0.31666938433688563,0.36943596834117703,0.42806521931933544,0.4866944702974939,0.5310914777784985,0.5718869285526239,0.6381491336446575,0.6889401479682287,0.7182487728341534,0.7423831926552473,0.7658755996848182,0.7847836783683432,0.7941737661643811,0.799497538534224,0.8048213109040668,0.8101450832739097,0.8154688556437525,0.8207926280135954,0.8261164003834383,0.8314401727532811,0.836763945123124,0.8421430314906085,0.8500691804799517,0.8562950016386254,0.860805061038224,0.8607872049099782,0.8556131831099308,0.8545545122887784,0.8546666468253888,0.851835903383211,0.8487454342702709,0.8456549651573309,0.8442240400686671,0.8492749385560584,0.8493870730926685,0.8494992076292786,0.8496113421658888,0.8497234767024989,0.8498356112391089,0.849947745775719,0.8500598803123289,0.850172014848939,0.850284149385549,0.850396283922159,0.850508418458769,0.8506205529953791,0.850732687531989
183,0.0,0.4243160367587777,0.5765349554814527,0.7108196917071147,0.7376644896233295,0.7475068658171212,0.7573492420109128,0.7650446410475993,0.7692043518135714,0.7733640625795436,0.7775237733455158,0.781683484111488,0.7858431948774602,0.7900029056434325,0.7941626164094047,0.7983223271753768,0.802482037941349,0.8066417487073212,0.8108014594732934,0.8149611702392656,0.8191208810052378,0.8214779769906244,0.8230709094098343,0.8257554208088473,0.8286751348440576,0.829929411948839,0.8306913573660714,0.8314533027833038,0.8322152482005362,0.8330734588482737,0.8339496789710991,0.8348258990939245,0.8355660386321141,0.8361223992708327,0.8366787599095512,0.8372351205482698,0.8377914811869883,0.8383478418257069,0.8389042024644254,0.839460563103144,0.8400169237418625,0.8405732843805811,0.8411296450192997,0.841317365269461,0.841317365269461,0.841317365269461,0.8416827168770328,0.8425589369998582,0.8434351571226836,0.844311377245509
184,0.0,0.07454819575892074,0.08785236770587594,0.11243255041607329,0.18081104929408714,0.20825601754520776,0.2333294341605969,0.24859360044268858,0.27018019519365444,0.29013618795508,0.31006141464123227,0.32461026967319434,0.34649170597887313,0.35877156295935236,0.38548583692270766,0.3894024491077828,0.4054562779885809,0.41517229536286737,0.4380701109409996,0.45000848172183255,0.4580187916875274,0.4679836523177084,0.48008404052575604,0.49100506251495224,0.5103867552045909,0.5192200792287462,0.5286137853382521,0.5424832228745744,0.5526350929819136,0.5637319211155358,0.5757419644993641,0.5840649623542867,0.5924050524732472,0.6053429616193172,0.6072392681947149,0.6072896102536484,0.6090936186032191,0.6099028571855871,0.6148301919176347,0.6191991793576724,0.6179065578133613,0.6193377106316317,0.6202048187365394,0.6202551607954732,0.6203055028544071,0.6203558449133411,0.6204061869722757,0.6210359567822098,0.6220528663726789,0.623069775963148
185,0.0,0.11007919011461925,0.20508344185397026,0.24872577662449458,0.2923681113950189,0.33601044616554315,0.368230529174076,0.3966119931999887,0.42499345722590137,0.45337492125181406,0.48175638527772674,0.5101378493036394,0.538519313329552,0.5498636618999809,0.5586940879038702,0.5675245139077596,0.5763549399116489,0.5851853659155382,0.5957935162545976,0.6089196664760476,0.6220458166974975,0.6351719669189474,0.6482981171403973,0.6614242673618472,0.6745504175832971,0.6827021246286675,0.6844703146789045,0.6862385047291415,0.6880066947793785,0.6897748848296155,0.6915430748798524,0.6933112649300894,0.6950794549803265,0.6968476450305635,0.6986158350808005,0.7003840251310375,0.7021522151812745,0.7042994744098038,0.7082584539519586,0.7122174334941135,0.7161764130362683,0.7201353925784232,0.724094372120578,0.7280533516627329,0.7320123312048877,0.7359713107470426,0.7399302902891974,0.7438892698313523,0.7478482493735071,0.751807228915662
186,0.0,0.045676575620430857,0.0723725033833984,0.09446957957889454,0.11624177316300129,0.1377285580422377,0.15921534292147407,0.18810426962647422,0.21437646843276517,0.23291862510293843,0.2514607817731117,0.26954137061305206,0.28661067243896904,0.30367997426488597,0.3207492760908029,0.3378185779167198,0.3548878797426368,0.3700125228256605,0.38359204530741015,0.3971715677891599,0.41075109027090956,0.4243306127526593,0.43866025994783003,0.45326224642939295,0.4678642329109558,0.4824662193925187,0.49706820587408157,0.5116701923556445,0.5259770438421784,0.5396079976704465,0.5532389514987145,0.5668699053269826,0.5805008591552507,0.5941318129835188,0.6077627668117869,0.6213937206400549,0.635024674468323,0.6486556282965911,0.6622865821248591,0.6759175359531272,0.6895484897813953,0.7031794436096633,0.7168103974379314,0.7304413512661995,0.7440723050944675,0.7577032589227356,0.7713342127510037,0.7849651665792718,0.7985961204075399,0.812227074235808
187,0.0,0.20958854609135416,0.23284972692990463,0.23492123202104923,0.23733226455473486,0.2427350809972841,0.2481378974398334,0.25354071388238264,0.2589435303249319,0.26919246094247457,0.28031672383892886,0.29144098673538316,0.30256524963183745,0.32047466847507133,0.3411023548611106,0.3617300412471499,0.3823577276331892,0.406198118339404,0.431402612856343,0.4566071073732821,0.4818116018902211,0.5094688123610197,0.5382341464873183,0.5669994806136168,0.5957648147399154,0.6200412517962474,0.6414839379661604,0.6629266241360736,0.6843693103059869,0.7134000317415801,0.7489188601999096,0.7844376886582394,0.8199565171165691,0.841610969590898,0.8470932123650632,0.8525754551392283,0.8580576979133935,0.8647673268326989,0.8748239696110821,0.8848806123894654,0.8949372551678486,0.9009397711224343,0.9003913429683805,0.8998429148143267,0.8992944866602729,0.8979096743768988,0.8929724856677314,0.8880352969585639,0.8830981082493965,0.878160919540229
188,0.0,0.09214061970689237,0.151530698928317,0.18794142335871225,0.2243521477891075,0.2702380624350664,0.32101528364282134,0.3717925048505763,0.42527688870931935,0.47927024930660966,0.5332636099039,0.5909294196342915,0.649221344558033,0.7075132694817744,0.765805194405516,0.801620387324431,0.8204438903520752,0.8392673933797195,0.8580908964073637,0.8769143994350079,0.8957379024626522,0.90490517004982,0.9112733762466717,0.9176415824435236,0.9240097886403753,0.930377994837227,0.9364720082703858,0.9400292370314217,0.9435864657924575,0.9471436945534935,0.9507009233145293,0.952405795828477,0.9535563127661698,0.9547068297038628,0.9558573466415556,0.956987898636719,0.9580932835089792,0.9591986683812393,0.9603040532534995,0.9614094381257597,0.9614183479764637,0.961365264815003,0.961312181653542,0.9612590984920812,0.9624620537788862,0.9641251657631469,0.9657882777474077,0.9649089964411347,0.9629247979822253,0.960940599523316
189,0.0,0.18446504024324015,0.24368092607249492,0.27874544471795476,0.31227637079702514,0.34702736279308954,0.3993150562634153,0.4330039973493513,0.45854440294747256,0.49414615823884506,0.5245384224662132,0.5534729332288167,0.5824074439914202,0.6077463683363514,0.6300515166413717,0.652356664946392,0.6677845417948839,0.6776430945190715,0.6875016472432589,0.6973601999674464,0.7072187526916339,0.7170773054158214,0.7265393233600325,0.735588341412296,0.7446373594645596,0.7536863775168231,0.7627353955690866,0.7717844136213502,0.780297800999796,0.7880927631093912,0.7958877252189865,0.8036826873285818,0.8114776494381771,0.8192726115477724,0.8270675736573676,0.8348625357669629,0.8426574978765582,0.8499243880728165,0.8535090470895924,0.8570937061063684,0.8606783651231443,0.8642630241399203,0.8678476831566962,0.8714323421734722,0.8750170011902482,0.8786016602070241,0.8821863192238001,0.885770978240576,0.889355637257352,0.892940296274128
190,0.0,0.34879408063591866,0.4450517181231466,0.48000286872990927,0.5047062059255932,0.528487562343494,0.547371515490159,0.5662554686368242,0.5851394217834892,0.6040233749301543,0.6209703253096109,0.631554857840572,0.642139390371533,0.652723922902494,0.6633084554334551,0.6743715056872948,0.6870839920313604,0.6997964783754259,0.7125089647194914,0.7252214510635571,0.7327242253394327,0.7342757591870493,0.7358272930346661,0.7373788268822827,0.7389303607298994,0.7422025989883124,0.7496608783864415,0.7571191577845705,0.7645774371826995,0.7720357165808286,0.7784994113029818,0.7840924472353035,0.7896854831676252,0.7952785190999468,0.8008715550322685,0.806022062228958,0.8107717073566821,0.8155213524844063,0.8202709976121303,0.8250206427398544,0.8301230324136726,0.8353890392584971,0.8406550461033215,0.8459210529481459,0.8511870597929704,0.8551494072430026,0.8588663289365251,0.8625832506300478,0.8663001723235704,0.870017094017093
191,0.0,0.3124274625601168,0.42211440033889003,0.463100976199498,0.49005417516254907,0.5140729999083504,0.5288960744662919,0.5437191490242335,0.5585422235821749,0.5733652981401163,0.5876361416361415,0.6007164224664223,0.6137967032967031,0.6268769841269839,0.6399572649572648,0.6524792902819535,0.663749096074762,0.6750189018675703,0.6862887076603787,0.6975585134531871,0.708182997557998,0.7177692307692309,0.7273554639804639,0.7369416971916969,0.7465279304029299,0.7545289505815816,0.7598855472013363,0.765242143821091,0.7705987404408458,0.7759553370606004,0.7819599823735164,0.788367420382458,0.7947748583913996,0.8011822964003412,0.8075897344092828,0.8120703213923547,0.8162335896548963,0.8203968579174381,0.8245601261799798,0.8287233944425215,0.831465009297938,0.8341054480897087,0.8367458868814793,0.8393863256732499,0.8420349075527641,0.8456313448456299,0.8492277821384957,0.8528242194313614,0.8564206567242273,0.860017094017093
192,0.0,0.4378182452468164,0.5505491671027386,0.6008595968891534,0.6278127958522043,0.6519270933744613,0.6609616348563713,0.6699961763382812,0.6790307178201912,0.6880652593021012,0.6949227062619919,0.6985191435548577,0.7021155808477235,0.7057120181405893,0.7093084554334551,0.71288244932273,0.7164216071464312,0.7199607649701325,0.7234999227938338,0.727039080617535,0.7318307405535011,0.7395472775811759,0.7472638146088507,0.7549803516365257,0.7626968886642005,0.7693014730206843,0.7740511181484084,0.7788007632761325,0.7835504084038566,0.7883000535315807,0.791972513701837,0.7947020068486232,0.7974314999954095,0.8001609931421958,0.8028904862889821,0.807065781440781,0.8116605180533748,0.8162552546659687,0.8208499912785625,0.8254447278911564,0.8293665229133208,0.8330834446068434,0.8368003663003659,0.8405172879938885,0.8442342096874109,0.8474248995556494,0.8505729481710104,0.8537209967863713,0.8568690454017321,0.860017094017093
193,0.0,0.4838935984650267,0.6347966160823305,0.7038504484021724,0.7359672645362297,0.7642772544915397,0.7723660387231811,0.7804548229548225,0.7885436071864639,0.7966323914181053,0.8038282896817998,0.8059611186499799,0.80809394761816,0.8102267765863401,0.8123596055545202,0.815545345459138,0.8223604374552648,0.8291755294513914,0.835990621447518,0.8428057134436447,0.8480206402421899,0.8506610790339604,0.8533015178257307,0.855941956617501,0.8585823954092715,0.8603005223681911,0.8609283327366031,0.861556143105015,0.862183953473427,0.862811763841839,0.8648487569734541,0.8674891957652245,0.870129634556995,0.8727700733487654,0.8754105121405359,0.8768841311944756,0.8780192443024952,0.8791543574105147,0.8802894705185343,0.881424583626554,0.8830172403598552,0.8846424595044446,0.8862676786490342,0.8878928977936237,0.8895136490493628,0.890614338042909,0.8917150270364552,0.8928157160300014,0.8939164050235477,0.895017094017094
194,0.0,0.47846956218384956,0.6775717774289206,0.7601586865515435,0.7991282487353911,0.8369423329385729,0.8585500977719017,0.8801578626052305,0.9017656274385594,0.9233733922718881,0.939847010262701,0.9443603998135612,0.9488737893644215,0.9533871789152816,0.9579005684661418,0.9626653539399841,0.9684378717888568,0.9742103896377294,0.979982907486602,0.9857554253354748,0.9900852971604203,0.9917339585701653,0.9933826199799104,0.9950312813896554,0.9966799427994004,0.9986231653833684,1.000860949141559,1.0030987328997498,1.0053365166579407,1.0075743004161313,1.0104702713367761,1.0135132694523743,1.0165562675679725,1.0195992656835706,1.0226422637991688,1.0246671219552537,1.0262895724130545,1.0279120228708554,1.0295344733286562,1.031156923786457,1.032799904665662,1.0344485660754077,1.0360972274851536,1.0377458888948994,1.0393945503046453,1.0386536465955312,1.0377423716987833,1.0368310968020356,1.0359198219052876,1.03500854700854
195,0.0,0.144333878395846,0.288667756791692,0.40456612556100197,0.42647343203585913,0.4483807385107163,0.4768183795063251,0.5120238630321402,0.5472293465579554,0.5632579300296369,0.5727920761459045,0.5823262222621722,0.5918603683784399,0.6013945144947076,0.6109286606109753,0.6204628067272429,0.6299969528435105,0.6395310989597782,0.6490652450760459,0.6585993911923136,0.6619640736862284,0.6637168205826157,0.6654695674790031,0.6672223143753905,0.6689750612717779,0.6707278081681652,0.6724805550645526,0.67423330196094,0.6759860488573274,0.6777387957537147,0.679491542650102,0.6812442895464894,0.6829970364428768,0.6847497833392642,0.6865025302356516,0.6882552771320389,0.6900080240284263,0.6917607709248136,0.693513517821201,0.6952662647175883,0.6970190116139757,0.6987717585103631,0.7005245054067505,0.7022772523031379,0.7040299991995252,0.7057827460959125,0.7075354929922999,0.7092882398886873,0.7110409867850747,0.712793733681462
196,0.0,0.3585299654666616,0.5924762531740806,0.6286529358287092,0.6648296184833378,0.7010063011379664,0.737182983792595,0.7728264208909367,0.7943515470704405,0.8158766732499445,0.8374017994294484,0.8589269256089522,0.8804520517884562,0.8862908486417095,0.8911474443953445,0.8960040401489797,0.9008606359026149,0.9057172316562501,0.9105738274098851,0.9154304231635203,0.9202870189171555,0.9251436146707905,0.9300002104244257,0.9348568061780609,0.9397134019316961,0.9426174679434798,0.9438746718087825,0.9451318756740853,0.946389079539388,0.9476462834046908,0.9489034872699935,0.9501606911352963,0.951417895000599,0.9526750988659018,0.9539323027312046,0.9551895065965074,0.9564467104618101,0.9578646454222493,0.9594045988055205,0.9609445521887919,0.9624845055720632,0.9640244589553345,0.9655644123386058,0.9671043657218772,0.9686443191051485,0.9701842724884198,0.971724225871691,0.9732641792549624,0.9748041326382337,0.976344086021505
197,0.0,0.22100265326071908,0.4228123616860637,0.48643286729672763,0.5500533729073915,0.6136738785180554,0.6772943841287195,0.7362469649670473,0.7451860661017782,0.754125167236509,0.7630642683712398,0.7720033695059706,0.7809424706407014,0.7861471861471859,0.7903752161816676,0.7946032462161492,0.7988312762506308,0.8030593062851125,0.807287336319594,0.8115153663540757,0.8157433963885573,0.819971426423039,0.8241994564575206,0.8284274864920022,0.8326555165264838,0.834408602150537,0.834408602150537,0.834408602150537,0.834408602150537,0.834408602150537,0.834408602150537,0.834408602150537,0.834408602150537,0.834408602150537,0.834408602150537,0.834408602150537,0.834408602150537,0.8361677503524604,0.8399638069987158,0.8437598636449712,0.8475559202912267,0.8513519769374822,0.8551480335837377,0.8589440902299932,0.8627401468762486,0.866536203522504,0.8703322601687595,0.874128316815015,0.8779243734612705,0.881720430107526
198,0.0,0.0796923183534871,0.15613378085237214,0.2272907470761962,0.29844771330002023,0.3696046795238443,0.4407616457476684,0.5025667707249384,0.5225112729795344,0.5424557752341302,0.5624002774887262,0.5823447797433221,0.6022892819979181,0.6044597491602097,0.6046362239910624,0.6048126988219151,0.6049891736527677,0.6051656484836204,0.6053421233144731,0.6055185981453257,0.6056950729761784,0.6058715478070311,0.6060480226378837,0.6062244974687364,0.606400972299589,0.6080760978226408,0.610354338868163,0.6126325799136851,0.6149108209592073,0.6171890620047296,0.6194673030502517,0.6217455440957739,0.624023785141296,0.6263020261868182,0.6285802672323404,0.6308585082778625,0.6331367493233847,0.6383026564580756,0.647117936878684,0.6559332172992923,0.6647484977199007,0.673563778140509,0.6823790585611175,0.6911943389817258,0.7000096194023341,0.7088248998229425,0.7176401802435508,0.7264554606641592,0.7352707410847675,0.744086021505376
199,0.0,0.0955874402171302,0.18913385634769111,0.25688530591484987,0.3246367554820086,0.3923882050491674,0.4601396546163261,0.5278911041834848,0.545863933971103,0.561273330358515,0.5766827267459269,0.5920921231333389,0.6075015195207508,0.6184334068688458,0.6288144763455222,0.6391955458221987,0.6495766152988752,0.6599576847755517,0.6703387542522281,0.6807198237289046,0.6911008932055811,0.7014819626822576,0.711863032158934,0.7222441016356105,0.732625171112287,0.7371990230072313,0.7397318644798275,0.7422647059524238,0.74479754742502,0.7473303888976163,0.7498632303702125,0.7523960718428088,0.754928913315405,0.7574617547880013,0.7599945962605975,0.7625274377331938,0.76506027920579,0.7672483543173445,0.7691881730493846,0.7711279917814245,0.7730678105134646,0.7750076292455047,0.7769474479775447,0.7788872667095847,0.7808270854416248,0.7827669041736648,0.7847067229057049,0.786646541637745,0.7885863603697849,0.790526179101825
200,0.0,0.1303450469455474,0.2158749285628894,0.23640083586877225,0.2569267431746551,0.27745265048053797,0.2979785577864208,0.318970848576617,0.3423307264151465,0.365690604253676,0.3890504820922055,0.412410359930735,0.4357702377692645,0.44531271003472905,0.45369132940488016,0.46206994877503127,0.47044856814518243,0.47882718751533354,0.48720580688548465,0.4955844262556358,0.5039630456257869,0.512341664995938,0.5207202843660891,0.5290989037362402,0.5374775231063914,0.5466900965636701,0.5559946863652511,0.5652992761668322,0.5746038659684133,0.5839084557699944,0.5932130455715754,0.6025176353731565,0.6118222251747376,0.6211268149763187,0.6304314047778997,0.6397359945794808,0.6490405843810619,0.6579323236048298,0.6548585603105121,0.6517847970161945,0.6487110337218769,0.6456372704275593,0.6425635071332415,0.6394897438389239,0.6364159805446062,0.6333422172502886,0.630268453955971,0.6271946906616532,0.6241209273673356,0.621047164073018
201,0.0,0.07891273446334954,0.14478938607347017,0.16698474366301064,0.18918010125255114,0.2113754588420916,0.23357081643163213,0.25576617402117263,0.2851658908875588,0.3162707763241398,0.3473756617607209,0.3784805471973019,0.40958543263388303,0.4234938351641434,0.42795402254168924,0.4324142099192351,0.43687439729678096,0.44133458467432685,0.4457947720518727,0.45025495942941857,0.4547151468069644,0.4591753341845103,0.4636355215620561,0.468095708939602,0.47255589631714784,0.4788130383695609,0.48676846784742617,0.4947238973252915,0.5026793268031567,0.5106347562810221,0.5185901857588874,0.5265456152367527,0.534501044714618,0.5424564741924833,0.5504119036703486,0.558367333148214,0.5663227626260793,0.572693110306721,0.5765466294401617,0.5804001485736023,0.584253667707043,0.5881071868404837,0.5919607059739244,0.595814225107365,0.5996677442408056,0.6035212633742463,0.607374782507687,0.6112283016411276,0.6150818207745683,0.618935339908009
202,0.0,0.23075610330018634,0.4140476336689382,0.48640040506406207,0.5587531764591859,0.6311059478543097,0.7034587192494336,0.7696620033840652,0.7765982438332597,0.7835344842824542,0.7904707247316487,0.7974069651808432,0.8043432056300377,0.8088815458957518,0.8129305412490335,0.8169795366023154,0.8210285319555972,0.825077527308879,0.8291265226621608,0.8331755180154427,0.8372245133687244,0.8412735087220062,0.8453225040752881,0.8493714994285698,0.8534204947818517,0.8569345547712667,0.8595636538448048,0.862192752918343,0.864821851991881,0.8674509510654191,0.8700800501389573,0.8727091492124953,0.8753382482860335,0.8779673473595716,0.8805964464331096,0.8832255455066478,0.8858546445801859,0.8883377413943705,0.8895054185674705,0.8906730957405704,0.8918407729136704,0.8930084500867703,0.8941761272598703,0.8953438044329702,0.8965114816060702,0.8976791587791701,0.8988468359522701,0.9000145131253701,0.90118219029847,0.90234986747157
203,0.0,0.18987230640890054,0.3570272318257793,0.44369631273533233,0.5303653936448853,0.6170344745544384,0.7037035554639914,0.776105671219675,0.7893101600372059,0.8025146488547367,0.8157191376722676,0.8289236264897983,0.841951231920551,0.8481958273243534,0.8544404227281558,0.8606850181319582,0.8669296135357606,0.873174208939563,0.8794188043433654,0.8856633997471678,0.8919079951509702,0.8981525905547726,0.904397185958575,0.9106417813623774,0.9168863767661798,0.921100122301592,0.9239192225693351,0.9267383228370782,0.9295574231048214,0.9323765233725645,0.9351956236403076,0.9380147239080509,0.940833824175794,0.9436529244435371,0.9464720247112802,0.9492911249790233,0.9521102252467665,0.9542373448711067,0.955015764579426,0.9557941842877454,0.9565726039960647,0.9573510237043841,0.9581294434127035,0.9589078631210228,0.9596862828293422,0.9604647025376616,0.9612431222459809,0.9620215419543002,0.9627999616626196,0.963578381370939
204,0.0,0.14856604929875664,0.2676804971663677,0.2920388009773069,0.3163971047882461,0.3407554085991853,0.35671842964402045,0.3714300076587807,0.386141585673541,0.4046960626068516,0.4334439811466221,0.46219189968639257,0.4909398182261631,0.5156852766970321,0.5385888263594943,0.5614923760219565,0.5843959256844187,0.6072994753468809,0.624229233320332,0.6310549229251303,0.6378806125299287,0.644706302134727,0.6515319917395254,0.6583576813443237,0.665183370949122,0.6707827695984897,0.6745047814214927,0.6782267932444959,0.681948805067499,0.685670816890502,0.6893928287135052,0.6931148405365083,0.6968368523595114,0.7005588641825145,0.7042808760055176,0.7080028878285207,0.7117248996515239,0.7148220027754698,0.7165409804983253,0.7182599582211807,0.7199789359440362,0.7216979136668915,0.723416891389747,0.7251358691126024,0.7268548468354579,0.7285738245583133,0.7302928022811688,0.7320117800040241,0.7337307577268796,0.735449735449735
205,0.0,0.14215136764814443,0.2502445942853123,0.28125754015871324,0.3122704860321141,0.34328343190551497,0.3685794980298178,0.39063759397440273,0.4126956899189877,0.43509568256253556,0.4656146224601577,0.4961335623577799,0.5266525022554022,0.5401059782704649,0.5477617936984911,0.5554176091265173,0.5630734245545435,0.5707292399825696,0.5824896940817277,0.597434883694398,0.6123800733070685,0.6273252629197388,0.6422704525324091,0.6572156421450795,0.6721608317577499,0.6780874304276547,0.6793591041303513,0.6806307778330479,0.6819024515357446,0.6831741252384411,0.6844457989411378,0.6857174726438343,0.686989146346531,0.6882608200492276,0.6895324937519242,0.6908041674546208,0.6920758411573175,0.6937003599425646,0.6969590160143703,0.7002176720861758,0.7034763281579814,0.7067349842297871,0.7099936403015927,0.7132522963733983,0.7165109524452039,0.7197696085170096,0.7230282645888152,0.7262869206606207,0.7295455767324264,0.732804232804232
206,0.0,0.4699890541903076,0.5323065876138148,0.5515168550569287,0.5696001661748974,0.5860865754720551,0.5947292778299621,0.6012644486273887,0.6096280973928029,0.6180567591800984,0.6264854209673938,0.6349140827546893,0.6433840912996993,0.6539050053101197,0.6644259193205401,0.6749468333309604,0.6854677473413808,0.6959886613518012,0.7100454180027828,0.7304075583486747,0.7507696986945666,0.7711318390404583,0.7914939793863502,0.811856119732242,0.8322182600781339,0.8525804004240258,0.8729425407699176,0.8899795334773983,0.9046592115603389,0.9193388896432795,0.9340185677262199,0.9486982458091605,0.963377923892101,0.9780576019750415,0.9927372800579821,1.006618668238149,1.00915902213748,1.0116993760368107,1.0142397299361414,1.0167800838354721,1.019320437734803,1.0218607916341338,1.0244011455334645,1.0269414994327952,1.0294818533321262,1.0320222072314569,1.0345625611307876,1.0371029150301183,1.0396432689294492,1.04218362282878
207,0.0,0.19125228806762604,0.3582317057329581,0.3846442024535329,0.4111909684888365,0.437897789450484,0.44729194169254705,0.45466083714333544,0.4636797637576427,0.47293475354286524,0.4821897433280877,0.4914447331133103,0.5006997228985328,0.5175982356778236,0.537366186231513,0.5571341367852024,0.5769020873388919,0.5966700378925813,0.618161798407126,0.6417185940969385,0.6652753897867509,0.6888321854765634,0.7123889811663758,0.7359457768561883,0.7595025725460008,0.7830593682358133,0.8066161639256257,0.8295527397571457,0.8520872625185831,0.8746217852800205,0.8971563080414579,0.9196908308028953,0.9422253535643327,0.9647598763257701,0.9872943990872074,1.0095008575021156,1.0135368650219039,1.017572872541692,1.0216088800614802,1.0256448875812683,1.0296808951010565,1.0337169026208446,1.0377529101406329,1.041788917660421,1.0458249251802092,1.0498609326999973,1.0538969402197853,1.0579329477395736,1.0619689552593616,1.06600496277915
208,0.0,0.13964344207678667,0.23412657893745176,0.2610799722122885,0.28283674496560623,0.2998478473899126,0.3115984020939679,0.32172767910834593,0.3285246103483127,0.33532154158827954,0.34211847282824637,0.3489154040682132,0.35571233530818,0.3711748685172656,0.38932227227358895,0.4074696760299122,0.42561707978623553,0.4437644835425589,0.4634131670828861,0.4844880452347164,0.5055629233865467,0.526637801538377,0.5477126796902073,0.5687875578420376,0.589862435993868,0.6109373141456983,0.6320121922975286,0.6566082302265285,0.6816211485833692,0.7066340669402099,0.7316469852970504,0.7566599036538911,0.7816728220107317,0.8066857403675725,0.8316986587244131,0.8551104484672652,0.8612413398652964,0.8673722312633276,0.8735031226613589,0.87963401405939,0.8857649054574213,0.8918957968554524,0.8980266882534836,0.9041575796515148,0.910288471049546,0.9164193624475772,0.9225502538456084,0.9286811452436396,0.9348120366416708,0.940942928039702
209,0.0,0.18897916144740323,0.21030292743074536,0.2120280151831602,0.2157198608766901,0.22043793535114647,0.22137724860815391,0.2220279226870706,0.22479907693304887,0.22757023117902714,0.2303413854250054,0.23311253967098364,0.2358836939169619,0.2559319402366964,0.27717507049906936,0.29841820076144226,0.3196613310238152,0.3409044612861882,0.36154813082129805,0.38121473594466265,0.4008813410680272,0.42054794619139174,0.4402145513147563,0.4598811564381209,0.4795477615614855,0.49921436668485003,0.5188809718082146,0.5413816132660442,0.5642320208363278,0.5870824284066115,0.609932835976895,0.6327832435471786,0.6556336511174623,0.6784840586877459,0.7013344662580295,0.724184873828313,0.7306816876936815,0.7362933205993105,0.7419049535049396,0.7475165864105686,0.7531282193161977,0.7587398522218267,0.7643514851274558,0.7699631180330848,0.7755747509387138,0.7811863838443428,0.7867980167499719,0.7924096496556009,0.79802128256123,0.803632915466859
210,0.0,0.3073555047350164,0.3158956986030736,0.31595055096454894,0.3221997545230778,0.3327959416575317,0.33858092842136867,0.34217775428392233,0.34774641539536166,0.353315076506801,0.35888373761824033,0.3644523987296796,0.37002105984111894,0.3845318473294687,0.40094827384404996,0.4173647003586312,0.43378112687321246,0.4501975533877937,0.4695345190950642,0.4899192402522697,0.5103039614094751,0.5306886825666806,0.551073403723886,0.5714581248810915,0.5918428460382971,0.6122275671955025,0.6326122883527079,0.6565900354026648,0.68211922111845,0.7076484068342352,0.7331775925500204,0.7587067782658056,0.7842359639815908,0.809765149697376,0.8352943354131613,0.8608235211289463,0.8694019260608328,0.8762683276832468,0.8831347293056608,0.8900011309280749,0.8968675325504888,0.9037339341729028,0.9106003357953169,0.9174667374177309,0.9243331390401449,0.9311995406625588,0.9380659422849729,0.9449323439073869,0.9517987455298009,0.958665147152215
211,0.0,0.32249974624154204,0.36307556520354184,0.3889847438533083,0.4075290899361841,0.42030130036021296,0.42826306792938945,0.4317007853402606,0.438267227468089,0.4456845071742345,0.45310178688038,0.4605190665865255,0.46793634629267106,0.48477277773010646,0.5063082902799533,0.5278438028298001,0.549379315379647,0.5709148279294939,0.596331136061103,0.6247536577824988,0.6531761795038945,0.6815987012252903,0.710021222946686,0.7384437446680818,0.7668662663894776,0.7952887881108734,0.8237113098322691,0.8469132649078855,0.8652522887826941,0.8835913126575027,0.9019303365323112,0.9202693604071198,0.9386083842819284,0.9569474081567371,0.9752864320315456,0.9936254559063541,0.9988172937157748,1.0014224503516629,1.004027606987551,1.0066327636234391,1.0092379202593271,1.0118430768952154,1.0144482335311034,1.0170533901669914,1.0196585468028796,1.0222637034387676,1.0248688600746558,1.0274740167105438,1.030079173346432,1.03268432998232
212,0.0,0.09857637386977453,0.19715274773954905,0.26702486793558017,0.2734122065797674,0.27979954522395467,0.28618688386814195,0.29257422251232923,0.2989615611565165,0.3053488998007038,0.311736238444891,0.3181235770890783,0.32451091573326557,0.3422982433171999,0.3653303198325289,0.3883623963478579,0.4113944728631869,0.434426549378516,0.4604773713537657,0.4908332342079774,0.5211890970621891,0.5515449599164007,0.5819008227706124,0.612256685624824,0.6426125484790358,0.6729684113332475,0.703324274187459,0.733735024163253,0.7642079701061304,0.7946809160490078,0.825153861991885,0.8556268079347624,0.8860997538776398,0.9165726998205173,0.9470456457633947,0.9716418445739807,0.9757979773833464,0.9799541101927121,0.9841102430020777,0.9882663758114434,0.992422508620809,0.9965786414301747,1.0007347742395403,1.004890907048906,1.0090470398582716,1.0132031726676374,1.017359305477003,1.0215154382863687,1.0256715710957343,1.0298277039051
213,0.0,0.22518441652264262,0.2883098927551942,0.30223199630562164,0.31676775475281843,0.33403929260878007,0.3443872259092395,0.3509457835420879,0.35382177928086295,0.3561050090550629,0.3583882388292629,0.3606714686034629,0.36295469837766287,0.37901568521507173,0.40566282677429955,0.43230996833352725,0.45895710989275507,0.4856042514519829,0.5149609575146197,0.5491258441284599,0.5832907307423,0.6174556173561402,0.6516205039699803,0.6857853905838205,0.7199502771976607,0.7541151638115009,0.7882800504253409,0.8144853483270291,0.837913238129102,0.8613411279311749,0.8847690177332477,0.9081969075353206,0.9316247973373935,0.9550526871394664,0.9784805769415393,0.9996828514269273,1.0014249650781217,1.003167078729316,1.0049091923805107,1.006651306031705,1.0083934196828996,1.0101355333340942,1.0118776469852886,1.0136197606364832,1.0153618742876775,1.0171039879388721,1.0188461015900665,1.020588215241261,1.0223303288924555,1.02407244254365
214,0.0,0.1667997081997136,0.3335994163994272,0.3669576207025116,0.39288246487847606,0.40201304868498905,0.4143124619759222,0.42947637149176005,0.43783374957013255,0.4445406489405526,0.45124754831097275,0.4579544476813928,0.46466134705181295,0.47651278223738264,0.492236116265375,0.5079594502933673,0.5236827843213596,0.539406118349352,0.5563267772281739,0.5749701292454009,0.5936134812626278,0.6122568332798548,0.6309001852970818,0.6495435373143088,0.6681868893315358,0.6868302413487628,0.7054735933659897,0.7249072644145369,0.7449624070658108,0.7650175497170848,0.7850726923683586,0.8051278350196326,0.8251829776709065,0.8452381203221805,0.8652932629734544,0.8853484056247283,0.8971101791706357,0.9079827495738769,0.918855319977118,0.929727890380359,0.9406004607836002,0.9514730311868412,0.9623456015900823,0.9732181719933234,0.9840907423965645,0.9949633127998055,1.0058358832030467,1.0167084536062878,1.0275810240095289,1.03845359441277
215,0.0,0.045457957514867114,0.09091591502973423,0.13637387254460134,0.18183183005946846,0.22728978757433557,0.27039212861395073,0.289985892012717,0.3095796554114833,0.3291734188102496,0.34876718220901587,0.36836094560778215,0.3879547090065485,0.40497755701616367,0.4214544409714366,0.4379313249267094,0.45440820888198225,0.4708850928372551,0.48736197679252796,0.5033705971017336,0.5193076532671154,0.5352447094324972,0.5511817655978791,0.5671188217632609,0.5830558779286428,0.5989419530612511,0.6148071125878972,0.6306722721145435,0.6465374316411897,0.662402591167836,0.6782677506944821,0.6946506329494361,0.7113100497672206,0.727969466585005,0.7446288834027895,0.7612883002205739,0.7779477170383584,0.7921164566914577,0.8024085041315833,0.8127005515717088,0.8229925990118344,0.8332846464519601,0.8435766938920857,0.8526616616026489,0.8602405497547361,0.8678194379068233,0.8753983260589104,0.8829772142109976,0.8905561023630848,0.898134990515172
216,0.0,0.6214175589729709,0.6565016644605668,0.6915857699481627,0.7143094680988196,0.7244339986389541,0.7345585291790885,0.744683059719223,0.7548075902593574,0.7649321207994919,0.7750566513396263,0.7851811818797608,0.7953057124198952,0.8006488655585959,0.802911942214403,0.80517501887021,0.8074380955260171,0.8097011721818241,0.8119642488376312,0.8138070713361303,0.8148416548250036,0.8158762383138768,0.8169108218027501,0.8179454052916233,0.8189799887804966,0.8197253864007312,0.8199267617991373,0.8201281371975433,0.8203295125959494,0.8205308879943555,0.8207322633927616,0.8209336387911677,0.8211350141895737,0.8213363895879798,0.8215377649863859,0.821739140384792,0.821940515783198,0.8221418911816041,0.8223432665800102,0.8225446419784163,0.8227460173768223,0.8229473927752284,0.8231487681736345,0.8233501435720406,0.8235515189704466,0.8237528943688527,0.8239542697672588,0.8241556451656649,0.824357020564071,0.824558395962477
217,0.0,0.33069209239089775,0.4204612232374482,0.5102303540839987,0.5940398941573404,0.6735328155427813,0.7530257369282222,0.7840123051190134,0.804502706101196,0.8249931070833785,0.845483508065561,0.8659739090477436,0.8864643100299262,0.8963531571064101,0.9060057585207942,0.9156583599351784,0.9253109613495626,0.9349635627639468,0.9446161641783308,0.9486211018424867,0.9508675056984696,0.9531139095544523,0.9553603134104351,0.957606717266418,0.9598531211224008,0.9617303645848271,0.963153502588336,0.964576640591845,0.965999778595354,0.967422916598863,0.968846054602372,0.9702691926058811,0.9716923306093901,0.973115468612899,0.974538606616408,0.975961744619917,0.977384882623426,0.9788080206269351,0.9802311586304441,0.981654296633953,0.983077434637462,0.984500572640971,0.98592371064448,0.987346848647989,0.9887699866514981,0.9901931246550071,0.991616262658516,0.993039400662025,0.994462538665534,0.995885676669043
218,0.0,0.19525923257217517,0.39051846514435035,0.45379727546649984,0.4780383432490744,0.502279411031649,0.5265204788142236,0.5507615465967982,0.5722813803297164,0.5881398240793796,0.6039982678290426,0.6198567115787058,0.6357151553283689,0.6515735990780319,0.6674320428276951,0.6837949293165809,0.7025633437521128,0.7213317581876446,0.7401001726231764,0.7588685870587083,0.7776370014942401,0.7964054159297719,0.8151738303653037,0.8339422448008356,0.8527106592363674,0.8700270633798349,0.8866805606929975,0.9033340580061601,0.9199875553193226,0.9366410526324853,0.9532945499456478,0.9699480472588103,0.9856110460602132,0.9877210583609599,0.9898310706617066,0.9919410829624533,0.9940510952632001,0.9961611075639468,0.9982711198646935,1.0003811321654401,1.002491144466187,1.0046011567669337,1.004921543746027,1.0046672550414117,1.0044129663367964,1.0041586776321811,1.0039043889275658,1.0036501002229505,1.0033958115183352,1.00314152281372
219,0.0,0.18363169332086404,0.2830766233889075,0.3259212271859202,0.3598356896349193,0.36812811815080365,0.376420546666688,0.38456169191954714,0.3925880739727941,0.400614456026041,0.40350747268856463,0.4050285110415861,0.4065495493946076,0.4081997335019232,0.4157424218113213,0.4232851101207195,0.4312290693471345,0.4451941290991514,0.45915918885116824,0.47312424860318514,0.4832550204241798,0.48919140539537775,0.49775387003424376,0.5081085173268666,0.5276640828930818,0.5474004669952144,0.5671731039189455,0.5883920171638517,0.6084839553713013,0.6262088603887384,0.6433850318220208,0.659865636662548,0.6763462415030754,0.6972083361770404,0.7213273660710089,0.744973206027708,0.7679078924164985,0.7829785698601082,0.7980492473037178,0.8131199247473274,0.8351093301033913,0.8566224780624699,0.8763588621646026,0.8949421366998016,0.9114872551253709,0.9280323735509403,0.9433864562347314,0.9581622844410855,0.9796492322317597,1.00290715895354
220,0.0,0.22339888925867285,0.36067374332900043,0.38772391436126746,0.4088876101452197,0.4272611771850929,0.44426930701987427,0.4612774368546556,0.478285566689437,0.49529369652421834,0.5123018263589997,0.5293099561937811,0.5463180860285625,0.5633262158633439,0.5803343456981253,0.5973424755329065,0.6075420976804614,0.6134051216690644,0.6192681456576673,0.6251311696462704,0.6309371031677582,0.6366534040163597,0.6423697048649613,0.6480860057135629,0.6538023065621644,0.659518607410766,0.6652349082593675,0.6709512091079691,0.6766675099565707,0.6823838108051723,0.6881001116537738,0.6932290960912176,0.6944516849039971,0.6956742737167765,0.696896862529556,0.6982060565607121,0.7004911967922313,0.7027763370237504,0.7050614772552696,0.7073466174867886,0.7096317577183078,0.7119168979498269,0.7142020381813461,0.7164871784128651,0.7187723186443843,0.7210574588759034,0.7233425991074226,0.7256277393389416,0.7279128795704608,0.73019801980198
221,0.0,0.011686435614097835,0.02337287122819567,0.035059306842293504,0.04674574245639134,0.05843217807048917,0.07011861368458701,0.08180504929868485,0.09349148491278268,0.10603926872979952,0.11892144796429473,0.13180362719878994,0.14468580643328516,0.15756798566778035,0.1704501649022756,0.18333234413677077,0.19621452337126602,0.2153059604530618,0.2350493916247135,0.2547928227963653,0.27453625396801695,0.29427968513966873,0.3140231163113204,0.3337665474829722,0.3535099786546239,0.37238538673531696,0.3898206608937544,0.4072559350521919,0.42469120921062936,0.44212648336906685,0.4595617575275043,0.47699703168594176,0.4944323058443793,0.5094291375888028,0.5192166450865541,0.5290041525843053,0.5387916600820566,0.5485791675798078,0.5583666750775591,0.5681541825753104,0.5779416900730616,0.5877291975708129,0.5975167050685641,0.6073042125663155,0.6170917200640667,0.6268792275618179,0.6366667350595693,0.6464542425573205,0.6562417500550718,0.666029257552823
222,0.0,0.20354026063683153,0.40708052127366307,0.6106207819104946,0.6485609321326792,0.6796644012047248,0.7107678702767705,0.7418713393488161,0.7729748084208617,0.8040782774929074,0.8158335666724618,0.8262676622088801,0.8367017577452985,0.8471358532817168,0.8575699488181352,0.8680040443545536,0.878438139890972,0.8888722354273904,0.8978233154343002,0.9005739709662376,0.903324626498175,0.9060752820301124,0.9088259375620499,0.9115765930939873,0.9143272486259247,0.9170779041578622,0.9198285596897995,0.9225792152217369,0.9253298707536743,0.9287135177331891,0.934652652497675,0.940591787262161,0.9465309220266469,0.9524700567911328,0.9584091915556188,0.9643483263201047,0.9702874610845906,0.9762265958490766,0.9815735522471913,0.9836542957032903,0.9857350391593892,0.9878157826154882,0.9898965260715872,0.9919772695276862,0.9940580129837852,0.9961387564398841,0.998219499895983,1.000300243352082,1.002380986808181,1.00446173026428
223,0.0,0.22658623091046437,0.38653347999086796,0.45486724411498836,0.4816022939296437,0.4919984623413291,0.5023946307530144,0.5189522332563907,0.53947527146633,0.5599983096762693,0.5788462968027189,0.5876570739965125,0.5964678511903059,0.6052786283840993,0.6168509650216063,0.6285290068150169,0.6402070486084276,0.6461357337154494,0.6488479103970445,0.6515600870786397,0.6554200546726027,0.6606126745679491,0.6658052944632956,0.6708791358744282,0.6752374844292478,0.6795958329840676,0.6839541815388873,0.6897641444103283,0.6962543242868567,0.7027445041633852,0.7081455936629654,0.7116126801069711,0.7150797665509769,0.7186547328327062,0.7225495548152707,0.7264443767978352,0.7303391987803997,0.7413414668109937,0.7528610469291137,0.7643806270472336,0.7732221267190726,0.7811788271056298,0.7891355274921871,0.7951427180546408,0.7992105935084209,0.8032784689622011,0.8106366352755254,0.8249071821377065,0.8391777289998877,0.853448275862069
224,0.0,0.018817279659116136,0.023345179153656286,0.026527408451606397,0.03943335575988593,0.05561785153621846,0.08679076026014769,0.11054421768707415,0.13506391567615927,0.18006279434850717,0.2341429644002825,0.27955917197265656,0.31901771697689885,0.34148164760409516,0.3734693877550995,0.42738282126036914,0.4696330455259013,0.4794610151752999,0.4876166424524893,0.49201175931433183,0.49704067006640146,0.5029008258821921,0.506245795021305,0.5075936308589368,0.510428347163041,0.5146403341556398,0.516483516483516,0.516483516483516,0.5179748822605957,0.521344471854675,0.5229913699301445,0.5242393660760999,0.5280174927113692,0.5334088360618963,0.5403063894317529,0.548329221798609,0.5539099832663407,0.5590939672572319,0.5691176613980505,0.5808379730296305,0.588491440532256,0.5955114188532551,0.5974293563579273,0.5988333520221267,0.60035882484862,0.6022875084099567,0.6063310159228514,0.6100453706419158,0.6113413666396389,0.612637362637362
225,0.0,0.07433630483064149,0.14867260966128298,0.22300891449192448,0.29734521932256597,0.32697760249616126,0.3277687458910165,0.3285598892858717,0.3531064439361379,0.3942817864651919,0.43545712899424593,0.4693634442542733,0.464198737943279,0.4590340316322847,0.4538693253212903,0.4685119721509819,0.4970197661791544,0.5255275602073268,0.5540353542354992,0.5825431482636717,0.6110509422918441,0.6311245008024481,0.6391491514308105,0.6471738020591729,0.6551984526875352,0.6632231033158976,0.67124775394426,0.6792724045726223,0.6872970552009847,0.695321705829347,0.7033463564577094,0.7113710070860718,0.7276796314239394,0.7474399114741014,0.7672001915242634,0.7869604715744253,0.8067207516245872,0.8264810316747492,0.8408198222608699,0.8393111821059417,0.8378025419510134,0.8369192024213858,0.8380680899239852,0.8392169774265844,0.8403658649291836,0.841514752431783,0.8426636399343822,0.8438125274369814,0.8449614149395808,0.84611030244218
226,0.0,0.13490050845059,0.1691387226624972,0.18738942690127908,0.20592620235867196,0.21236925143662466,0.2144661175969659,0.21834869804302098,0.2241445437951981,0.23585669546368132,0.25420665376997176,0.2725566120762622,0.29090657038255263,0.3079476812862455,0.32489184053048675,0.3418359997747279,0.3587801590189691,0.37572431826321034,0.3926684775074515,0.4212265516734543,0.4616686318059086,0.502110711938363,0.5425527920708174,0.5657923750053995,0.5820954671343885,0.5983985592633777,0.6149882257278543,0.6562232850442448,0.6974583443606354,0.738693403677026,0.7732762440250223,0.8003956191889652,0.8275149943529081,0.8361262255185103,0.8380860924347091,0.8400459593509079,0.8420058262671066,0.8439656931833054,0.8441839375245485,0.8442258150227581,0.8442676925209676,0.8448703015581693,0.8461630417202847,0.8474557818824,0.8487485220445152,0.848013758336828,0.8465927625501303,0.8451717667634325,0.8437507709767348,0.842329775190037
227,0.0,0.11128309525522014,0.13379620417967336,0.14778337852441795,0.16177055286916253,0.17338739849940085,0.1799936489658368,0.18659989943227276,0.19520432466305146,0.20655280475605176,0.21790128484905205,0.22846513243995692,0.23687475101769484,0.24528436959543273,0.2533394097656807,0.26124873777174124,0.2691580657778018,0.2809661310802762,0.29905783542638426,0.3171495397724924,0.34041145342330775,0.36914268376130893,0.39787391409931006,0.4307877398486902,0.46944524829849793,0.5081027567483056,0.548281200331687,0.5898111822513155,0.631341164170944,0.6613175487396098,0.6868751259994406,0.7124327032592715,0.7253628494245389,0.7339273284974916,0.7424918075704445,0.7578390264910458,0.7764782185026811,0.7951174105143163,0.795744110384877,0.7934782232035406,0.791212336022204,0.796769125281491,0.804418578928365,0.812068032575239,0.8062875982579197,0.800158569592024,0.7940295409261283,0.7949461788250037,0.7966369705301123,0.798327762235221
228,0.0,0.024298947179015023,0.04812489358302392,0.060840713666902684,0.07355653375078144,0.08454632889436303,0.08966129885668546,0.09477626881900789,0.10276527958418999,0.11486444728163608,0.12696361497908218,0.13712448664386595,0.1416677482719577,0.14621100990004943,0.1515008478565031,0.1572650780648601,0.16302930827321707,0.17360774447432142,0.19631465402673218,0.21902156357914299,0.2803029976250087,0.37214209602540516,0.4639811944258014,0.5591829392740469,0.6554286815394225,0.7516744238047979,0.8069754420626215,0.8520343489840286,0.8970932559054358,0.9195260791707716,0.9339595848318639,0.946147613605218,0.9371825781860501,0.9282175427668823,0.9192525073477145,0.9290059917167625,0.9400541149099733,0.9511022381031842,0.9484740525344073,0.939837563349756,0.9312010741651047,0.9374288127775304,0.9442548262100595,0.9510808396425886,0.9503559382203137,0.9478008825049052,0.9454358793219523,0.9454890868625775,0.9455422944032028,0.945595501943828
229,0.0,0.00534520718638215,0.011115216758464623,0.018527595091911275,0.02593997342535792,0.03276483525810748,0.0382229287411474,0.043681022224187314,0.0495776028024857,0.056989981135932385,0.06440235946937906,0.07098584642820993,0.07580390743397691,0.08062196843974388,0.0860235582248268,0.09261778440812683,0.0992120105914269,0.11309197922485885,0.1368914554371922,0.1606909316495256,0.2077835031928014,0.27615007559717886,0.3445166480015561,0.41758545575123557,0.4961114904673235,0.5746375251834115,0.6329812444655898,0.6617571263125932,0.6905330081595967,0.7208779821336777,0.7519727430107023,0.7830675038877271,0.7988979915149327,0.8079470173572932,0.8169960431996538,0.8283487523732266,0.8403215017678524,0.8522942511624781,0.8572123782571027,0.8603534448707238,0.8634945114843451,0.8616214343732254,0.8578169221902978,0.8540124100073704,0.8560416101060928,0.8613065829664096,0.8665715558267263,0.8596796135585579,0.8515666352500124,0.843453656941467
230,0.0,0.03196334254777211,0.05100428178943221,0.06482004074765836,0.0786357997058845,0.09085897217489047,0.1006400410883101,0.1104211100017297,0.1235507750225306,0.1374476058479626,0.1513444366733946,0.16071073196858643,0.16795062983237563,0.17519052769616478,0.18641294659220917,0.19849637345476923,0.21057980031732934,0.23538162097198947,0.26878605000650674,0.3021904790410241,0.34282377741048653,0.3872971375099598,0.43177049760943303,0.47856173661526136,0.5267691530637181,0.5749765695121749,0.6062461005492956,0.6295924103241672,0.6529387200990389,0.7034613151040104,0.7690681800429282,0.8346750449818463,0.8538169209340928,0.8673176692774789,0.8808184176208651,0.8843564364928378,0.8829080778380226,0.8814597191832074,0.8888866996938737,0.9017244612556633,0.9145622228174529,0.9145763277759629,0.9106378074004408,0.9066992870249185,0.9115809682026358,0.9174089845550003,0.9226466935797615,0.9241535978768304,0.9256605021738992,0.927167406470968
231,0.0,0.011637998109761773,0.02041730070728372,0.027446609555379507,0.03447591840347529,0.03876196176486229,0.0417310356232892,0.044700109481716106,0.0498852220474466,0.05691453089554238,0.06394383974363817,0.0703937387500574,0.07645921019999555,0.08252468164993368,0.09016495452880476,0.099021549526626,0.10787814452444726,0.1265488799417481,0.14918791702168557,0.1718269541016231,0.2222213572185846,0.28569095833230723,0.3491605594460297,0.42552422837400294,0.5160988278578498,0.6066734273416965,0.6435303476679823,0.6691881935878,0.6948460395076177,0.7222363094073406,0.7500705119014679,0.7779047143955954,0.7998540435194833,0.8189481189896762,0.8380421944598692,0.8462939185218067,0.8535484760186054,0.8602581304103859,0.858892686174887,0.857527241939388,0.8561617977038891,0.8572117524396389,0.858721707976434,0.8602316635132292,0.8574487261283286,0.8529102257141196,0.8495508999131082,0.8503106043604567,0.8510703088078053,0.851830013255154
232,0.0,0.012464400916257777,0.021840487077767923,0.028458163756869426,0.03507584043597093,0.04013366883293226,0.04284178524668675,0.04554990166044124,0.05266689504202423,0.06074486249554177,0.0688228299490593,0.07563726224380073,0.08188992755101253,0.0881425928582243,0.0957587169662743,0.10383668441979184,0.11191465187330939,0.12558350470474192,0.14270575690200563,0.15982800909926942,0.1796571329296544,0.20078449238558982,0.22191185184152515,0.25011390010565004,0.28224881862495865,0.3143837371442673,0.36239243530279047,0.41446238898321397,0.46653234266363747,0.5477369256722276,0.6426467862566047,0.7352043714861302,0.7578403004359398,0.7804762293857493,0.8031121583355589,0.8119228510559394,0.8207311111033961,0.829539371150853,0.8523667817093307,0.8772663494690647,0.9021659172287987,0.901016512333854,0.8948733664651727,0.8887302205964914,0.8991544785453413,0.9116156744215074,0.9240768702976735,0.9264392336635664,0.9256641315091547,0.924889029354743
233,0.0,0.01654579564958675,0.025789860942686177,0.030474010290268357,0.03515815963785054,0.040351355512158564,0.04580807700547261,0.05126479849878665,0.05672151999210078,0.06217824148541496,0.06763496297872913,0.07176967491682504,0.07545418871757827,0.07913870251833148,0.08651211443639602,0.09630196537866435,0.1060918163209327,0.1256687458078193,0.15304310507826366,0.18041746434870806,0.2055255801304662,0.23033251572865757,0.25513945132684884,0.2884120485980904,0.3312165186170847,0.37402098863607897,0.440441076420619,0.5127541704993354,0.5850672645780518,0.6435589518694531,0.699837551116634,0.7561161503638154,0.7864861768578685,0.807534937641209,0.8285836984245495,0.8433910045870382,0.8554065683933731,0.8674221321997081,0.8818202889987111,0.8967112794887094,0.9105924972782111,0.9084646103785889,0.9063367234789667,0.9042088365793444,0.9088774783679786,0.9141703117047293,0.91946314504148,0.9153784964502647,0.9098551216266124,0.90433174680296
234,0.0,0.004456449003273568,0.00767142595290777,0.009331828092208934,0.010992230231510096,0.012972989157836737,0.015162128653695105,0.017351268149553473,0.019683560181652914,0.02222905155220073,0.024774542922748544,0.02619624808698278,0.027027009325043306,0.027857770563103824,0.028123207024500448,0.028174723425474814,0.02822623982644918,0.03878970772427528,0.0520575811947478,0.06532545466522036,0.08363899963611211,0.10426312495590633,0.12488725027570048,0.15306840691640602,0.18675520242017768,0.22044199792394933,0.25088357347390783,0.28108563677827275,0.3112877000826377,0.37954602364964235,0.45578734839650753,0.5256793359478655,0.5684317253919986,0.6111841148361317,0.6534789230629631,0.6910600490576223,0.7286411750522817,0.7662223010469411,0.8055717190176443,0.8449464040959946,0.884321089174345,0.8826576283884094,0.8702563324840684,0.8583818681343585,0.8483133108955215,0.8382447536566844,0.8343920988250398,0.8455366740292263,0.8566812492334126,0.867825824437599
235,0.0,0.023338598024219382,0.03733380214408732,0.04778999534467287,0.05824618854525842,0.06655275275030773,0.07458778883203662,0.08279243399960315,0.09410404327409788,0.10541565254859261,0.11672726182308735,0.1194657147621038,0.12035304894183317,0.1236318798504084,0.1307972229118324,0.1379625659732564,0.14512790903468042,0.16635166526312475,0.19828814607212875,0.23022462688113285,0.2740748873016413,0.31903709731081764,0.36399930731999386,0.4147163192439422,0.4656768269643772,0.5166373346848122,0.547262214601421,0.575679096829246,0.604095979057071,0.6763614355618807,0.7624696470248409,0.8359441074184097,0.8510462892388714,0.8661484710593329,0.8812506528797944,0.8841851367399998,0.8849429166072939,0.8859404545866499,0.9015004564965042,0.9170604584063584,0.9326204603162127,0.9160556560036334,0.8906489282923951,0.8712653111339345,0.8833083301958637,0.895351349257793,0.9063259914961165,0.90994155187303,0.9135571122499435,0.917172672626857
236,0.0,0.01980224578367153,0.030638003249944434,0.035830183202154094,0.04102236315436375,0.046524291589747614,0.05227765547179662,0.05803101935384562,0.06287247478958716,0.06746592138310477,0.0720593679766224,0.07837808017263245,0.08506647417274545,0.09175486817285843,0.09787413653789148,0.10381453408263437,0.10975493162737728,0.12767589065395846,0.15076445675228053,0.17385302285060267,0.20144891564295647,0.22941884846985727,0.25738878129675796,0.28639036911514765,0.3159490641295898,0.345507759144032,0.3734561089072651,0.39961406584521836,0.42577202278317156,0.4847355951027201,0.5767407637966132,0.6687459324905068,0.7293477791753484,0.7564046774361421,0.7834615756969358,0.7912434990073728,0.786538435106051,0.7818333712047294,0.7888968675413545,0.8023072946219434,0.8157177217025323,0.8178897609975065,0.8120199812580825,0.8061502015186585,0.8081105350009559,0.820481815597699,0.832853096194442,0.8319060190882708,0.8240938571931143,0.816281695297958
237,0.0,0.013309288173769782,0.02235202651113694,0.028853683183839376,0.03502434406444236,0.039655254066066556,0.04428616406769076,0.048917074069314954,0.05471489035893267,0.060904851152260256,0.06709481194558783,0.07495150602475648,0.08320197504570065,0.09145244406664481,0.09731577044922911,0.10246646988996069,0.10969597089528288,0.131474188434618,0.1532524059739531,0.178687049425982,0.24725251572786497,0.3158179820297481,0.38440271274901544,0.45939842948832116,0.5343941462276269,0.6093898629669325,0.6450377490762982,0.6723153190268585,0.6995928889774189,0.7291988231148855,0.7588737915394627,0.7864868734363735,0.7984592655525903,0.8104316576688072,0.8224040497850241,0.8333243767063608,0.8437565799207178,0.8541887831350748,0.8558235226994835,0.8557715590386887,0.8554313527507599,0.8539142284459443,0.8523971041411288,0.8511212975483586,0.853265500315003,0.8554097030816474,0.8575539058482918,0.852542830097503,0.847016642319167,0.841490454540831
238,0.0,0.019416088786811277,0.027322518041115414,0.03273451004487436,0.03814650204863331,0.04473601200901889,0.05148074701487795,0.05822548202073701,0.06849834866709631,0.0794112673294381,0.09032418599177988,0.0946105117132461,0.09617471786074176,0.09773892400823742,0.10952721979158705,0.12283569353859534,0.13755385736627496,0.16224431185781152,0.186934766349348,0.21162522084088456,0.2482183233009487,0.2864434793423564,0.32466863538376406,0.37503913185960897,0.42801306971703396,0.4796675201141839,0.5087510762240501,0.5378346323339165,0.5669181884437829,0.6359145402557467,0.709032931438708,0.7821513226216698,0.8140225739959356,0.8427198417482048,0.871417109500474,0.8675984185750134,0.8630052332381671,0.858412047901321,0.8726081143489478,0.8878687183671887,0.9011696096204064,0.8969281153559443,0.8926866210914821,0.8949445249643866,0.9085976009788673,0.9222506769933481,0.925761214458544,0.9198419894720217,0.9139227644854994,0.908003539498977
239,0.0,0.03150926242677963,0.04177132431286546,0.04886453902327905,0.05595775373369263,0.06490990844643861,0.07475101253757387,0.08404689234907727,0.08195704533021433,0.0798671983113514,0.07777735129248847,0.08886998832384999,0.10067713177483809,0.11248427522582616,0.12331904219316776,0.1336517242287201,0.14398440626427245,0.16491048016602505,0.18784480778422424,0.2107791354024235,0.2473428885124271,0.2887896238673515,0.3302578464119756,0.3780990822040354,0.42594031799609516,0.47378155378815495,0.5085878443601565,0.541810433905373,0.5781445985183945,0.6579850334761868,0.7378254684339786,0.8176659033917708,0.848425659536021,0.8763637142712446,0.9043017690064682,0.906148867313915,0.906148867313915,0.9166310276693338,0.9428766193931437,0.9691222111169535,0.9953678028407634,0.993111942428255,0.9847476317570178,0.9763833210857807,0.984139350821946,0.9979118074200766,1.011684264018207,1.0078907596632871,1.0023272568542971,0.996763754045307
240,0.0,0.02116656636724508,0.03213237057769564,0.040167942521712276,0.0482035144657289,0.05163698620491388,0.05486702220840801,0.058097058211902135,0.06644739662745495,0.07505647399489247,0.08366555136232998,0.08512882091966278,0.08617308731537962,0.08721735371109646,0.09267392052295396,0.0989364484285819,0.10519897633420987,0.12302351934945088,0.14480618113940535,0.16658884292935988,0.19700198124853882,0.22814380159764405,0.2592856219467492,0.2924019479705639,0.325717200538034,0.3590324531055041,0.3884522549801488,0.4168981413334584,0.44934555515380126,0.5353282966316398,0.621311038109478,0.7072937795873165,0.741512814645491,0.7727519718866763,0.8039911291278616,0.7976737961408376,0.7840796707337515,0.7704855453266655,0.780930908781971,0.7996964219159282,0.8184619350498854,0.8211642019403154,0.8147781209235726,0.8102644765639764,0.8217401540462179,0.8332158315284595,0.8446396070707906,0.83709522887783,0.8295508506848694,0.822006472491909
241,0.0,0.06191630459443565,0.07440470809486582,0.0855355218356975,0.09666633557652916,0.10413237998460595,0.11145434794546276,0.11877631590631955,0.13383265290806684,0.15006277995020104,0.16629290699233523,0.18924052383971912,0.21538027898987339,0.2415200341400276,0.29191653210226515,0.34347854802537536,0.3950405639484858,0.46106072795243486,0.5382173831048441,0.6153740382572536,0.646596614438915,0.6739563511705448,0.7013160879021745,0.7408557830805462,0.7849293885936299,0.8290029941067137,0.865329209726523,0.8986152385023511,0.9319012672781793,0.9374153255799222,0.9397969695152305,0.9435320611349549,0.953391957020482,0.963251852906009,0.973111748791536,0.9624542664687056,0.9494854483689689,0.9365166302692323,0.9411280476558553,0.9476006597214,0.9540732717869447,0.9624954156341327,0.9711238208856148,0.979752226137097,0.9921307805910125,1.004908629622598,1.0108076008527578,1.0050475699320434,0.9992875390113292,0.993527508090615
242,0.0,0.006668163858884513,0.010517970686647303,0.011627468282454688,0.012736965878262074,0.017864790716102728,0.024899005473521692,0.031933220230940654,0.037076359013726794,0.04188431641344926,0.046565485838807284,0.05015259242947035,0.053739699020133425,0.055613713991533476,0.05441915491338079,0.053224595835228115,0.058570490185557295,0.07539004425505659,0.09220959832455584,0.1078605894471701,0.12318940823084527,0.1385182270145205,0.1577909628412972,0.1772491299497321,0.2020785501841851,0.24717458428286662,0.2922706183815479,0.33459602639450403,0.3737197903191371,0.41284355424377017,0.45848901339109294,0.514529102956699,0.5706327320177901,0.6278087635955858,0.6849847951733816,0.7421608267511771,0.7682694166120968,0.7907078959897049,0.8118408046420625,0.8143645895603189,0.8168883744785752,0.8162517033082647,0.8122774113395925,0.8083031193709204,0.8078657735300727,0.807790327693558,0.8077148818570432,0.8097389950123156,0.8119657249871698,0.814192454962024
243,0.0,0.00889817418604093,0.013269391742140656,0.013194074009092328,0.013118756276043999,0.018048635152694455,0.023408407885563743,0.028768180618433024,0.037740926579903133,0.04741583174328871,0.05646101453731382,0.05889942614475245,0.061337837752191086,0.06741366216346695,0.07851047483258304,0.08960728750169909,0.09842596708034733,0.10409631641126874,0.10976666574219011,0.11867660677831941,0.13078906766581339,0.1429015285533074,0.17138159750164642,0.20524162586517153,0.2400457257037008,0.2849218032358299,0.3297978807679587,0.37942484542456273,0.4431462447466262,0.5068676440686897,0.5609748833200662,0.6131851358691459,0.6653953884182255,0.7143363145374855,0.7600282068657157,0.8035018818722631,0.8229928898165174,0.8424838977607717,0.8619534089218666,0.8607289577760243,0.8595045066301821,0.8580143026168849,0.8536297345858591,0.8492451665548332,0.8499815343298898,0.8524199459373284,0.8546481489181827,0.8545728311851345,0.8544975134520862,0.854422195719038
244,0.0,0.011082667160764682,0.017206810305100764,0.01830877240287248,0.019410734500644195,0.021276122487311526,0.02355498010550326,0.025833837723694995,0.030939166770567034,0.03674871095001906,0.04255825512947109,0.04507306674836418,0.04742325136779361,0.05108788950386133,0.06042812024457418,0.069768350985287,0.07888355792928599,0.08756178493976179,0.09624001195023757,0.10886689234606188,0.1235341238634129,0.13820135538076395,0.15877734018949682,0.1858550677022555,0.21432993397042252,0.2521065051234485,0.2898830762764743,0.3278932064199944,0.37316798038419896,0.41844275434840345,0.46268097429257027,0.5059550258720635,0.5492290774515568,0.5939690480618339,0.6401608197857017,0.6863525915095693,0.7321039417288931,0.7777598056711412,0.8234156696133893,0.8495179857915317,0.8732016306873635,0.8914043639892537,0.8889043125245274,0.8864042610598011,0.8855069640572542,0.8866089261550258,0.8877108882527976,0.8896512029198795,0.8921578467678297,0.89466449061578
245,0.0,0.008453159851806207,0.013268879328274148,0.013193305388292682,0.013117731448311215,0.015906371851345948,0.019193838240541737,0.022481304629737527,0.027838392025190555,0.03352803007808428,0.03921766813097802,0.043015667170414426,0.046723513600757376,0.05001325360772869,0.05231159048834294,0.05460992736895718,0.0563312351193071,0.05740870357790065,0.05848617203649419,0.06319119063191697,0.07068245743258432,0.0781737242332517,0.08824990450274514,0.09858890706602226,0.10993909123933555,0.12331567861606316,0.1366922659927907,0.1545358664244766,0.180944235076765,0.2073526037290534,0.24089313442615293,0.2777149172405741,0.31453670005499523,0.3632818740013352,0.41543233811446006,0.46758280222758464,0.5469056430008016,0.6275430369610755,0.6988487134711013,0.7479576043453349,0.7970664952195687,0.815571117301536,0.8167184671176188,0.8178658169337015,0.8215366436058307,0.825496718060862,0.8294567925158934,0.8340903470342278,0.8392220613458754,0.844353775657523
246,0.0,0.024396486044231468,0.04882395160903172,0.07329193651567242,0.0973846187361938,0.12091746600995221,0.14445031328371064,0.16798316055746904,0.1947361173856332,0.22779223654564645,0.26084835570565973,0.28517900202289204,0.30273373063548736,0.3202884592480826,0.33784318786067785,0.3553979164732731,0.38945530808170825,0.428548039185482,0.46764077028925566,0.5067335013930294,0.5458262324968032,0.5849189636005769,0.6240116947043506,0.6482386234974249,0.6669035424453729,0.6855684613933208,0.7042333803412687,0.7228982992892167,0.7415632182371646,0.7602281371851126,0.785358084650893,0.8226694287068844,0.8599807727628758,0.8972921168188671,0.9346034608748585,0.9590362357001735,0.9721623759715994,0.9852885162430252,0.9977603279183235,0.989147395894977,0.9805344638716305,0.9790839301959966,0.9791328821956874,0.9791818341953782,0.979230786195069,0.9792797381947598,0.9793286901944506,0.9793776421941414,0.9794265941938322,0.979475546193523
247,0.0,0.149015235392832,0.1790400480040092,0.18976993389561633,0.19332606074354014,0.2135905110206991,0.24842073369615061,0.305277833661207,0.3893290275840802,0.4733802215069534,0.5158901281534138,0.5456965696343825,0.5755030111153512,0.6053094525963197,0.6350483442118937,0.6604794362678055,0.6859105283237174,0.7113416203796292,0.7367727124355411,0.7488905520218956,0.7476460792629315,0.7464016065039674,0.761119087177186,0.7859181602109369,0.8107172332446878,0.8356381142665085,0.8607658487372668,0.8858935832080254,0.8996142766373926,0.9007584252351576,0.9019025738329226,0.9030467224306877,0.9103765188478572,0.9184261320785254,0.9264757453091936,0.9311338486374949,0.9329512426344453,0.9345805346457444,0.9358603608148494,0.9371401869839542,0.9384200131530591,0.939699839322164,0.940979665491269,0.9422594916603739,0.9372586802490496,0.9322481416359109,0.927237603022772,0.9158699647793604,0.9044903849120273,0.893110805044694
248,0.0,0.16046272746586965,0.22128104350769692,0.22802273410113408,0.2266667204114306,0.22768095217177875,0.24010531952280717,0.2595033331444307,0.2939141993451164,0.32832506554580215,0.36645583959111894,0.4057595184201355,0.4450631972491521,0.48436687607816864,0.5236705549071852,0.5651797721507231,0.6067057908645972,0.6482318095784714,0.6897578282923454,0.7075620371469044,0.7076398005864016,0.7077175640258989,0.720845343183005,0.7501319221877928,0.7794185011925807,0.8008129451905439,0.804693426401179,0.808573907611814,0.810678020080436,0.8086280723860821,0.8065781246917283,0.8045281769973744,0.80659950454067,0.810339204056231,0.8140789035717921,0.8165947558665099,0.8182423007349433,0.8202217057206845,0.8240304685282072,0.8278392313357299,0.8316479941432526,0.8354567569507753,0.839265519758298,0.8429780787500957,0.8406128254465401,0.8382475721429847,0.8358823188394292,0.827459793150144,0.8182956873516699,0.809131581553196
249,0.0,0.10644338207677236,0.14510540530453245,0.184078652229319,0.2231306218897794,0.2620777805138982,0.2960740440260933,0.33007030753828825,0.3681330162857374,0.40736367107747556,0.4465943258692137,0.47229249348944263,0.48906214456119734,0.505831795632952,0.5226014467047067,0.5393710977764612,0.5574172059894816,0.5777465475946111,0.5980758891997404,0.6184052308048699,0.6387345724099992,0.657568884607516,0.6716327693224927,0.6856966540374695,0.6997605387524463,0.7441487331067337,0.794585700064445,0.8450226670221566,0.8856314035379284,0.8962087058790638,0.9067860082201991,0.9170126647941957,0.9261206964547378,0.9352287281152798,0.9400423984620404,0.9422748211614081,0.9446914696102032,0.9471219845958556,0.9495524995815081,0.9499175794183068,0.9497704984046103,0.9496234173909136,0.949476336377217,0.9493292553635203,0.9491821743498237,0.9471193976008337,0.9424109179403153,0.9377024382797968,0.9329939586192785,0.92828547895876
250,0.0,0.3385707453293885,0.33842323557727033,0.3533135440819893,0.37370214534018237,0.39409074659837545,0.455530540638272,0.5176646790321805,0.5826062818149571,0.6495158188567961,0.7164253558986352,0.7479708660440832,0.7470268890638264,0.7460829120835696,0.7451389351033126,0.7441949581230558,0.7544672662927951,0.7779861413866104,0.8015050164804255,0.8250238915742407,0.8485427666680558,0.8630471777411473,0.8605974133914599,0.8581476490417727,0.8556978846920853,0.8610020016104292,0.8677365665936695,0.8744711315769098,0.8789428207318581,0.8787953109797392,0.8786478012276203,0.8785002914755013,0.8863522733153246,0.8959271849929704,0.9055020966706161,0.9150770083482619,0.923127861528594,0.9268560647250748,0.9326632629712511,0.9479487023751781,0.9632341417791053,0.9785195811830324,0.9782355948450127,0.9736443218910089,0.9690530489370053,0.9649956155858743,0.9638773455124562,0.9627590754390382,0.96164080536562,0.960522535292202
251,0.0,0.44812231998547875,0.4917566041418234,0.5232025445517743,0.5476108547507352,0.5720191649496962,0.6106360032268469,0.6519152522313344,0.6605829996908315,0.6553224948679827,0.650061990045134,0.6563490194605239,0.6721818509526217,0.6880146824447195,0.7038475139368173,0.7196803454289151,0.7358878594564893,0.7532319246033278,0.7705759897501662,0.7879200548970046,0.805264120043843,0.8226081851906815,0.8199414911784632,0.8161152714867947,0.8122890517951262,0.8223368466223626,0.8395730267178901,0.8568092068134179,0.8740453869089455,0.8748215173888161,0.874676023653028,0.87453052991724,0.8816406250893948,0.8953409050763288,0.9090411850632628,0.9227414650501967,0.9340219399802777,0.9321737357615744,0.9303255315428711,0.9395687658896938,0.9518051265784458,0.9640414872671977,0.9762778479559497,0.9675431794652513,0.9419206659642528,0.923655778599761,0.919792325263246,0.915928871926731,0.912065418590216,0.908201965253701
252,0.0,0.0409979107527495,0.081995821505499,0.10746563635144438,0.1477165545871288,0.16468835710383206,0.18166015962053536,0.19863196213723863,0.2156037646539419,0.24038296364757675,0.268324977362246,0.2962669910769152,0.32420900479158377,0.3521510185062523,0.38009303222092095,0.4116337460140129,0.44695587932821285,0.48227801264241277,0.5226088273009266,0.5792890777739569,0.635969328246987,0.6926214512508515,0.7338225617275571,0.7750236722042629,0.8162247826809687,0.8477085233023611,0.8677447876277,0.8877810519530389,0.9078173162783778,0.9309912781007544,0.9545366301578182,0.9679192717389292,0.9719207739421483,0.9759222761453673,0.9799237783485863,0.9829010181191149,0.9853007715083079,0.9877005248975007,0.9901002782866937,0.990683229813664,0.990683229813664,0.9907332275241639,0.9914756406908671,0.9922180538575704,0.9929604670242738,0.9937028801909771,0.9944958033842451,0.9952953389021261,0.9960948744200071,0.996894409937888
253,0.0,0.08668606122822231,0.17337212245644462,0.26005818368466693,0.34674424491288924,0.43343030614111155,0.4478916450464974,0.4594161870348599,0.4709407290232224,0.48246527101158493,0.49425975814901973,0.5063296858028142,0.5183996134566088,0.5304695411104033,0.5423043265449712,0.5461863096880137,0.5500682928310563,0.5539502759740987,0.5578322591171413,0.5643754385031973,0.5729537202773566,0.5815320020515159,0.5901102838256751,0.5986885655998344,0.6054960024013935,0.6122814341940005,0.6190668659866074,0.6258522977792145,0.6342235478884714,0.6434921229486922,0.652760698008913,0.6620292730691338,0.6704481406558285,0.6776071435453228,0.684766146434817,0.6919251493243113,0.6998548614300727,0.7097428375873073,0.7196308137445419,0.7295187899017764,0.739406766059011,0.7534395086517549,0.7683988434099264,0.7833581781680979,0.7983175129262694,0.8115338495381742,0.8190764867912771,0.8266191240443801,0.834161761297483,0.841704398550586
254,0.0,0.072678167528047,0.12576789457117762,0.13375270335309478,0.14173751213501193,0.14972232091692908,0.15770712969884623,0.16569193848076338,0.17367674726268054,0.1816615560445977,0.18964636482651484,0.2035640748502936,0.21767695659688618,0.23178983834347872,0.2459027200900713,0.26001560183666383,0.2741284835832564,0.288241365329849,0.30235424707644154,0.31646712882303407,0.3360056661553583,0.3733544062030295,0.4107031462507006,0.44805188629837184,0.48540062634604303,0.5227493663937143,0.5600981064413852,0.5974468464890564,0.6347955865367277,0.6721443265843989,0.6979765840379891,0.7185589750911661,0.7391413661443429,0.7597237571975198,0.7803061482506967,0.8008885393038735,0.8214709303570503,0.8420533214102272,0.8626357124634041,0.8832181035165808,0.8928178771553408,0.8973382830542028,0.9018586889530648,0.9063790948519268,0.9108995007507888,0.9154199066496509,0.9199403125485129,0.9244607184473749,0.9289811243462369,0.933501530245099
255,0.0,0.13207258383992357,0.20950773666728312,0.22307519780560328,0.23664265894392345,0.2502101200822436,0.2637775812205638,0.2773450423588839,0.29091250349720404,0.30447996463552424,0.31804742577384437,0.34087526201302587,0.3652994038151432,0.3897235456172605,0.41414768741937785,0.4385718292214952,0.4629959710236125,0.4874201128257299,0.5118442546278472,0.5362683964299645,0.5599690391661212,0.5809259457581456,0.6018828523501699,0.6228397589421943,0.6437966655342188,0.6647535721262432,0.6857104787182675,0.7066673853102919,0.7276242919023164,0.7485811984943408,0.7690526488754748,0.7882475307552913,0.8074424126351079,0.8266372945149245,0.8458321763947411,0.8650270582745575,0.884221940154374,0.9034168220341907,0.9226117039140073,0.9418065857938237,0.94999902980478,0.9514637640725601,0.95292849834034,0.95439323260812,0.9558579668759,0.95732270114368,0.9587874354114599,0.96025216967924,0.9617169039470199,0.9631816382148
256,0.0,0.17265585075204185,0.32402583191797657,0.33911602416921094,0.35420621642044536,0.36929640867167973,0.3843866009229141,0.3994767931741485,0.4145669854253829,0.42965717767661726,0.44503342046370353,0.4612852287658643,0.477537037068025,0.49378884537018575,0.5100406536723465,0.5262924619745072,0.542544270276668,0.5587960785788287,0.5750478868809894,0.5912996951831502,0.6101033380454735,0.6311839604614018,0.65226458287733,0.6733452052932583,0.6944258277091866,0.7155064501251148,0.736587072541043,0.7576676949569714,0.7787483173728996,0.799828939788828,0.8187321701898397,0.8331772665043956,0.8476223628189515,0.8620674591335075,0.8765125554480634,0.8909576517626193,0.9054027480771752,0.9198478443917312,0.9342929407062871,0.948738037020843,0.9529225679741843,0.9548238141860992,0.9567250603980141,0.9586263066099289,0.9605275528218438,0.9624287990337586,0.9643300452456735,0.9662312914575883,0.9681325376695031,0.970033783881418
257,0.0,0.02508049015533617,0.05016098031067234,0.07524147046600851,0.11937912176384485,0.16655571686649542,0.23879159346215714,0.30725386045867464,0.32606541613530216,0.3448769718119296,0.36368852748855707,0.3825000831651845,0.40131163884181204,0.42012319451843944,0.43893475019506695,0.4577463058716944,0.47655786154832186,0.49536941722494937,0.5141809729015768,0.5291572911122447,0.5418687153787225,0.5545801396452001,0.5672915639116779,0.5800029881781557,0.5927144124446333,0.605425836711111,0.6181372609775887,0.6308486852440665,0.6435601095105442,0.6562715337770219,0.6689829580434996,0.6816943823099773,0.694405806576455,0.7071172308429328,0.7205000435306598,0.7348073266031148,0.7491146096755699,0.763421892748025,0.7777291758204801,0.7920364588929351,0.8063437419653902,0.8206510250378453,0.8349583081103004,0.8492655911827555,0.8635728742552105,0.8778801573276656,0.8921874404001207,0.9064947234725758,0.9208020065450309,0.935109289617486
258,0.0,0.07448812312294988,0.1451994552885869,0.16091547479659996,0.17663149430461303,0.19234751381262608,0.20291355002998349,0.21177291535662363,0.22063228068326374,0.22949164600990388,0.23835101133654402,0.24721037666318416,0.2560697419898243,0.264425434209853,0.27236315946490686,0.2803008847199607,0.28823860997501455,0.2961763352300685,0.3041140604851223,0.31205178574017617,0.31998951099523004,0.3279272362502839,0.3358649615053378,0.34380268676039166,0.35174041201544554,0.3605600615405996,0.3703530083730708,0.38014595520554206,0.3899389020380133,0.3997318488704845,0.4095247957029557,0.4193177425354269,0.4291106893678982,0.43890363620036943,0.44869658303284066,0.45848952986531183,0.4682824766977831,0.4786517336806027,0.4901576967731769,0.501663659865751,0.5131696229583252,0.5246755860508995,0.5361815491434736,0.5476875122360478,0.559193475328622,0.5706994384211962,0.5822054015137704,0.5937113646063447,0.6052173276989188,0.616723290791493
259,0.0,0.03104059723527586,0.08513425161604617,0.1402354661112336,0.1886290994605359,0.23702273280983824,0.26320482582989474,0.2854931916057054,0.3077815573815161,0.33006992315732675,0.3523582889331374,0.3884236327503998,0.4271426061112043,0.4658615794720087,0.5045805528328131,0.5406055675755052,0.5481823238175192,0.5557590800595332,0.5633358363015472,0.5709125925435612,0.5784893487855752,0.5904012287558723,0.602896855833379,0.6153924829108859,0.6278881099883926,0.6414690894544383,0.6578205452156515,0.6741720009768649,0.6905234567380782,0.7068749124992917,0.72291240545419,0.738604554273169,0.7542967030921479,0.7699888519111269,0.7856810007301059,0.7988864060122224,0.809268696899676,0.8196509877871294,0.830033278674583,0.8404155695620364,0.8508332772891585,0.86125971925778,0.8716861612264016,0.8821126031950232,0.8925390451636447,0.8982746975028894,0.903281335848777,0.9082879741946647,0.9132946125405523,0.91830125088644
260,0.0,0.09925421765463271,0.22796558870808054,0.293493453131759,0.35123468507211775,0.3893769674331219,0.42743104009139943,0.4644789429085712,0.5012419856444098,0.5359653696625433,0.5705180772601236,0.60011883098526,0.6297195847103965,0.6385180472242064,0.6494538758529838,0.671213226240274,0.6929725766275644,0.7183499338343318,0.7420453083944673,0.7610809793181309,0.7895699159145024,0.8212791578167565,0.8391944513080286,0.8446407826603263,0.8513008545548082,0.8589182317908174,0.8657426564213069,0.8720238592154258,0.8886138279122598,0.9064828016180928,0.921674071133719,0.9206146703353357,0.921332783182335,0.9305113630375912,0.9390862530453442,0.9404652011195014,0.9448865638114292,0.9521838739395737,0.9576302052918715,0.9630765366441691,0.9671800971784839,0.9682880405663995,0.9693959839543153,0.9705039273422309,0.9742560708246824,0.9824164026164554,0.9890686164402592,0.9947320139508379,0.9947561312055054,0.994780248460173
261,0.0,0.10600225388935981,0.18235008461441024,0.20479046656543104,0.2251503189523275,0.24138517513763547,0.24714355424422116,0.2515839977250912,0.25839414764735763,0.26784311483470846,0.2782543052754742,0.28812959010837397,0.28815577345059656,0.29753784802144956,0.32079154612503147,0.3475965116811452,0.3783253889538968,0.4130245221687708,0.4496838966244859,0.49075550695375064,0.532514894682533,0.5857215244769881,0.6413354676426469,0.6932705525987726,0.7243552213039297,0.7310045610291593,0.752112412696457,0.7859613265260745,0.8182940914042969,0.8498544313821631,0.8623565415073988,0.8748586516326345,0.8830893894138742,0.8931421262411338,0.9057929858493188,0.9141864593196005,0.9206608772272598,0.9253337806233586,0.9300066840194573,0.9377959882990524,0.9456053249432776,0.9456315082855002,0.9495209632306476,0.9601492871706041,0.9677792117287167,0.9729991311150935,0.9797038583289468,0.987883124343931,0.9905165655878753,0.992749290588313
262,0.0,0.14474581924353452,0.2026454952987211,0.22504670419241246,0.23233675847029042,0.21822768412386473,0.22619906804156995,0.22064974693114275,0.2265445597459827,0.23134844128705004,0.2320529167950671,0.22340133984957466,0.22220799028224078,0.2164289426980315,0.21406733654782154,0.21964241406330384,0.22428686429708583,0.21986491541470407,0.2181758469390319,0.21911123972245258,0.22038545942804058,0.22042416759152167,0.22046287575500226,0.2236564787628052,0.2248046844060576,0.2248433925695384,0.2241602878599604,0.21930919126784015,0.2244065711231597,0.23629920809993113,0.2507462652952517,0.2641275526483083,0.2724276194236694,0.2909101232411146,0.3212158248472513,0.35722779674680355,0.39282324230293736,0.42884033479354294,0.484141012926181,0.5537094558352393,0.605537887341161,0.6332504607079461,0.659793895104596,0.7291738642631861,0.7914356474733651,0.8547995221633337,0.9065939395347546,0.9458672214984963,0.973222571323896,0.993363006829966
263,0.0,0.0365521148557485,0.073104229711497,0.1096563445672455,0.13818736027013817,0.16507587816432712,0.1919643960585161,0.2185488303517218,0.24176790581953755,0.2649869812873533,0.28662657712277645,0.30654998832147434,0.3264733995201723,0.346337692164547,0.3653610585014013,0.3843844248382556,0.40340779117510983,0.42335814513574466,0.4442709976961997,0.4651838502566549,0.48558445690575264,0.5043498185523382,0.5231151801989237,0.5417076789896611,0.5593299281303835,0.5769521772711059,0.5945744264118282,0.6109810123362011,0.6264991914291442,0.6420173705220875,0.6590382827205566,0.67909106883536,0.6991438549501634,0.7170597391735992,0.733349744513085,0.7496397498525706,0.7661126376345289,0.7829728746949911,0.7998331117554532,0.8166933488159153,0.8369782989330392,0.859685179426097,0.8812579383376945,0.8961583778237089,0.9110588173097233,0.9259592567957378,0.9412717364007267,0.9608478242671508,0.9804239121335749,0.999999999999999
264,0.0,0.139275766016713,0.1705124306333625,0.1736389471552033,0.172701949860724,0.1748244873696763,0.178272980501392,0.178272980501392,0.178272980501392,0.178272980501392,0.176595473616827,0.17446582112111805,0.17282100672380493,0.16998912462261292,0.169916434540389,0.17418010336107798,0.16955090488965605,0.17442382170733053,0.17201187916924884,0.17744714593632843,0.1794209219684172,0.178272980501392,0.18159404956359543,0.18816758406865472,0.18839970981819668,0.18714656984953534,0.18508349803344404,0.18801683382277018,0.19285072760561525,0.19423539032677753,0.19717539959151983,0.20195705946687803,0.20643350381280678,0.20882493902388757,0.21614686141401815,0.22490458830468577,0.2353930850470924,0.2492214690081082,0.26960211234798725,0.3582251114782805,0.4337607946461202,0.49537842258927317,0.5863699535007229,0.6851737932240449,0.7983665924184089,0.8688798811277804,0.9393931698371518,0.9391831620270668,0.9605201541655762,0.997214484679665
265,0.0,0.027673391471215093,0.05534678294243019,0.07008386241938767,0.08315474975352903,0.09557895338234278,0.10800315701115654,0.11503988127990968,0.12116324191854387,0.12728660255717805,0.13340996319581225,0.13953332383444644,0.14714682746194907,0.15833677596810272,0.16952672447425637,0.18071667298041003,0.19190662148656368,0.20482971515987078,0.22542882311190338,0.246027931063936,0.26662703901596857,0.28722614696800125,0.3078252549200338,0.3444763902041395,0.38188138761024326,0.4192863850163471,0.45669138242245066,0.4940963798285544,0.5373840772412137,0.5973706536521757,0.6573572300631374,0.7173438064740995,0.7773303828850614,0.8298072835554307,0.8580148220265176,0.8862223604976045,0.9144298989686915,0.9426374374397786,0.9708449759108655,0.9775439315905118,0.9780049380486107,0.9784659445067095,0.9789269509648083,0.9793879574229072,0.9803610804848933,0.9819738067736977,0.983586533062502,0.9851992593513064,0.9868119856401106,0.988424711928915
266,0.0,0.02224166302499539,0.04448332604999078,0.06672498907498618,0.07894938523894511,0.08457788965930536,0.09020639407966562,0.09583489850002587,0.10146340292038612,0.1073138401526385,0.11587985711330151,0.12444587407396451,0.13301189103462752,0.1415779079952905,0.15014392495595352,0.1602104428283265,0.17285120358634498,0.1854919643443635,0.19813272510238195,0.21077348586040046,0.22341424661841894,0.24194486715049598,0.26251592257971873,0.28308697800894156,0.30365803343816433,0.32422908886738716,0.3452020728577138,0.3890177112090627,0.43283334956041164,0.4766489879117606,0.5204646262631093,0.5642802646144582,0.6080959029658071,0.651911541317156,0.695727179668505,0.7353055613286587,0.7616949427093641,0.7880843240900695,0.8144737054707749,0.8408630868514801,0.8672524682321856,0.879238025462657,0.8846110500576027,0.8899840746525483,0.8953570992474938,0.9007301238424396,0.9061031484373852,0.9114761730323307,0.9168491976272765,0.922222222222222
267,0.0,0.16929715383796784,0.16855458170712656,0.2608703160555047,0.3531860504038828,0.40948493687353466,0.4472021068039859,0.48491927673443713,0.5226364466648884,0.5603536165953396,0.5980707865257908,0.6220044254489687,0.6451946802892315,0.6683849351294942,0.691575189969757,0.7120761252584427,0.7312646151506723,0.7504531050429021,0.7653840432853022,0.7799637250845775,0.7935979302374996,0.8028307087711578,0.812063487304816,0.8212962658384743,0.8305290443721325,0.8397618229057907,0.8489946014394489,0.8588619088293528,0.8692130496093472,0.8795641903893415,0.8879794069743168,0.8945824557774045,0.9011855045804922,0.9077885533835799,0.9143916021866676,0.9209946509897553,0.927597699792843,0.9342007485959307,0.9408037973990184,0.9474068462021061,0.9529536619616119,0.9579461266799214,0.9629385913982309,0.9679310561165403,0.9729235208348498,0.9779159855531592,0.9829084502714687,0.9879009149897782,0.9928933797080876,0.997885844426397
268,0.0,0.09456446357884198,0.1738203058772158,0.22111395423227764,0.2684076025873394,0.3172235787708056,0.3677876239722488,0.41835166917369193,0.4689157143751351,0.5194797595765782,0.5700438047780214,0.5913092550368968,0.6110680394548992,0.6308268238729016,0.650585608290904,0.6731830338275191,0.6978891925806036,0.722595351333688,0.7357923952971981,0.748065405552521,0.7609372891000454,0.7765518380693992,0.792166387038753,0.8077809360081069,0.8233954849774606,0.8390100339468145,0.8546245829161683,0.868775221263799,0.8751307084126174,0.8814861955614358,0.8880793137361239,0.8948962576189741,0.9017132015018242,0.9085301453846744,0.9153470892675246,0.9221640331503748,0.9289809770332249,0.935797920916075,0.9426148647989252,0.9494318086817753,0.9531965749406933,0.9553431752298569,0.9574897755190206,0.9596363758081842,0.9617829760973479,0.9639295763865114,0.9660761766756751,0.9682227769648387,0.9703693772540024,0.972515977543166
269,0.0,0.08742834685438511,0.157727871979249,0.19358315051408534,0.22943842904892167,0.2702877684883699,0.3190303444278036,0.36777292036723724,0.4165154963066709,0.4652580722461046,0.5120460248461257,0.54136107800325,0.5706761311603742,0.5999911843174983,0.6293062374746226,0.652771586644398,0.6728874460346893,0.6930033054249807,0.709763439807977,0.7242356895056834,0.7396438401522115,0.7576573322772502,0.7756708244022888,0.7936843165273275,0.8116978086523662,0.8297113007774048,0.8477247929024434,0.8609381906204403,0.8688147599209335,0.8766913292214267,0.8843278349331329,0.8917575733691271,0.8991873118051213,0.9066170502411155,0.9140467886771096,0.9214765271131038,0.928906265549098,0.9363360039850922,0.9437657424210864,0.9511954808570805,0.9556751746946779,0.9598944559405223,0.9641137371863666,0.968333018432211,0.9725522996780553,0.9767715809238997,0.980990862169744,0.9852101434155883,0.9894294246614327,0.993648705907277
270,0.0,0.09601635515558062,0.17201654377598954,0.20685434271718162,0.2416921416583737,0.28232481512939933,0.329273202287159,0.3762215894449186,0.4231699766026783,0.4701183637604379,0.5157865650902835,0.5466725946607636,0.5775586242312435,0.6084446538017234,0.6393306833722034,0.6647852975762079,0.6897033714343755,0.7076395998651226,0.713646769902973,0.7196539399408235,0.7280002805591044,0.7444257399696251,0.7608511993801458,0.7772766587906664,0.7937021182011872,0.810127577611708,0.8265530370222286,0.8390722629109372,0.846214561829717,0.8533568607484968,0.8609036953629429,0.8688911383497177,0.8768785813364923,0.8848660243232671,0.8928534673100419,0.9008409102968166,0.9088283532835914,0.9168157962703661,0.9248032392571408,0.9327906822439156,0.939336631841599,0.9453717971473362,0.9514069624530734,0.9574421277588107,0.9634772930645479,0.9695124583702851,0.9755476236760223,0.9815827889817595,0.9876179542874968,0.993653119593234
271,0.0,0.002067875800397671,0.004135751600795342,0.006203627401193014,0.008271503201590685,0.010339379001988357,0.012407254802386029,0.0144751306027837,0.01693889117592585,0.020189018260979397,0.023439145346032943,0.026689272431086486,0.02974690326385015,0.03274492134736985,0.035742939430889555,0.03874095751440925,0.07952195459441228,0.12558629514795777,0.17165063570150316,0.22493993048654756,0.31411184212138465,0.40328375375622194,0.49245566539105906,0.5570606498617574,0.5882469209846024,0.6194331921074473,0.6506194632302921,0.6762615429534847,0.6998071673331959,0.723352791712907,0.7468984160926181,0.7757252259691368,0.8079062874956519,0.8400873490221668,0.8722684105486818,0.8812875815414614,0.8880924018667224,0.8948972221919835,0.9014959465938585,0.899495510715758,0.8974950748376573,0.8954946389595568,0.8968322676338296,0.9007825574123479,0.9047328471908662,0.9086831369693845,0.9100647497471964,0.9102036650059127,0.9103425802646288,0.910481495523345
272,0.0,0.09225249002390383,0.33916356938153464,0.38912116811579867,0.4266975649688304,0.4250245738172599,0.437412876912948,0.45940708913806905,0.48140130136319015,0.5033955135883112,0.5253897258134324,0.5473839380385535,0.5693781502636746,0.5778643971935548,0.5798660169661952,0.5818676367388357,0.583869256511476,0.5858708762841165,0.587872496056757,0.5898741158293974,0.5918757356020378,0.5938773553746782,0.5958789751473187,0.5978805949199592,0.5998822146925995,0.6052496131708637,0.6171113759575573,0.6289731387442511,0.6408349015309448,0.6558400942726516,0.6712913946393346,0.6867426950060178,0.7021939953727009,0.7176452957393841,0.7330965961060673,0.7485478964727502,0.7639991968394334,0.7794504972061166,0.7949017975727997,0.8103530979394827,0.8258043983061659,0.841255698672849,0.8567069990395322,0.8721582994062153,0.8859001591006299,0.8968732235072595,0.9078462879138892,0.9188193523205188,0.9297924167271484,0.940765481133778
273,0.0,0.24250141417385906,0.48500282834771813,0.6054466160027626,0.6609423088129325,0.7088490634879802,0.7277865062433796,0.7467239489987789,0.7657603991523483,0.7849089172544844,0.7997165450330712,0.8104028605978602,0.8210891761626491,0.8317754917274379,0.8424618072922266,0.8526649789045244,0.8597385314812838,0.866812084058043,0.8739613994493958,0.8812896981342847,0.8865167227835482,0.8876886571886217,0.888860591593695,0.8937042258925988,0.8985699788655618,0.9009856633273501,0.902062884435811,0.9033901940189679,0.9068769213932523,0.9103636487675365,0.911514644161167,0.9114553057102771,0.9113959672593873,0.9113366288084978,0.9112772903576083,0.9112179519067184,0.9111586134558284,0.9110992750049385,0.9110399365540487,0.9109805981031589,0.9109212596522692,0.9108619212013797,0.9108025827504899,0.9107432442996002,0.9107814548727664,0.9118586759812273,0.9129358970896881,0.9127790096147423,0.9115831116045017,0.910387213594261
274,0.0,0.24127014131789573,0.48254028263579146,0.5971559471340588,0.6443774863521561,0.6869369989098781,0.711700121235206,0.7364632435605339,0.7545044516866564,0.7704516603632878,0.7856604876244118,0.7998291910646524,0.8139978945048932,0.8244710208061214,0.8338678578890287,0.8432646949719362,0.8526615320548437,0.8620583691377512,0.8704100251424473,0.8786248402836303,0.8851287077188201,0.8894472283113547,0.8937657489038894,0.8956147664345255,0.8968402344420322,0.8985619775840938,0.9006915686549165,0.9028211597257393,0.9054025576067503,0.9080296326597803,0.9095559126917009,0.9107278470967739,0.9108702480498637,0.9095261031405776,0.9085393314783634,0.9094332365288647,0.910327141579366,0.9112708622946106,0.9125547305956805,0.9138385988967505,0.9113033677606546,0.9086744163929721,0.907912409340085,0.9078530708891951,0.9080050886570933,0.9104082959181302,0.912811503179167,0.9133960639064456,0.9133367254555558,0.913277387004666
275,0.0,0.13970515520390694,0.2794103104078139,0.3432688226066937,0.38130287458670303,0.40764808505157635,0.41601502658707745,0.4243819681225785,0.44034203023338725,0.46039069573090025,0.4775206892345966,0.4916611118296467,0.5058015344246969,0.5139372784446652,0.5209967121540054,0.5280697360204478,0.537394195913491,0.5467186558065342,0.5588103437528732,0.5713903660615587,0.5778529950875807,0.5827090359787613,0.587565076869942,0.5942637507680828,0.6012825064561653,0.609228155234642,0.6185526151276849,0.6268877670537153,0.6321906498450821,0.6375639102357283,0.6436487663524216,0.6497336224691149,0.6563625979676643,0.6631847432196639,0.6700068884716636,0.67458381034031,0.6785923924552754,0.6826009745702407,0.685172384508053,0.6876776484460798,0.691205791777359,0.6951681488681668,0.6993202648192539,0.7036301656102071,0.7079400664011601,0.7093008106508845,0.7103338708404718,0.7114151813206533,0.7126382032842327,0.713861225247812
276,0.0,0.16757864968446792,0.33515729936893585,0.38033313017264864,0.3828333835827992,0.39410065780535153,0.41475337339553786,0.43540608898572414,0.4535203453900526,0.4711207931880868,0.48781770680430453,0.5030199441942191,0.5182221815841337,0.5340966082094082,0.5502254268933687,0.561979980488113,0.5723646984364972,0.5827494163848813,0.5920679708128346,0.6009666116754785,0.6085683716344668,0.6146410580389259,0.6209644227493895,0.6294898243439713,0.6380152259385532,0.6448427559815417,0.6510906363281528,0.6573385166747638,0.6613021412276231,0.6652565736042498,0.6761053296588504,0.688309804038615,0.696654394250014,0.7007999472908056,0.7049455003315972,0.7068191105554424,0.7078501046246506,0.7093436013387363,0.7162922574539539,0.7231984706813827,0.7274997516707534,0.7318010326601243,0.7359758077426427,0.7399302401192699,0.7437327462498337,0.7469439315991503,0.7501551169484669,0.7521836149053523,0.7532565357299471,0.754329456554542
277,0.0,0.23900140055349026,0.34380977466712126,0.43412834580142873,0.5095180048054373,0.5799190427023303,0.6318067959330982,0.683694549163866,0.7166927845607473,0.7482171034644414,0.7732497598618381,0.7946177165878757,0.8147043936291964,0.832399203225623,0.8500940128220497,0.8506114461746441,0.8507058301282138,0.8538898961072083,0.8580306791259211,0.8658558296024338,0.8778359803035416,0.8898161310046494,0.8933557214316781,0.8962823030135773,0.8993582865045745,0.9025996378589876,0.9087390276347961,0.9230075574425732,0.9372760872503503,0.9322826564251934,0.926716586027894,0.9271540724935841,0.9333190614449018,0.9385841053226084,0.9406315883528317,0.942679071383055,0.9467528853887321,0.9512050410189568,0.9556101052747686,0.9599962108419516,0.9643749009290367,0.9680097373283479,0.9719865388852497,0.9834176061462719,0.9948486734072941,1.0002312759919265,1.0013744687784665,1.0032244027599675,1.0062486697754287,1.00927293679089
278,0.0,0.1901818461210049,0.2732211760761754,0.35721649322222065,0.44192924478254025,0.5108056404949775,0.553592235559229,0.5948347498969554,0.6213927503872065,0.6479507508774577,0.662132647014891,0.671688610202594,0.6816046334600446,0.6924667700156416,0.7033289065712386,0.7101515184333284,0.7165520470675891,0.721191917675525,0.7250692704205413,0.7323928809084314,0.750371301764771,0.7678445654665522,0.7728311172916885,0.7778176691168249,0.7847646679518632,0.7926883065640464,0.8026573272709091,0.8174759678068411,0.8308725805899188,0.8299891882459355,0.8291057959019522,0.8363980201075546,0.8469009311831507,0.8561970832329028,0.862162507254656,0.8681279312764092,0.8754235975577788,0.8828757568308307,0.8959175011903434,0.9115019992844782,0.9270864973786129,0.9484384875888775,0.9696030683070413,0.9833688111794288,0.9971345540518162,1.0035229737430296,1.008346395436071,1.012502786484343,1.0155320639253014,1.01856134136626
279,0.0,0.10309816817901553,0.20619633635803106,0.2855791401191722,0.33897008993571925,0.3923610397522663,0.4457519895688135,0.4991429393853606,0.5237881406573615,0.5420818327938007,0.5582527242434666,0.5724973933557727,0.5871021942168275,0.6029211640338575,0.6185693778611967,0.623376768938531,0.6281841600158653,0.6350242346271924,0.64349994250198,0.653613768102261,0.6669140518119501,0.6802143355216392,0.6863383785167959,0.6914825637741899,0.7181895536561322,0.7603431769283391,0.7965099177024374,0.8102299102034137,0.8239499027043901,0.826099290107882,0.8282129976486309,0.836571845609691,0.8476183810407697,0.8578641233714588,0.8638097213389877,0.8697553193065165,0.8760382471409076,0.8824175036531361,0.8934659128990369,0.9081398964510228,0.9228138800030088,0.9442114641240692,0.9667257480568513,0.9788221176822436,0.9896481539861967,0.9977579860982553,1.0032908031543488,1.0071270736855196,1.0081961382920899,1.00926520289866
280,0.0,0.14537313978189415,0.26962121334233635,0.3413637765759046,0.4012193444878784,0.45193176055427625,0.48045501802549234,0.5082245712511192,0.5282053399056345,0.5481861085601498,0.562857846635715,0.5745185182346852,0.5885416395999747,0.6056775583542565,0.6228134771085384,0.6261139875747298,0.62914331195176,0.6357040723102803,0.6445318505647102,0.6588869156630511,0.679143062546158,0.6993992094292648,0.7072170795018542,0.7144064255521398,0.7269759989663516,0.7422837836115104,0.7544549137880884,0.761399474324686,0.7683440348612836,0.7752885953978802,0.7822331559344767,0.7916579661221602,0.802520270977299,0.8115808667713993,0.8155887651801483,0.8195966635888973,0.8313636061024505,0.844076829432478,0.8563968407531861,0.8685359225097847,0.8806750042663835,0.8926013811335665,0.9047899491556476,0.9266680191149748,0.9485460890743019,0.9704662600568141,0.9924173148857481,1.0053093012951169,1.0072949859891236,1.00928067068313
281,0.0,0.10275469611020621,0.2131562805400217,0.28124350933342274,0.3330448953803162,0.37471249255612815,0.4031407336370167,0.42957291821248994,0.4438176980472809,0.4580624778820719,0.47102059074936403,0.4833767313224618,0.4986179924658815,0.5240041443332292,0.5493902962005768,0.5485919964015585,0.5457626207609233,0.5489555215465831,0.5571317557735908,0.5711448851129728,0.6026167317765376,0.6340885784401026,0.6442052017409353,0.6533924408710057,0.6668344615264535,0.6824503943144424,0.6979008547018548,0.7121456345366459,0.726390414371437,0.7356275462010236,0.743803780428031,0.7559121780927324,0.7715281108807208,0.7871440436687092,0.7924204543485867,0.7975646795912531,0.8100763000802195,0.8258953928566259,0.8407456995118191,0.8545334968547901,0.8683212941977612,0.8842652834181897,0.9004075897773356,0.9174864255302588,0.9345652612831818,0.9515199615630437,0.9683888220861667,0.9829726266496442,0.9937987471033671,1.00462486755709
282,0.0,0.1570165976559346,0.28919800236283205,0.3789977539793156,0.44717136890966697,0.5122573655374415,0.5572402909178812,0.6019011849726832,0.6237784074900561,0.645655630007429,0.662363262180998,0.6750759930672748,0.6878615735749875,0.7007780371757197,0.7136945007764519,0.723562311296006,0.7327799001002412,0.7392833954054204,0.7434309422305656,0.7514113012414194,0.7711724228726945,0.7889822504024999,0.7927374531198417,0.7964926558371834,0.8034523627523816,0.8126699515566169,0.8212106480397104,0.8281549395803688,0.8350992311210271,0.8432101687973944,0.8514134128846196,0.8581897368013441,0.8641550221793609,0.8703810474538451,0.8773253389945043,0.8842696305351634,0.8935518307971247,0.9031075718925791,0.9126633129880329,0.9222190540834866,0.9317747951789402,0.9518919282971704,0.9718995774756316,0.9852439018598553,0.9985882262440791,1.0089562698812082,1.0171595139684344,1.0241872537406804,1.0283348005658253,1.03248234739097
283,0.0,0.061301791742264765,0.09927983309790364,0.1250247590226916,0.1526717043483225,0.17748278029709558,0.1961913277912044,0.2158954694648577,0.23579143384779888,0.2556029796068667,0.27637765139879955,0.29343152947147677,0.3022834967255287,0.3117423337776029,0.3216368883413046,0.3315314429050063,0.3418356609817589,0.35259747245114187,0.36335928392052486,0.3704682991230614,0.37319164782316566,0.37591499652326993,0.37863834522337425,0.38183117584110216,0.3922981006670892,0.40276502549307625,0.41323195031906323,0.4236988751450503,0.4404045736773135,0.4636605990535197,0.4869166244297258,0.5039985619956663,0.5142338041203656,0.5244690462450649,0.534704288369764,0.5449395304944633,0.5551747726191626,0.5654100147438618,0.575645256868561,0.586179414384097,0.5967922421764565,0.607405069968816,0.6180178977611755,0.628630725553535,0.6392435533458944,0.649856381138254,0.6604692089306134,0.671082036722973,0.6816948645153325,0.692307692307692
284,0.0,0.05198437049549385,0.1039687409909877,0.1216707728777711,0.13135601391994678,0.14104125496212247,0.15072649600429816,0.16041173704647385,0.17668157752642646,0.1989794174209713,0.22127725731551617,0.24357509721006101,0.2658729371046059,0.2881707769991507,0.31046861689369565,0.3314511681814371,0.3484462114441958,0.3654412547069545,0.3824362979697132,0.39943134123247187,0.41509809700041145,0.42269498977744546,0.4302918825544794,0.4378887753315134,0.44548566810854734,0.45308256088558135,0.46067945366261526,0.4682763464396492,0.47587323921668323,0.4834701319937172,0.49106702477075115,0.4986639175477851,0.5060856752092219,0.5125545714068621,0.5190234676045022,0.5254923638021424,0.5319612599997826,0.5384301561974228,0.544899052395063,0.5513679485927031,0.5578368447903433,0.5643057409879836,0.5707746371856237,0.577243533383264,0.5837124295809041,0.5901813257785443,0.5966502219761844,0.6031191181738247,0.6095880143714648,0.616056910569105
285,0.0,0.0038499930112326935,0.007699986022465387,0.011549979033698081,0.015399972044930774,0.024575195192669264,0.03890070255076221,0.05322620990885514,0.06755171726694807,0.081877224625041,0.09620273198313394,0.11052823934122687,0.12485374669931981,0.13917925405741274,0.15350476141550567,0.1678302687735986,0.18215577613169154,0.1964812834897845,0.2163381908957333,0.24583918583666614,0.2753401807775989,0.30484117571853175,0.33434217065946453,0.35670025700875313,0.37536574328783956,0.39403122956692604,0.4126967158460124,0.43136220212509885,0.4500276884041853,0.46869317468327176,0.4873586609623581,0.5060241472414445,0.535234385613659,0.5690399321554235,0.6028454786971881,0.6366510252389523,0.6672255083070666,0.6792714798821746,0.6913174514572825,0.7033634230323904,0.7154093946074984,0.7274553661826064,0.7395013377577143,0.7515473093328223,0.7635932809079302,0.7756392524830381,0.7876852240581461,0.7997311956332541,0.811777167208362,0.82382313878347
286,0.0,0.005106059151362937,0.010212118302725875,0.015318177454088812,0.02042423660545175,0.026965602694034755,0.03485816815306878,0.042750733612102805,0.05064329907113683,0.05853586453017085,0.0807152106990262,0.10357052800428479,0.1264258453095434,0.14928116261480195,0.1721364799200606,0.19499179722531915,0.21784711453057776,0.2407024318358364,0.26421493363329995,0.29108261188342427,0.3179502901335485,0.3448179683836728,0.37168564663379705,0.3972540938536463,0.422249479333373,0.4472448648130997,0.4722402502928263,0.497235635772553,0.5222310212522797,0.5472264067320064,0.572221792211733,0.5972171776914598,0.63115938047133,0.6652574064887364,0.6993554325061428,0.7334534585235492,0.7593519657331556,0.7709257504169849,0.7824995351008142,0.7940733197846433,0.8056471044684727,0.817220889152302,0.8287946738361311,0.8403684585199604,0.8519422432037896,0.8635160278876189,0.8750898125714482,0.8866635972552774,0.8982373819391067,0.909811166622936
287,0.0,0.003734902279136011,0.007469804558272022,0.011204706837408035,0.014939609116544045,0.02137345856544214,0.03249070347001978,0.04360794837459742,0.05472519327917506,0.06677107174646342,0.08548577151881616,0.1042004712911689,0.12291517106352166,0.14162987083587436,0.16034457060822713,0.17905927038057984,0.1977739701529326,0.21648866992528537,0.23874108456038895,0.2767806165747881,0.31482014858918717,0.35285968060358636,0.3908992126179854,0.41894116948819743,0.441598009677581,0.4642548498669646,0.486911690056348,0.5095685302457316,0.5322253704351151,0.5548822106244987,0.5775390508138821,0.6001958910032658,0.6405682368501577,0.6819274576663598,0.7232866784825617,0.7646458992987635,0.7950341424609062,0.8100462706435246,0.8250583988261431,0.8400705270087615,0.8550826551913799,0.8700947833739984,0.8851069115566168,0.9001190397392353,0.9151311679218537,0.9301432961044721,0.9451554242870905,0.9601675524697091,0.9751796806523275,0.990191808834946
288,0.0,0.006617037689584731,0.013234075379169463,0.019851113068754197,0.026468150758338926,0.0361715719108854,0.047584296713736755,0.058997021516588095,0.07040974631943944,0.08179334144355248,0.09310397988479502,0.10441461832603757,0.11572525676728013,0.12703589520852265,0.13834653364976524,0.14965717209100776,0.16096781053225032,0.17227844897349287,0.19177424292154002,0.21979912416215125,0.2478240054027624,0.2758488866433736,0.3038737678839848,0.3242893772862126,0.34187644965344843,0.35946352202068427,0.37705059438792,0.3946376667551558,0.41222473912239166,0.4298118114896275,0.4473988838568632,0.46498595622409905,0.5058153477125261,0.561387245540849,0.6169591433691717,0.6725310411974941,0.7218348648161824,0.7379427938327651,0.7540507228493478,0.7701586518659304,0.786266580882513,0.8023745098990958,0.8184824389156784,0.834590367932261,0.8506982969488437,0.8668062259654263,0.882914154982009,0.8990220839985916,0.9151300130151744,0.931237942031757
289,0.0,0.0052152302172653415,0.010430460434530683,0.015645690651796027,0.020860920869061366,0.031157777446424215,0.04536476070213641,0.059571743957848595,0.07377872721356078,0.0880400389551179,0.10267488992025069,0.11730974088538346,0.13194459185051627,0.14657944281564902,0.1612142937807818,0.17584914474591457,0.19048399571104738,0.2051188466761802,0.22417217058777172,0.25645706017697567,0.2887419497661795,0.32102683935538345,0.3533117289445873,0.3795708477756267,0.4025433229709434,0.4255157981662601,0.4484882733615767,0.4714607485568934,0.4944332237522101,0.5174056989475269,0.5403781741428434,0.5633506493381601,0.5967572402132901,0.6333768980577426,0.6699965559021949,0.7066162137466471,0.7387545776378909,0.7566320809707435,0.7745095843035962,0.7923870876364487,0.8102645909693014,0.828142094302154,0.8460195976350067,0.8638971009678593,0.8817746043007119,0.8996521076335644,0.917529610966417,0.9354071142992697,0.9532846176321224,0.971162120964975
290,0.0,0.06820135155631216,0.0996126774409187,0.1053438716527073,0.12784748824993933,0.15405198167378167,0.1610223530124436,0.16799272435110554,0.17496309568976745,0.18193346702842939,0.18890383836709132,0.19587420970575323,0.21833195706027977,0.24257467919730416,0.26740985411505525,0.2895252513336731,0.3081589191806929,0.3172081731993072,0.32450622693338277,0.3306467921602992,0.3367873573872156,0.342927922614132,0.3490684878410484,0.3728028783767833,0.3965560060349046,0.41284466326841074,0.43136847072263695,0.4512209508080687,0.4684145334434351,0.4824026880036446,0.49485321336028915,0.5073037387169337,0.5197542640735783,0.5322047894302229,0.5557459978210922,0.5795682434823617,0.5992180522084949,0.6289764460697549,0.6647693759584751,0.6957178247021336,0.7231771531523788,0.7456851158750405,0.768193078597702,0.7907010413203637,0.8132090040430251,0.8451102984546417,0.8813849239117603,0.932965671817856,0.9710423871404339,1.0
291,0.0,0.054444624313223604,0.09597506914693425,0.11719826907176226,0.13437900577202733,0.15486620818646527,0.17899323033027129,0.20312025247407728,0.22724727461788327,0.25137429676168926,0.26588270307753575,0.27844992684900643,0.29101715062047706,0.30358437439194774,0.3180931560183154,0.3376171109457528,0.3571410658731903,0.37666502080062775,0.3954142093607205,0.4121430133246746,0.4288718172886287,0.4456006212525828,0.46232942521653686,0.4814537159539819,0.5062394418394285,0.531025167724875,0.5558108936103213,0.5814507915919307,0.6090627209605171,0.6366746503291033,0.6642865796976896,0.6918985090662758,0.7061949328888003,0.7165457621732019,0.7268965914576033,0.7372474207420048,0.7475982500264062,0.7579490793108077,0.7682999085952092,0.7786507378796107,0.7890015671640122,0.8059930749611127,0.8230903120894256,0.8401875492177386,0.8572847863460514,0.8743820234743643,0.8914792606026772,0.9085764977309901,0.925673734859303,0.942770971987616
292,0.0,0.03327369608526513,0.0545842589996474,0.07825322459424741,0.11880867428985101,0.15143351302793484,0.16794516355777137,0.1844568140876079,0.20096846461744441,0.2177275908993037,0.23763478030995952,0.2575419697206153,0.27744915913127116,0.297356348541927,0.3189508092976252,0.3422765829009091,0.3656023565041931,0.38892813010747707,0.4110149161546548,0.425308113398721,0.4396013106427871,0.4538945078868533,0.46818770513091945,0.48567056171901296,0.5041175864805233,0.5225646112420337,0.541011636003544,0.5594586607650543,0.5785417007062773,0.5976456269182604,0.6167495531302433,0.6358534793422264,0.6516794312696373,0.6653723519924298,0.6790652727152222,0.6927581934380146,0.7064511141608071,0.7201440348835995,0.733836955606392,0.7475298763291843,0.7612227970519767,0.7701595336525046,0.7783572127849807,0.7865548919174569,0.794752571049933,0.8029502501824093,0.8111479293148854,0.8193456084473616,0.8275432875798379,0.835740966712314
293,0.0,0.024237320052336603,0.07167499520502235,0.12124589231158825,0.16359960406835775,0.18260383316227122,0.18693940891270075,0.19127498466313028,0.19561056041355981,0.19994613616398932,0.225361336127559,0.25448434806337694,0.28360735999919495,0.31273037193501285,0.341663588943878,0.37044420884547913,0.3992248287470803,0.4280054486486815,0.45678606855028264,0.46225412040339914,0.4661150692050376,0.4699760180066761,0.47383696680831455,0.4894009771405468,0.5058592831730887,0.5223175892056305,0.5387758952381724,0.553449938653851,0.5602080854747004,0.5669662322955498,0.5737243791163992,0.5804825259372486,0.5809595662963848,0.581207752152624,0.5814559380088632,0.5817041238651025,0.5819523097213417,0.5822004955775809,0.5824486814338201,0.5826968672900593,0.5848735510195189,0.5956281413315668,0.6063827316436147,0.6171373219556626,0.6278919122677105,0.6386465025797584,0.6494010928918063,0.6601556832038542,0.670910273515902,0.68166486382795
294,0.0,0.011067366145838656,0.0673870424775475,0.11154095496641048,0.13103138232689496,0.15026329038635164,0.16904856842476557,0.1878338464631795,0.2066191245015934,0.2254044025400073,0.24088731161002297,0.25612354355059763,0.27135977549117235,0.28659600743174696,0.3013712517298972,0.31566526369160514,0.3299592756533131,0.3442532876150211,0.35854729957672904,0.3678471682725629,0.3768186512235255,0.38579013417448804,0.3947616171254506,0.40229503591536886,0.4088558781490699,0.41541672038277083,0.4219775626164718,0.43066356212116086,0.4456782501631003,0.46069293820503976,0.47570762624697915,0.4907223142889186,0.49695621246945637,0.5024074003805701,0.5078585882916837,0.5133097762027975,0.5187609641139111,0.5242121520250249,0.5296633399361386,0.5351145278472522,0.540565715758366,0.549775544411363,0.5594091460214974,0.5690427476316318,0.5786763492417661,0.5883099508519005,0.5979435524620349,0.6075771540721693,0.6172107556823037,0.626844357292438
295,0.0,0.08605072094850698,0.12717768623003248,0.15601733023110975,0.18371262211548448,0.20628031464701807,0.2222944436115418,0.23830857257606552,0.2543227015405892,0.270336830505113,0.29116586897435315,0.31275350515214917,0.3343411413299452,0.35592877750774116,0.3719401035206356,0.38450735426532,0.39707460501000447,0.409641855754689,0.4224351014674222,0.440461105439362,0.4584871094113018,0.4765131133832416,0.49453911735518136,0.5113245109949514,0.5275397877860889,0.5437550645772266,0.559970341368364,0.5795352089341811,0.6059617210505293,0.6323882331668774,0.6588147452832254,0.6852412573995735,0.708845814183485,0.732017285051401,0.7551887559193169,0.7783602267872327,0.8015316976551486,0.8247031685230646,0.8478746393909805,0.8710461102588962,0.8933822409706603,0.9000031419931237,0.9066240430155872,0.9132449440380506,0.9198658450605139,0.9264867460829774,0.9331076471054408,0.9397285481279042,0.9463494491503677,0.952970350172831
296,0.0,0.04419709498271428,0.07285189176964688,0.09710143703587941,0.12381135364626614,0.14877486213973726,0.17221310563662198,0.1956513491335067,0.21908959263039143,0.24230860789562575,0.26231410467504235,0.282319601454459,0.30232509823387566,0.32233059501329225,0.33802932259232177,0.34912169097969425,0.3602140593670668,0.37130642775443934,0.3823945478155188,0.39289984631681546,0.4034051448181121,0.4139104433194088,0.4244157418207054,0.43570043909120976,0.447673553425742,0.45964666776027424,0.4716197820948065,0.48329569240018416,0.49346345979027917,0.5036312271803742,0.5137989945704692,0.5239667619605642,0.5360423825354054,0.548602754934516,0.5611631273336267,0.5737234997327373,0.586283872131848,0.5988442445309587,0.6114046169300694,0.62396498932918,0.6365253617282907,0.6441855499318921,0.6509600030976774,0.6577344562634626,0.6645089094292479,0.6712833625950331,0.6780578157608184,0.6848322689266035,0.6916067220923888,0.698381175258174
297,0.0,0.05444445114465738,0.09329853664473603,0.12225132046704407,0.14996765679099552,0.17182181365168,0.18883014898555076,0.2058384843194215,0.22284681965329226,0.2395540799709462,0.253028060906354,0.26650204184176185,0.2799760227771697,0.2934500037125775,0.30779502267242626,0.3226711997318178,0.33754737679120933,0.35242355385060087,0.36732575341250107,0.38273271946010096,0.3981396855077008,0.41354665155530074,0.42895361760290057,0.4388542880086509,0.4474099469748691,0.4559656059410872,0.46452126490730533,0.47209896238963117,0.4763722255639125,0.4806454887381939,0.4849187519124753,0.48919201508675664,0.49690207912139817,0.504689900039094,0.5124777209567898,0.5202655418744855,0.5280533627921813,0.5358411837098771,0.5436290046275729,0.5514168255452686,0.5592046464629644,0.5651569035265034,0.5709824367951929,0.5768079700638825,0.5826335033325721,0.5884590366012616,0.5942845698699513,0.6001101031386409,0.6059356364073304,0.61176116967602
298,0.0,0.17398701956707643,0.23108411616358632,0.2707537222730913,0.3028458012762454,0.3329071158858688,0.3620838833630726,0.3794568674749518,0.39169284660225545,0.405612382279084,0.42311169396927006,0.4406110056594561,0.4553093426744658,0.46854149161122444,0.48177364054798316,0.4955693896013412,0.5128780928101705,0.5301867960189998,0.5448980980120914,0.5594739865731715,0.5710867626779476,0.5825547321006285,0.593927154563293,0.6052528876581583,0.6167546848479143,0.6297585615370807,0.6427624382262469,0.6557663149154132,0.66904385028396,0.6829550977263417,0.6964592430683985,0.7084281011060553,0.7204901138147021,0.7365279171533984,0.7524067509082343,0.7622286075117393,0.7720504641152443,0.7836261937267056,0.7982656522533609,0.8139273390943882,0.8343484488869259,0.8547695586794637,0.8751906684720013,0.8991301885872889,0.9271023330850687,0.950038838202914,0.9597609138341766,0.9681692264671105,0.9707802908874057,0.973391355307701
299,0.0,0.2799350776252086,0.3909363122403405,0.5019375468554723,0.5355561482440033,0.5646413379311442,0.5937265276182851,0.6140649610817785,0.6326226930431569,0.6511804250045351,0.6697381569659134,0.6882958889272917,0.70685362088867,0.7280817855886498,0.7504623745716208,0.7728429635545917,0.7952235525375626,0.8176041415205336,0.8399847305035045,0.8559239218289514,0.8668149322900062,0.8777059427510608,0.8885969532121156,0.8994879636731704,0.9103789741342252,0.9183972200820838,0.922752296019457,0.9271073719568302,0.9314624478942034,0.9358175238315766,0.9401725997689498,0.946028854256704,0.9540692928153743,0.9621097313740445,0.9701501699327147,0.978190608491385,0.9862310470500553,0.9927877167123862,0.9937946515610778,0.9948015864097695,0.9958085212584612,0.9968154561071528,0.9978223909558446,0.9985242896544817,0.9978694822924368,0.9972146749303918,0.9965598675683469,0.9959050602063019,0.9952502528442569,0.994595445482212
300,0.0,0.1563666097554479,0.2491915528442294,0.3241435924612774,0.34104562328170324,0.35794765410212914,0.37318462839782773,0.38655013420292383,0.39991564000802,0.4132811458131161,0.42664665161821225,0.4398704340672992,0.44940195013614986,0.4589334662050005,0.4684649822738511,0.4779964983427017,0.48752801441155236,0.49598594941890567,0.5037373988244996,0.5114888482300936,0.5192402976356875,0.5269917470412814,0.5372430685761781,0.5544425641175197,0.5716420596588614,0.588841555200203,0.6060410507415446,0.6232405462828862,0.6309271833506099,0.6366756033522805,0.642424023353951,0.6481724433556215,0.6539208633572919,0.6596692833589625,0.665417703360633,0.6711661233623035,0.6769145433639739,0.6826629633656445,0.6882651784480571,0.6915086208331088,0.6947520632181605,0.6979955056032123,0.701238947988264,0.7044823903733157,0.7077258327583674,0.7109692751434191,0.7142127175284708,0.7174561599135226,0.7206996022985743,0.723943044683626
301,0.0,0.177033567218472,0.27668618205599166,0.3694951616219427,0.42215481426135654,0.4748144669007704,0.504422388071734,0.5171101831143411,0.5297979781569481,0.5424857731995552,0.5551735682421621,0.5672840849596459,0.5700619354209723,0.5728397858822987,0.5756176363436251,0.5783954868049515,0.5811733372662778,0.5832751588611504,0.5848006536885785,0.5863261485160065,0.5878516433434346,0.5893771381708627,0.5913182639942791,0.5935455619788678,0.5957728599634564,0.598000157948045,0.6002274559326336,0.6024547539172223,0.6052348748931017,0.6080878956040963,0.610940916315091,0.6137939370260855,0.6166469577370802,0.6194999784480748,0.6223529991590695,0.6252060198700641,0.6280590405810588,0.6309120612920533,0.6335666307142048,0.6349166747523429,0.636266718790481,0.6376167628286192,0.6389668068667573,0.6403168509048954,0.6416668949430335,0.6430169389811716,0.6443669830193097,0.6457170270574478,0.6470670710955859,0.648417115133724
302,0.0,0.03228700905675277,0.0565699338831239,0.09918966078003688,0.14475248566050916,0.18777293327754527,0.2307933808945814,0.2539188601848437,0.2780679279193187,0.3023244164103284,0.3265809049013382,0.3508373933923479,0.3683954356221478,0.38215897683148564,0.39592251804082357,0.4096860592501614,0.4234496004594993,0.4372131416688372,0.45097668287817505,0.4673732950859548,0.4852956259555133,0.5032179568250718,0.5211402876946303,0.5390626185641888,0.5569849494337473,0.5742924474670424,0.5854017529565817,0.5965110584461212,0.6076203639356605,0.6187296694251999,0.6296516076780172,0.6396209449927827,0.6495902823075482,0.6595596196223137,0.6695289569370793,0.6794982942518446,0.6894676315666102,0.6974140149020559,0.7051130601506755,0.7128121053992952,0.7205111506479148,0.7282101958965345,0.7359092411451542,0.7398795129212843,0.7394761413323405,0.7390727697433969,0.7386693981544531,0.7382660265655094,0.7378626549765657,0.737459283387622
303,0.0,0.012068962862384425,0.05422364017026471,0.10873179643642289,0.15008353232257507,0.20354602520393833,0.22668318015596103,0.29536082094831295,0.32006747618710435,0.3436529720881613,0.3672384679892182,0.3908239638902752,0.41440945979133215,0.4301470034206088,0.44494211089277136,0.45973721836493386,0.4745323258370965,0.4846601101938211,0.49244371294471223,0.5002273156956033,0.5080109184464945,0.5157945211973856,0.5235781239482766,0.5313617266991678,0.540747895764334,0.5501838161620805,0.5596197365598269,0.5682482147667912,0.5768178589796966,0.585387503192602,0.5933405698999878,0.6012184232179781,0.6090962765359685,0.6169741298539589,0.6248519831719492,0.6327298364899396,0.6406076898079299,0.646254071661237,0.646254071661237,0.646254071661237,0.646254071661237,0.646254071661237,0.646254071661237,0.646254071661237,0.646254071661237,0.646254071661237,0.646254071661237,0.646254071661237,0.646254071661237,0.646254071661237
304,0.0,0.13958848862662918,0.18373428889972176,0.22203000477815515,0.23440792872778665,0.2432566214360492,0.25210531414431175,0.26095400685257425,0.2698026995608368,0.27870573731538884,0.29480949370325854,0.31091325009112825,0.32701700647899795,0.3429896954022878,0.3582399148866742,0.3734901343710606,0.3887403538554471,0.4039905733398335,0.4192407928242199,0.4344910123086064,0.44974123179299275,0.4649914512773792,0.4802416707617656,0.49549189024615203,0.515879987992251,0.5369926583137197,0.5581053286351882,0.579217998956657,0.6003306692781257,0.6214433395995944,0.642556009921063,0.6558784422262345,0.6683604339155403,0.6808424256048461,0.6933244172941518,0.7058064089834576,0.7182884006727634,0.7311041430668134,0.7465565160283407,0.762008888989868,0.7774612619513953,0.7929136349129225,0.8083660078744499,0.8238183808359772,0.8371136929122084,0.8370002481338973,0.8368868033555862,0.8367733585772751,0.8366599137989641,0.836546469020653
305,0.0,0.01672991814980473,0.15436477722334668,0.19207348162449422,0.2170942161008298,0.24156670496313012,0.2741845572339518,0.32904551727419684,0.3429021808590184,0.354597190308501,0.361888332948102,0.3691078679972984,0.37632740304649476,0.38354693809569107,0.39076647314488744,0.39836182708494045,0.409195005315449,0.42002818354595756,0.4308613617764661,0.44169454000697467,0.4525277182374832,0.4633608964679918,0.47419407469850033,0.4850272529290089,0.49586043115951745,0.5066936093900261,0.5175267876205345,0.5283599658510431,0.5391931440815516,0.5500263223120603,0.5613500997544778,0.5730009433381682,0.5846517869218585,0.5963026305055488,0.6079534740892392,0.6196043176729293,0.6312551612566197,0.64290600484031,0.6545568484240003,0.6662076920076906,0.6778585355913809,0.6895093791750713,0.7011602227587616,0.7128110663424518,0.7244619099261421,0.7278731695876215,0.7278200587363524,0.7277669478850832,0.7277138370338141,0.727660726182545
306,0.0,0.05320279541974731,0.09382787184386313,0.13316885468094558,0.14991429597777217,0.1666597372745988,0.18486400096966452,0.20433029577171127,0.22379659057375806,0.24661642121667895,0.27168957404920935,0.29642130566325264,0.31713413931992085,0.337846972976589,0.3585598066332572,0.37927264028992536,0.39998547394659356,0.41834230252796833,0.4333272339373626,0.44831216534675694,0.47382919322927064,0.4993561664342341,0.5248831396391974,0.5504101128441609,0.5759370860491243,0.6017855002089209,0.628746109089017,0.6557067179691132,0.6826673268492094,0.7096279357293056,0.7365885446094017,0.7634081591194715,0.7902064355967131,0.8170047120739549,0.8401597776543109,0.8610168178997074,0.8787926142283664,0.8895273862348966,0.9002621582414267,0.9109969302479569,0.9217317022544871,0.9324664742610173,0.9432012462675473,0.9498648817201526,0.9460859606308475,0.9423070395415424,0.9385281184522373,0.9347491973629323,0.9309702762736272,0.927191355184322
307,0.0,0.012202191975865135,0.02440438395173027,0.030898750129551962,0.03557557561520314,0.04641575144644641,0.059008286842620286,0.06704478295561112,0.0671575660955928,0.06727034923557448,0.073341625522474,0.0802977856942946,0.0872539458661152,0.09421010603793578,0.10638275008619756,0.11907490745277427,0.13176706481935102,0.14445922218592777,0.16193708624840372,0.182612766143754,0.20328844603910418,0.22396412593445444,0.24463980582980466,0.2797052304778581,0.31917590211416785,0.35864657375047765,0.39811724538678717,0.43758791702309696,0.4770585886594067,0.5174373120836272,0.5618414396217714,0.6062455671599157,0.6506496946980601,0.6950538222362045,0.7196634274928083,0.7381487409770835,0.7566340544613588,0.7751193679456341,0.7936046814299094,0.7989567230093149,0.8019074566460911,0.8048581902828674,0.8078089239196438,0.81075965755642,0.8137103911931963,0.8181965634995996,0.8243639256707592,0.8305312878419188,0.8366986500130784,0.842866012184238
308,0.0,0.021626675835210128,0.09268023704907724,0.13008621538262521,0.13370789339917322,0.12405720410608692,0.11547528972174623,0.12782355063367462,0.14017181154560301,0.14311477322760727,0.1437103752367129,0.14430597724581853,0.1475751483268845,0.15982436611435394,0.1720735839018234,0.18432280168929283,0.19657201947676228,0.22258941808318616,0.2606018227061211,0.29861422732905607,0.336626631951991,0.37463903657492603,0.41265144119786096,0.450663845820796,0.488676250443731,0.5373227547918384,0.5981093440863097,0.6588959333807812,0.7196825226752528,0.7804691119697243,0.8412557012641956,0.9020422905586671,0.9628288798531387,1.0033269912769485,1.0032481469594337,1.0031693026419186,1.0030904583244038,1.0030116140068888,1.002932769689374,1.0028539253718591,1.002775081054344,1.0026962367368293,1.0026173924193145,1.0025385481017994,1.0024597037842846,1.0023808594667696,1.0023020151492548,1.00222317083174,1.002144326514225,1.00206548219671
309,0.0,0.018538885480584574,0.03707777096116915,0.047357806927398716,0.05405866347623523,0.06086034175931533,0.06793313213283901,0.07500592250636268,0.07477312326402155,0.07433064956214903,0.07388817586027653,0.07344570215840401,0.07301611399351798,0.07260767850418333,0.07219924301484867,0.07179080752551402,0.07138237203617936,0.08545701307911342,0.12105775964639212,0.15665850621367092,0.1922592527809496,0.2278599993482284,0.2634607459155071,0.2990614924827859,0.35879105937356115,0.4340611369922025,0.5093312146108434,0.5846012922294848,0.659871369848126,0.7351414474667674,0.8104115250854083,0.8856816027040496,0.9609516803226908,0.9920143055944942,0.9922593464541879,0.9925043873138816,0.9927494281735753,0.9929944690332689,0.9932395098929626,0.9934845507526562,0.9937295916123499,0.9939746324720435,0.9942196733317372,0.9944647141914309,0.9947097550511246,0.9949547959108183,0.9951998367705119,0.9954448776302056,0.9956899184898993,0.995934959349593
310,0.0,0.04487154690616826,0.3465256487315379,0.5082735904644107,0.5257807660621083,0.521672048925901,0.5242103252379291,0.578047750985752,0.6318851767335749,0.6510871321316432,0.6616448217425882,0.6722025113535331,0.6806415795024663,0.6819645720348807,0.683287564567295,0.6846105570997093,0.6859335496321237,0.6989920247423851,0.7198565736572361,0.7407211225720872,0.7615856714869383,0.7824502204017895,0.8033147693166405,0.8241793182314916,0.8450438671463427,0.8597709581622038,0.8691219468159127,0.8784729354696216,0.8878239241233303,0.8971749127770392,0.9065259014307481,0.9158768900844569,0.9252278787381658,0.9322006694210018,0.9364437024329223,0.9406867354448428,0.9449297684567634,0.9491728014686839,0.9534158344806044,0.9576588674925249,0.9619019005044455,0.966144933516366,0.9703879665282865,0.9746309995402069,0.9788740325521275,0.983117065564048,0.9873600985759685,0.991603131587889,0.9958461645998096,1.00008919761173
311,0.0,0.09300002329845668,0.13911153387998243,0.1922030947064543,0.2341570094593549,0.26170154774442417,0.29787467609711443,0.4147448532157094,0.5316150303343044,0.549357336029225,0.5567299501237715,0.564102564218318,0.5932422933713584,0.6683428679664646,0.743443442561571,0.8185440171566772,0.8936445917517836,0.9219102338788595,0.9294717979212531,0.9370333619636467,0.9445949260060403,0.9521564900484341,0.9597180540908277,0.9672796181332213,0.974841182175615,0.9795622520869637,0.9826119550719895,0.9856616580570153,0.9887113610420412,0.9917610640270671,0.9948107670120929,0.9978604699971187,1.0009101729821446,1.0021869835922022,1.0024313946786645,1.002675805765127,1.0029202168515894,1.0031646279380517,1.003409039024514,1.0036534501109764,1.0038978611974387,1.004142272283901,1.0043866833703634,1.0046310944568257,1.004875505543288,1.0051199166297506,1.005364327716213,1.0056087388026753,1.0058531498891377,1.0060975609756
312,0.0,0.2245373575955238,0.28286207215180964,0.32242231847198266,0.3604175881448109,0.3984128578176392,0.4364081274904674,0.45105588908879785,0.4631687244444273,0.47528155980005676,0.48739439515568617,0.4995072305113156,0.5116200658669451,0.5295646880189283,0.5506223739030716,0.5716800597872147,0.592737745671358,0.6137954315555012,0.6348531174396445,0.6474281589717811,0.6539455540175327,0.6604629490632844,0.666980344109036,0.6734977391547876,0.6800151342005394,0.6889874204049401,0.7012165580420067,0.7134456956790732,0.7256748333161398,0.7379039709532065,0.7501331085902729,0.7587152341398085,0.7630074334321392,0.7672996327244699,0.7715918320168006,0.7758840313091313,0.7801762306014621,0.7847418811563613,0.7899242695389952,0.795106657921629,0.800289046304263,0.8054714346868969,0.8106538230695307,0.8162482968037974,0.8241003662561552,0.8319524357085132,0.8398045051608711,0.8476565746132291,0.855508644065587,0.863360713517945
313,0.0,0.2820771269441825,0.42654328759295423,0.5024279058603206,0.5633448431988938,0.6172942705156593,0.654965890576238,0.6894904528757356,0.7195922905531086,0.7496941282304814,0.7714655658519841,0.7899561366783929,0.8074915720822042,0.8193482932462094,0.8312050144102144,0.8443234263770135,0.8576889431165765,0.8710544598561396,0.8844199765957026,0.8946734118451031,0.9017447386217694,0.9088160653984357,0.915887392175102,0.9229587189517683,0.9295050486030949,0.9357006159829065,0.941896183362718,0.9480917507425296,0.954025167200421,0.957860990199121,0.9616968131978209,0.9655326361965209,0.9693684591952207,0.9725021892224759,0.9748843563128189,0.9772665234031618,0.9796486904935048,0.9820308575838478,0.9835234325912029,0.9848621940374814,0.9862009554837599,0.9875397169300383,0.9888784783763168,0.9902172398225952,0.9915560012688737,0.9928947627151522,0.9942335241614306,0.995572285607709,0.9969110470539876,0.998249808500266
314,0.0,0.09160245730945457,0.16545269599205445,0.21029592370700217,0.23888438577942933,0.25663073078524956,0.27437707579106974,0.29212342079688997,0.30986976580271014,0.3221842063301798,0.33215762405216526,0.34213104177415066,0.3531164899240709,0.36593833765845496,0.378760185392839,0.39158203312722306,0.4044038808616071,0.419507256591805,0.4367770373455505,0.45404681809929603,0.47118764617306846,0.4860746056664422,0.5009615651598159,0.5158485246531896,0.5307354841465634,0.5454116340413723,0.5598220292826712,0.5742324245239703,0.5870054206195642,0.5937686220485054,0.6005318234774468,0.6072950249063882,0.6140582263353296,0.6203032924315718,0.6250462414165033,0.6297891904014349,0.6345321393863664,0.639275088371298,0.6440180373562295,0.648760986341161,0.6535039353260925,0.6576358803189172,0.6590917825108682,0.6605476847028193,0.6620035868947705,0.6634594890867216,0.6649153912786727,0.6663712934706237,0.6678271956625749,0.669283097854526
315,0.0,0.04130882075488524,0.09817250291011219,0.12246152778222737,0.14206660686252517,0.1602919189653882,0.17851723106825124,0.19674254317111428,0.2149678552739773,0.23263164920599289,0.24986079518149473,0.2670899411569966,0.2842200652752348,0.30042518033659565,0.3166302953979565,0.33283541045931736,0.34904052552067827,0.3647281047426822,0.3800554790204937,0.39538285329830525,0.410593609500315,0.4249700979292814,0.43934658635824786,0.4537230747872143,0.4680995632161808,0.48025220570833244,0.4901810022636692,0.500109798819006,0.5100385953743428,0.5192497784042973,0.528396394664616,0.5375430109249346,0.5466896271852533,0.5549351765824061,0.561025374042866,0.567115571503326,0.5732057689637859,0.579295966424246,0.5853861638847059,0.5914763613451659,0.5975665588056258,0.6032547569185767,0.6073857851451988,0.611516813371821,0.6156478415984431,0.6197788698250652,0.6239098980516874,0.6280409262783097,0.6321719545049318,0.636302982731554
316,0.0,0.42284874315579785,0.6102966362424361,0.6801104121103094,0.7107096795472527,0.7219790083889098,0.7332483372305669,0.744517666072224,0.755786994913881,0.7624270455159606,0.7672777660286909,0.7721284865414212,0.7770932137722428,0.7848019983382192,0.7925107829041955,0.8002195674701719,0.8079283520361483,0.8144123760770342,0.8191115961164165,0.8238108161557987,0.8283277041805036,0.8308016314606176,0.8332755587407314,0.8357494860208454,0.8382234133009593,0.8411352629649225,0.8443766654157234,0.8476180678665244,0.8505662434039563,0.8515065069382285,0.8524467704725006,0.8533870340067727,0.8543272975410449,0.8551146364897592,0.8556519556358986,0.8561892747820381,0.8567265939281775,0.857263913074317,0.8578012322204565,0.858338551366596,0.8588758705127354,0.8594143128103996,0.8599674344233852,0.8605205560363709,0.8610736776493566,0.8616267992623423,0.862179920875328,0.8627330424883136,0.8632861641012993,0.863839285714285
317,0.0,0.22314951355088408,0.3617198753090397,0.43935479213423195,0.4737984245395145,0.48777559336941245,0.5017527621993104,0.5157299310292083,0.5297070998591062,0.5374704483491641,0.5435180568184049,0.5495656652876457,0.5570371498364317,0.5664407529842066,0.5758443561319816,0.5852479592797565,0.5946515624275315,0.6042570345186946,0.6139845216809667,0.6237120088432389,0.6332525450896641,0.6416672938799612,0.6500820426702583,0.6584967914605554,0.6669115402508524,0.672695043866135,0.6765887633053678,0.6804824827446005,0.6842728303343636,0.6871685067766744,0.6900641832189852,0.692959859661296,0.6958555361036068,0.6978709663496379,0.6987015498121874,0.6995321332747367,0.7003627167372862,0.7011933001998357,0.7020238836623852,0.7028544671249346,0.7036850505874841,0.7044378838480236,0.7049835998342892,0.7055293158205547,0.7060750318068203,0.7066207477930858,0.7071664637793513,0.7077121797656168,0.7082578957518825,0.708803611738148
318,0.0,0.3617386205248078,0.46125834567921464,0.5103562914259258,0.5237892020462164,0.5322311468243169,0.5406730916024175,0.5491150363805181,0.5575569811586187,0.5636117356013777,0.5696650482564646,0.5757183609115515,0.5806559368051916,0.5825815354584839,0.5845071341117763,0.5864327327650687,0.5883583314183611,0.5906697218557501,0.5932591133682816,0.5958485048808132,0.5984731656666457,0.6014372039974839,0.6044012423283223,0.6073652806591605,0.6103293189899989,0.6124418329110345,0.6137829690680369,0.6151241052250392,0.6164093480984559,0.6173975956135292,0.6183858431286027,0.619374090643676,0.6203623381587493,0.620767494356659,0.620767494356659,0.620767494356659,0.620767494356659,0.620767494356659,0.620767494356659,0.620767494356659,0.620767494356659,0.6212504701908206,0.6228831004688866,0.6245157307469528,0.6261483610250188,0.6277809913030848,0.6294136215811509,0.6310462518592169,0.632678882137283,0.634311512415349
319,0.0,0.26389365539323956,0.43496847558536256,0.49107426310914415,0.5112891935921644,0.5204670213777984,0.5296448491634325,0.5388226769490665,0.5480005047347005,0.5547649803257546,0.5611362107356609,0.5675074411455672,0.5725455256339633,0.5743916316945441,0.576237737755125,0.5780838438157058,0.5799299498762867,0.5833683966307832,0.5869841635415697,0.5905999304523563,0.5935667181246752,0.5952492236129481,0.5969317291012208,0.5986142345894936,0.6002967400777665,0.6026031158227395,0.6056247964482762,0.6086464770738127,0.6116303347523881,0.6128335903063572,0.6140368458603263,0.6152401014142953,0.6164433569682644,0.6174494711409717,0.6179226188391507,0.6183957665373296,0.6188689142355087,0.6193420619336877,0.6198152096318666,0.6202883573300456,0.6207615050282246,0.6212337956307139,0.6217025340804078,0.6221712725301017,0.6226400109797956,0.6231087494294895,0.6235774878791833,0.6240462263288773,0.6245149647785712,0.624983703228265
320,0.0,0.3243795547173533,0.5116527958412157,0.6347972663843993,0.6857902139220874,0.7055536322183615,0.7135802145857679,0.7216067969531742,0.7295029348000581,0.7306033677600959,0.7317038007201336,0.7330495744469,0.7357199505038877,0.7383903265608753,0.7410607026178629,0.7437310786748507,0.7464014547318382,0.7490718307888257,0.7517422068458132,0.7544125829028007,0.757082958959788,0.7591022924286588,0.7601611326204226,0.7612199728121865,0.7657478432816326,0.7747742289505491,0.7838006146194655,0.792827000288382,0.8018533859572985,0.8090087873079223,0.8152362573167597,0.8214637273255974,0.8279801719829796,0.8347979001306816,0.8416156282783835,0.8481786785657203,0.8524229908845806,0.856667303203441,0.8609116155223013,0.8651559278411617,0.869400240160022,0.8736445524788824,0.8778888647977428,0.8805734303307255,0.8805094044216497,0.880445378512574,0.8803813526034983,0.8803173266944225,0.8802533007853467,0.880189274876271
321,0.0,0.0751603601569294,0.13806033782606722,0.1593713691381687,0.1806824004502702,0.2019934317623717,0.22143482534825695,0.23972122203476232,0.2580076187212677,0.2762940154077731,0.2945804120942785,0.3128668087807839,0.33115320546728927,0.3521233985841612,0.3745942032659947,0.39706500794782806,0.4195358126296615,0.442006617311495,0.46447742199332837,0.4869482266751618,0.5094190313569952,0.5318898360388287,0.554360640720662,0.5768314454024955,0.5993022500843289,0.6224464041078457,0.6467479906290399,0.6710495771502342,0.6953511636714286,0.7196527501926229,0.743954336713817,0.7682559232350114,0.7925575097562056,0.8168590962773999,0.8411606827985942,0.8654622693197884,0.8897638558409827,0.9119202443329962,0.9130063152789801,0.914092386224964,0.9151784571709479,0.9162645281169318,0.9173505990629157,0.9184366700088996,0.9195227409548835,0.9206088119008674,0.9216948828468513,0.9227809537928352,0.9238670247388191,0.924953095684803
